date,pm2_5_mean,pm10_mean,co_mean,dust_mean,temperature_mean,humidity_mean,wind_speed_mean,wind_direction_mean,precipitation_sum,pressure_mean,hours_count
2023-01-01,28.041666666666668,40.375,1588.5833333333333,0.0,21.095833333333335,72.20833333333333,4.2250000000000005,190.5,0.0,981.3791666666666,24
2023-01-02,28.200000000000003,40.56666666666667,1792.6666666666667,0.0,20.641666666666666,66.95833333333333,4.529166666666667,261.0,0.0,981.9166666666666,24
2023-01-03,21.95,31.558333333333334,1381.875,0.0,20.2375,68.375,4.645833333333333,249.08333333333334,0.0,981.9250000000001,24
2023-01-04,26.1875,37.62916666666667,1475.75,0.0,21.504166666666666,72.625,4.379166666666666,259.75,0.0,981.25,24
2023-01-05,24.454166666666666,35.0625,1562.8333333333333,0.0,22.583333333333332,70.29166666666667,3.9875000000000003,252.375,0.0,980.8625000000001,24
2023-01-06,16.158333333333335,23.166666666666668,1001.2083333333334,0.0,22.212500000000002,62.041666666666664,6.354166666666667,230.25,0.0,981.7666666666668,24
2023-01-07,16.104166666666668,23.016666666666666,856.6666666666666,0.0,20.820833333333333,52.666666666666664,8.7875,237.08333333333334,0.0,980.6083333333332,24
2023-01-08,24.1375,34.520833333333336,1491.4166666666667,0.0,19.441666666666666,64.0,4.683333333333334,237.16666666666666,0.0,979.5500000000001,24
2023-01-09,28.145833333333332,40.266666666666666,1714.5833333333333,0.0,20.8625,65.08333333333333,4.220833333333333,219.83333333333334,0.0,979.775,24
2023-01-10,28.929166666666664,41.420833333333334,1678.125,0.0,22.508333333333336,65.95833333333333,3.9125,219.95833333333334,0.0,978.0500000000001,24
2023-01-11,32.25416666666667,46.17083333333333,1631.2083333333333,0.0,23.108333333333334,68.83333333333333,4.5249999999999995,189.70833333333334,0.8,976.1875,24
2023-01-12,23.4875,33.67916666666667,1088.0416666666667,0.0,22.558333333333334,70.70833333333333,5.154166666666667,231.95833333333334,0.0,975.225,24
2023-01-13,25.816666666666666,36.96666666666667,1632.9166666666667,0.0,21.412499999999998,64.375,4.425,230.04166666666666,0.0,976.0124999999999,24
2023-01-14,27.004166666666666,38.63333333333333,1686.9166666666667,0.0,20.829166666666666,62.708333333333336,3.8958333333333335,249.375,0.0,974.7041666666668,24
2023-01-15,30.75,44.04583333333333,1910.375,0.25,21.47083333333333,55.833333333333336,3.4499999999999997,223.54166666666666,0.0,974.8458333333333,24
2023-01-16,28.650000000000002,41.025,1595.5833333333333,0.0,20.875,56.166666666666664,4.0,251.04166666666666,0.0,976.2791666666667,24
2023-01-17,26.441666666666666,37.887499999999996,1188.0416666666667,0.0,21.545833333333334,64.95833333333333,4.8999999999999995,236.125,0.0,977.7416666666667,24
2023-01-18,30.383333333333336,43.550000000000004,1210.5416666666667,0.0,22.537499999999998,69.83333333333333,5.345833333333334,227.83333333333334,0.0,979.4041666666667,24
2023-01-19,29.349999999999998,42.104166666666664,1422.0416666666667,0.0,22.27916666666667,68.79166666666667,5.4375,241.54166666666666,0.0,979.0916666666667,24
2023-01-20,30.083333333333332,43.12916666666666,1325.0416666666667,0.125,22.304166666666664,64.70833333333333,4.9624999999999995,222.91666666666666,0.0,978.9583333333334,24
2023-01-21,28.72083333333333,41.17916666666667,1291.6666666666667,0.0,22.21666666666667,59.5,3.7083333333333335,242.125,0.0,978.0,24
2023-01-22,30.420833333333334,43.574999999999996,1338.5833333333333,0.0,22.71666666666667,56.791666666666664,3.625,227.375,0.0,976.7458333333334,24
2023-01-23,29.816666666666666,42.72083333333333,698.0416666666666,0.0,22.3625,58.666666666666664,3.1666666666666665,239.375,0.0,975.8291666666668,24
2023-01-24,34.42916666666667,49.333333333333336,750.2083333333334,0.0,22.1375,59.041666666666664,5.7375,209.25,0.0,977.8583333333332,24
2023-01-25,33.391666666666666,47.84166666666667,904.0416666666666,0.0,22.162499999999998,55.875,4.920833333333333,222.375,0.0,977.8874999999999,24
2023-01-26,30.383333333333336,43.487500000000004,1156.625,0.0,22.25,58.541666666666664,4.791666666666667,219.83333333333334,0.0,976.8333333333334,24
2023-01-27,37.24583333333333,53.44166666666666,1512.125,0.0,22.712500000000002,62.5,4.0249999999999995,244.04166666666666,0.0,977.1708333333332,24
2023-01-28,30.3,43.5625,1437.1666666666667,0.0,22.579166666666666,60.666666666666664,4.841666666666667,236.41666666666666,0.0,977.9833333333332,24
2023-01-29,35.62916666666667,51.06666666666666,1934.625,0.0,21.53333333333333,63.708333333333336,3.9875000000000003,228.45833333333334,0.0,979.5749999999999,24
2023-01-30,44.4375,63.57916666666667,2430.0416666666665,0.0,20.266666666666666,61.708333333333336,5.0125,236.625,0.0,980.1875,24
2023-01-31,44.62916666666666,63.85833333333333,2413.3333333333335,0.0,21.2375,61.666666666666664,4.379166666666666,242.83333333333334,0.0,976.6791666666667,24
2023-02-01,39.57083333333333,56.645833333333336,1466.9166666666667,0.0,23.212500000000002,61.083333333333336,3.8249999999999997,230.20833333333334,0.0,975.0458333333332,24
2023-02-02,42.90833333333333,61.5,1617.6666666666667,0.0,24.72083333333333,59.833333333333336,4.183333333333334,219.375,0.0,975.6625,24
2023-02-03,35.24583333333333,50.77916666666667,1417.9583333333333,0.0,24.9875,59.208333333333336,5.654166666666666,221.75,0.0,975.5541666666667,24
2023-02-04,30.141666666666666,43.604166666666664,943.2916666666666,0.0,26.0125,60.916666666666664,5.254166666666666,207.45833333333334,0.0,974.5416666666666,24
2023-02-05,25.945833333333336,37.5375,935.75,0.0,25.945833333333336,67.45833333333333,5.354166666666667,193.58333333333334,0.0,973.9416666666666,24
2023-02-06,19.845833333333335,28.804166666666664,858.7083333333334,0.0,25.233333333333334,62.416666666666664,6.0125,195.5,0.0,973.9208333333332,24
2023-02-07,17.766666666666666,25.620833333333334,1271.0,0.0,24.40833333333333,50.541666666666664,6.679166666666667,214.04166666666666,0.0,974.0375,24
2023-02-08,23.28333333333333,33.40416666666667,1362.375,0.0,22.59583333333333,52.375,5.345833333333334,244.5,0.0,974.5625,24
2023-02-09,26.74166666666667,38.30416666666667,1690.2916666666667,0.0,22.891666666666666,53.25,4.166666666666667,224.75,0.0,974.8708333333334,24
2023-02-10,24.974999999999998,35.78333333333333,1718.0416666666667,0.0,23.433333333333334,50.875,4.295833333333333,233.75,0.0,975.1,24
2023-02-11,24.175,34.733333333333334,1580.875,0.0,22.683333333333334,52.541666666666664,5.3500000000000005,200.125,0.0,974.775,24
2023-02-12,26.90833333333333,38.62083333333333,1465.9166666666667,0.0,23.504166666666666,52.541666666666664,4.483333333333333,247.16666666666666,0.0,975.0916666666667,24
2023-02-13,31.120833333333334,44.64166666666667,617.875,0.0,24.125,46.0,4.445833333333334,217.875,0.0,975.1374999999999,24
2023-02-14,36.645833333333336,52.57083333333333,620.4166666666666,0.0,23.995833333333334,46.083333333333336,4.620833333333334,227.41666666666666,0.0,975.3583333333332,24
2023-02-15,37.77916666666666,54.375,597.25,0.0,24.125,55.5,7.0625,231.375,0.0,976.2541666666666,24
2023-02-16,31.245833333333334,44.82916666666667,794.375,0.0,21.820833333333336,87.0,3.795833333333333,216.5,25.5,979.6333333333333,24
2023-02-17,23.170833333333334,33.166666666666664,960.875,0.0,19.804166666666667,86.75,4.529166666666667,200.875,21.099999999999998,980.4791666666666,24
2023-02-18,25.920833333333334,37.09583333333333,1552.4583333333333,0.0,21.916666666666668,77.75,4.029166666666667,221.375,0.0,978.6541666666667,24
2023-02-19,28.537499999999998,40.887499999999996,2059.2916666666665,0.0,21.912499999999998,78.33333333333333,4.216666666666667,222.75,0.0,977.5791666666668,24
2023-02-20,39.170833333333334,56.291666666666664,1901.125,0.0,23.079166666666666,71.58333333333333,6.204166666666667,254.95833333333334,0.0,977.1999999999999,24
2023-02-21,39.00833333333333,56.28333333333333,1767.875,0.0,23.625,73.58333333333333,5.829166666666667,182.29166666666666,0.2,977.9875000000001,24
2023-02-22,36.079166666666666,52.074999999999996,1735.875,0.375,24.0125,68.95833333333333,5.366666666666667,259.4583333333333,0.0,977.6999999999999,24
2023-02-23,37.30833333333333,53.93333333333334,1589.9166666666667,0.375,24.066666666666666,66.66666666666667,4.379166666666666,229.0,0.0,976.8541666666666,24
2023-02-24,41.6,59.92916666666667,1987.875,0.25,24.041666666666668,68.41666666666667,3.783333333333333,214.45833333333334,0.0,977.0041666666666,24
2023-02-25,41.56666666666667,60.0,1794.25,0.0,23.625,71.16666666666667,6.108333333333333,204.5,0.6000000000000001,980.2666666666668,24
2023-02-26,33.225,47.65416666666667,1597.9583333333333,0.0,24.008333333333336,57.25,6.425,166.75,0.0,983.4625,24
2023-02-27,37.06666666666667,53.47083333333333,2119.375,0.0,21.954166666666666,66.25,4.879166666666666,259.3333333333333,0.0,982.975,24
2023-02-28,46.9375,67.70833333333333,2105.4583333333335,0.0,22.458333333333332,61.708333333333336,4.341666666666667,247.75,0.0,981.5583333333334,24
2023-03-01,52.737500000000004,75.82916666666667,1751.4166666666667,0.0,23.629166666666666,63.208333333333336,4.383333333333334,231.79166666666666,0.0,980.4375,24
2023-03-02,52.44166666666666,75.34166666666667,962.5416666666666,0.0,24.554166666666664,58.833333333333336,4.170833333333333,215.75,0.0,979.8708333333334,24
2023-03-03,40.354166666666664,58.03333333333333,720.5,0.0,24.34583333333333,59.333333333333336,5.4875,238.95833333333334,0.0,980.4875000000001,24
2023-03-04,40.875,58.93333333333334,647.375,0.0,24.275000000000002,64.66666666666667,5.566666666666666,234.41666666666666,0.0,981.3625000000001,24
2023-03-05,46.89166666666667,67.925,751.0833333333334,0.0,24.3,61.5,4.433333333333334,241.33333333333334,0.0,980.9291666666667,24
2023-03-06,45.475,65.77499999999999,953.9583333333334,0.0,24.65416666666667,60.166666666666664,4.5,218.45833333333334,0.0,979.2416666666667,24
2023-03-07,44.979166666666664,64.89999999999999,1303.8333333333333,0.25,25.229166666666668,58.416666666666664,4.645833333333333,239.875,0.0,978.6041666666666,24
2023-03-08,44.69166666666666,64.39583333333333,1432.3333333333333,0.0,25.8625,59.375,4.425,236.58333333333334,0.0,978.1458333333334,24
2023-03-09,50.50833333333333,72.60000000000001,1706.6666666666667,0.0,26.183333333333334,59.333333333333336,5.083333333333333,253.875,0.0,976.9875000000001,24
2023-03-10,46.43333333333334,66.92083333333333,796.875,0.0,27.099999999999998,57.583333333333336,4.345833333333333,217.91666666666666,0.0,976.35,24
2023-03-11,51.82083333333333,74.39166666666667,984.0,0.0,27.425,60.958333333333336,3.0541666666666667,242.0,0.0,976.1750000000001,24
2023-03-12,64.52916666666667,92.60000000000001,1213.125,0.0,27.054166666666664,58.458333333333336,3.8833333333333333,254.25,0.0,976.4625,24
2023-03-13,60.15416666666667,86.40416666666665,1395.4166666666667,0.0,22.25,82.54166666666667,4.933333333333334,218.75,12.1,979.3333333333334,24
2023-03-14,57.975,83.35416666666667,1923.0,0.0,23.145833333333332,77.29166666666667,5.191666666666666,208.20833333333334,0.1,976.75,24
2023-03-15,45.35833333333333,65.24583333333334,1742.25,0.0,24.233333333333334,74.08333333333333,4.220833333333333,216.41666666666666,0.0,975.5541666666667,24
2023-03-16,33.858333333333334,48.80833333333334,1665.4166666666667,0.125,24.325,75.5,4.2250000000000005,264.4583333333333,0.4,976.9083333333333,24
2023-03-17,44.19583333333333,63.57916666666667,1416.4583333333333,0.125,25.254166666666666,71.41666666666667,4.383333333333334,270.5,0.0,976.5291666666667,24
2023-03-18,38.666666666666664,55.604166666666664,1473.625,0.0,26.358333333333334,64.70833333333333,4.966666666666667,253.91666666666666,0.0,975.0166666666668,24
2023-03-19,39.041666666666664,56.09583333333333,1420.2083333333333,0.0,26.804166666666664,62.666666666666664,5.008333333333334,222.125,0.1,974.0916666666667,24
2023-03-20,29.65833333333333,42.90416666666667,1111.5416666666667,0.0,26.045833333333334,68.58333333333333,4.291666666666667,244.45833333333334,2.9,973.8583333333332,24
2023-03-21,26.724999999999998,38.74166666666667,1422.5,0.0,26.3125,70.375,3.129166666666667,227.625,0.0,973.2125,24
2023-03-22,20.966666666666665,30.34583333333333,1443.625,0.125,26.991666666666664,60.375,6.05,226.45833333333334,0.30000000000000004,971.5833333333334,24
2023-03-23,19.204166666666666,27.96666666666667,1154.9583333333333,0.25,27.608333333333334,50.333333333333336,6.745833333333334,199.0,0.1,971.2541666666666,24
2023-03-24,20.208333333333332,29.412499999999998,1258.1666666666667,0.25,28.116666666666664,48.458333333333336,5.175,178.33333333333334,0.0,972.4041666666667,24
2023-03-25,27.84583333333333,40.35,1485.875,0.375,27.666666666666668,51.666666666666664,5.233333333333333,190.75,0.0,972.9166666666666,24
2023-03-26,29.037499999999998,42.041666666666664,1420.625,0.375,27.941666666666666,54.625,4.833333333333333,164.95833333333334,0.0,972.2333333333332,24
2023-03-27,29.71666666666667,42.99583333333333,1303.2083333333333,0.375,27.78333333333333,53.041666666666664,5.2250000000000005,207.125,0.0,972.4291666666667,24
2023-03-28,32.71666666666666,47.208333333333336,1276.7083333333333,0.125,28.041666666666668,45.916666666666664,6.762499999999999,177.04166666666666,0.0,973.35,24
2023-03-29,55.04583333333333,79.19166666666666,702.9166666666666,0.5,27.625,47.791666666666664,7.529166666666666,195.91666666666666,0.0,974.0041666666666,24
2023-03-30,70.32083333333334,101.07916666666667,822.6666666666666,0.7083333333333334,27.645833333333332,50.458333333333336,4.6875,211.16666666666666,0.0,972.4958333333334,24
2023-03-31,48.041666666666664,69.44166666666668,613.5,0.75,28.320833333333336,48.916666666666664,5.425,222.41666666666666,0.0,972.5749999999999,24
2023-04-01,46.99166666666667,67.91666666666667,645.0,0.5,28.179166666666664,51.375,6.320833333333333,227.58333333333334,0.0,971.9041666666667,24
2023-04-02,29.96666666666667,43.475,494.6666666666667,0.5,28.258333333333336,50.125,6.8374999999999995,183.33333333333334,0.0,971.5166666666668,24
2023-04-03,24.383333333333336,35.6,432.4583333333333,0.5416666666666666,28.058333333333334,48.958333333333336,6.295833333333333,176.875,0.0,971.25,24
2023-04-04,26.97083333333333,39.329166666666666,470.25,0.75,28.445833333333336,48.583333333333336,5.745833333333334,178.79166666666666,0.0,971.2791666666667,24
2023-04-05,35.862500000000004,52.0375,533.0416666666666,0.375,28.075,48.291666666666664,4.75,229.58333333333334,0.0,971.6750000000001,24
2023-04-06,45.699999999999996,65.82916666666667,683.7916666666666,0.375,29.229166666666668,41.708333333333336,4.254166666666666,188.66666666666666,0.0,972.7458333333334,24
2023-04-07,52.762499999999996,76.02499999999999,750.0833333333334,0.375,30.420833333333334,42.083333333333336,5.545833333333333,184.125,0.0,973.7666666666668,24
2023-04-08,45.85,66.3125,700.0,0.375,30.954166666666666,43.375,5.516666666666667,232.625,0.0,975.4625,24
2023-04-09,36.487500000000004,53.020833333333336,649.9583333333334,0.25,31.1375,40.708333333333336,6.466666666666666,175.08333333333334,0.0,975.4375,24
2023-04-10,28.879166666666666,41.887499999999996,557.3333333333334,0.375,30.104166666666668,48.041666666666664,6.4375,217.33333333333334,0.0,973.7708333333334,24
2023-04-11,34.9625,50.550000000000004,585.4166666666666,0.375,30.066666666666666,46.791666666666664,5.429166666666667,216.20833333333334,0.0,972.775,24
2023-04-12,46.38333333333333,66.6875,707.4583333333334,0.25,30.558333333333334,45.291666666666664,4.8625,223.625,0.0,972.0083333333333,24
2023-04-13,39.2125,56.604166666666664,627.5833333333334,0.25,30.65416666666667,49.291666666666664,5.7375,211.25,0.0,971.5416666666666,24
2023-04-14,29.395833333333332,42.56666666666667,707.3333333333334,0.25,30.670833333333334,48.166666666666664,5.258333333333334,206.29166666666666,0.0,971.525,24
2023-04-15,39.50416666666667,56.862500000000004,1024.5833333333333,0.25,31.775000000000002,41.375,4.545833333333333,189.5,0.0,971.4625,24
2023-04-16,39.96666666666667,57.8125,629.2083333333334,0.375,31.0125,48.041666666666664,5.820833333333333,172.875,0.0,970.7583333333333,24
2023-04-17,33.233333333333334,48.19583333333333,542.8333333333334,0.0,31.125,45.291666666666664,4.708333333333333,190.70833333333334,0.0,971.9333333333334,24
2023-04-18,31.683333333333334,45.86666666666667,607.25,0.125,30.879166666666666,48.375,5.929166666666667,212.5,0.0,972.0583333333334,24
2023-04-19,34.0375,49.19583333333333,528.0416666666666,0.0,31.787499999999998,46.916666666666664,4.333333333333333,218.25,0.1,969.7333333333332,24
2023-04-20,36.204166666666666,52.50833333333333,492.2916666666667,0.25,30.958333333333332,51.875,5.054166666666666,196.58333333333334,0.4,968.3541666666666,24
2023-04-21,34.604166666666664,50.541666666666664,449.9166666666667,0.375,30.4875,51.208333333333336,5.5625,166.16666666666666,0.2,969.2624999999999,24
2023-04-22,40.09166666666667,58.55416666666667,453.9583333333333,0.375,30.1875,50.5,5.108333333333333,203.95833333333334,0.0,970.2916666666666,24
2023-04-23,32.074999999999996,47.17916666666667,427.75,0.5,29.96666666666667,52.5,5.4624999999999995,239.33333333333334,0.0,972.2166666666667,24
2023-04-24,31.425,46.38333333333333,658.5,0.125,28.945833333333336,59.375,4.683333333333334,172.95833333333334,2.1,975.1166666666667,24
2023-04-25,30.02916666666667,44.27916666666667,1209.5416666666667,0.375,30.75,49.875,5.283333333333333,210.25,0.0,973.025,24
2023-04-26,30.145833333333332,44.03333333333333,1146.0416666666667,0.25,29.34166666666667,58.583333333333336,6.695833333333333,208.41666666666666,2.6999999999999997,973.4666666666667,24
2023-04-27,33.141666666666666,47.7875,731.125,0.0,29.120833333333334,62.5,6.1875,208.91666666666666,0.2,974.2458333333334,24
2023-04-28,23.55,34.4625,870.75,0.0,30.9875,53.708333333333336,6.304166666666667,194.66666666666666,0.0,973.0124999999999,24
2023-04-29,19.495833333333334,28.608333333333334,690.125,0.0,31.795833333333334,43.166666666666664,6.941666666666666,149.70833333333334,0.0,971.7666666666668,24
2023-04-30,26.125,38.170833333333334,607.25,0.0,29.9875,53.25,8.591666666666667,170.0,1.2,972.7541666666666,24
2023-05-01,26.816666666666666,38.67916666666667,531.5,0.0,28.383333333333336,62.791666666666664,4.625,200.83333333333334,0.3,974.1625,24
2023-05-02,22.5625,32.65416666666667,540.875,0.0,28.97083333333333,65.58333333333333,5.7749999999999995,211.125,2.7,974.3916666666668,24
2023-05-03,25.96666666666667,37.729166666666664,445.2083333333333,0.0,28.245833333333334,71.54166666666667,4.645833333333333,184.29166666666666,0.8,975.2166666666667,24
2023-05-04,26.066666666666666,37.81666666666667,453.0833333333333,0.0,30.058333333333334,63.041666666666664,4.029166666666667,203.91666666666666,0.1,972.625,24
2023-05-05,22.270833333333332,32.52916666666667,438.7916666666667,0.0,31.224999999999998,59.291666666666664,4.9750000000000005,200.33333333333334,0.0,969.4708333333333,24
2023-05-06,15.549999999999999,22.78333333333333,396.1666666666667,0.0,32.44583333333333,52.458333333333336,5.179166666666666,174.125,0.0,968.2708333333334,24
2023-05-07,15.3125,22.333333333333332,378.6666666666667,0.0,32.65,54.333333333333336,4.479166666666667,212.04166666666666,0.0,968.1125000000001,24
2023-05-08,23.054166666666664,33.425000000000004,423.125,0.0,30.362499999999997,67.5,5.754166666666666,201.79166666666666,22.8,969.9666666666667,24
2023-05-09,21.008333333333333,30.570833333333336,384.25,0.0,29.320833333333336,69.75,4.829166666666667,167.33333333333334,1.6,972.3458333333333,24
2023-05-10,18.829166666666666,27.40416666666667,395.0416666666667,0.0,28.8,68.20833333333333,5.479166666666667,182.91666666666666,14.399999999999999,973.0166666666668,24
2023-05-11,15.6625,22.53333333333333,521.4166666666666,0.0,28.679166666666664,67.95833333333333,4.25,204.375,0.6,974.2333333333332,24
2023-05-12,18.037499999999998,25.820833333333336,922.375,0.0,26.454166666666666,79.875,4.8374999999999995,246.875,1.7,974.4833333333332,24
2023-05-13,9.345833333333333,13.424999999999999,449.125,0.0,25.479166666666668,86.79166666666667,4.970833333333333,205.95833333333334,50.5,974.2125,24
2023-05-14,10.458333333333334,15.65,422.0833333333333,0.0,25.358333333333334,85.33333333333333,6.033333333333334,223.58333333333334,12.2,973.0,24
2023-05-15,11.575000000000001,16.8125,546.9166666666666,0.0,25.608333333333334,84.16666666666667,7.075,189.5,12.899999999999999,973.1041666666666,24
2023-05-16,19.029166666666665,28.3,1037.375,0.375,26.520833333333332,80.54166666666667,4.075,183.45833333333334,0.30000000000000004,974.1166666666667,24
2023-05-17,23.09583333333333,34.170833333333334,1291.0833333333333,0.9583333333333334,27.241666666666664,78.04166666666667,4.416666666666667,144.54166666666666,0.2,974.3583333333332,24
2023-05-18,23.099999999999998,34.47083333333333,1240.125,0.5,27.829166666666666,77.20833333333333,3.4291666666666667,196.58333333333334,3.7,973.7583333333333,24
2023-05-19,24.287499999999998,35.99166666666667,1155.0,0.9166666666666666,28.083333333333332,74.16666666666667,3.4416666666666664,173.04166666666666,1.0999999999999999,971.8333333333334,24
2023-05-20,19.108333333333334,28.787499999999998,1094.2083333333333,2.2916666666666665,28.97083333333333,71.54166666666667,3.6916666666666664,149.04166666666666,0.0,971.3166666666666,24
2023-05-21,20.458333333333332,30.833333333333332,941.2083333333334,2.2083333333333335,29.104166666666668,70.125,4.6625000000000005,138.875,0.4,972.2208333333333,24
2023-05-22,19.966666666666665,29.754166666666666,842.2083333333334,1.9166666666666667,29.179166666666664,72.0,3.8625000000000003,188.54166666666666,3.1,972.9541666666668,24
2023-05-23,18.504166666666666,27.104166666666668,498.375,0.6666666666666666,28.620833333333334,74.91666666666667,4.2625,136.45833333333334,1.4000000000000001,972.7208333333333,24
2023-05-24,19.729166666666668,28.883333333333336,639.5416666666666,0.5,28.620833333333334,74.70833333333333,4.1125,202.45833333333334,2.3,971.9291666666667,24
2023-05-25,20.45,30.474999999999998,732.25,1.7916666666666667,29.554166666666664,64.95833333333333,4.291666666666667,134.20833333333334,0.9,971.9791666666666,24
2023-05-26,17.625,26.241666666666664,690.8333333333334,1.2916666666666667,29.8625,62.0,3.8333333333333335,177.16666666666666,1.3,972.5833333333334,24
2023-05-27,17.920833333333334,26.608333333333334,624.2083333333334,0.7083333333333334,29.087500000000002,68.83333333333333,4.395833333333333,195.16666666666666,3.5999999999999996,971.3375,24
2023-05-28,20.037499999999998,29.474999999999998,718.0833333333334,0.625,28.941666666666666,72.125,3.9250000000000003,180.91666666666666,0.6000000000000001,971.0333333333333,24
2023-05-29,29.708333333333332,43.09583333333333,994.5833333333334,0.375,28.212500000000002,73.29166666666667,4.716666666666667,192.25,7.8,972.2375000000001,24
2023-05-30,26.691666666666666,38.49583333333333,1077.625,0.0,29.641666666666666,67.33333333333333,4.2124999999999995,176.79166666666666,0.2,971.6625,24
2023-05-31,17.354166666666668,25.041666666666668,654.8333333333334,0.0,29.291666666666668,69.5,4.954166666666667,191.33333333333334,2.3000000000000003,970.4458333333333,24
2023-06-01,11.083333333333334,15.887500000000001,577.75,0.0,30.008333333333336,69.125,4.4750000000000005,143.70833333333334,0.30000000000000004,969.5208333333334,24
2023-06-02,12.700000000000001,18.25,679.0833333333334,0.0,29.583333333333332,67.75,5.079166666666667,164.20833333333334,8.7,970.1625,24
2023-06-03,14.816666666666668,21.474999999999998,882.625,0.375,29.820833333333336,65.58333333333333,4.8125,169.91666666666666,9.4,971.2666666666668,24
2023-06-04,14.4375,20.904166666666665,927.0833333333334,0.25,29.804166666666664,65.70833333333333,5.6625000000000005,173.20833333333334,4.4,971.0625,24
2023-06-05,11.333333333333334,16.3625,471.7916666666667,0.0,28.795833333333334,71.58333333333333,4.891666666666667,163.625,11.5,970.2208333333333,24
2023-06-06,16.175,23.34583333333333,715.9166666666666,0.0,27.625,78.54166666666667,4.641666666666667,172.83333333333334,4.7,969.7375000000001,24
2023-06-07,13.674999999999999,19.662499999999998,615.2916666666666,0.0,26.40833333333333,84.375,5.270833333333333,220.875,16.2,970.4166666666666,24
2023-06-08,14.929166666666667,21.400000000000002,770.5,0.0,25.795833333333334,87.375,4.2375,222.83333333333334,17.3,970.7333333333332,24
2023-06-09,13.137500000000001,18.8625,810.0,0.0,26.59166666666667,84.375,5.320833333333334,178.29166666666666,7.4,969.8291666666668,24
2023-06-10,18.891666666666666,27.145833333333332,1032.5,0.0,27.212500000000002,81.41666666666667,5.033333333333333,165.16666666666666,8.0,968.8249999999999,24
2023-06-11,17.245833333333334,24.7375,1130.0416666666667,0.0,27.587500000000002,76.83333333333333,4.858333333333333,181.33333333333334,6.4,968.2958333333332,24
2023-06-12,15.9,22.879166666666666,924.0,0.0,26.195833333333336,85.41666666666667,5.379166666666666,175.91666666666666,21.0,968.6791666666667,24
2023-06-13,11.0625,15.816666666666668,699.875,0.0,25.983333333333334,85.75,5.458333333333333,168.625,14.9,969.225,24
2023-06-14,7.529166666666666,10.75,477.8333333333333,0.0,25.358333333333334,87.83333333333333,5.470833333333334,195.83333333333334,12.1,970.75,24
2023-06-15,11.333333333333334,16.195833333333333,724.4166666666666,0.0,26.708333333333332,82.75,4.258333333333334,157.70833333333334,10.0,970.8708333333334,24
2023-06-16,15.320833333333333,22.145833333333332,1016.6666666666666,0.4166666666666667,27.416666666666668,79.66666666666667,4.841666666666667,137.875,0.4,970.5166666666668,24
2023-06-17,12.887500000000001,18.666666666666668,899.1666666666666,0.5833333333333334,28.916666666666668,73.08333333333333,4.616666666666666,150.75,0.1,970.8833333333333,24
2023-06-18,11.316666666666668,16.308333333333334,759.9166666666666,0.25,27.775000000000002,78.70833333333333,4.766666666666667,155.79166666666666,8.2,971.0875,24
2023-06-19,11.575000000000001,16.629166666666666,749.125,0.125,27.537499999999998,79.29166666666667,3.9958333333333336,202.45833333333334,3.7,970.9791666666666,24
2023-06-20,10.604166666666666,15.200000000000001,719.4166666666666,0.0,27.462500000000002,75.625,4.829166666666667,161.20833333333334,3.8,971.4541666666668,24
2023-06-21,10.033333333333333,14.395833333333334,646.5416666666666,0.0,27.083333333333332,78.0,4.625,117.70833333333333,19.2,972.6583333333333,24
2023-06-22,10.6875,15.299999999999999,996.25,0.0,27.900000000000002,71.70833333333333,4.716666666666667,171.58333333333334,0.2,972.7083333333334,24
2023-06-23,10.637500000000001,15.195833333333333,871.0,0.0,28.8625,66.66666666666667,5.0874999999999995,188.83333333333334,0.5,971.7041666666668,24
2023-06-24,11.283333333333333,16.125,875.6666666666666,0.0,27.95,72.58333333333333,4.645833333333333,170.95833333333334,12.6,970.8166666666666,24
2023-06-25,12.700000000000001,18.129166666666666,964.8333333333334,0.0,26.366666666666664,83.79166666666667,3.3541666666666665,151.5,22.900000000000002,971.0333333333333,24
2023-06-26,12.191666666666668,17.375,736.6666666666666,0.0,26.212500000000002,88.0,3.4499999999999997,156.70833333333334,21.5,971.2125,24
2023-06-27,12.320833333333333,17.479166666666668,700.6666666666666,0.08333333333333333,27.004166666666666,82.70833333333333,3.879166666666667,157.04166666666666,15.799999999999999,971.5541666666667,24
2023-06-28,12.870833333333335,18.079166666666666,403.4166666666667,0.9166666666666666,26.625,86.25,3.466666666666667,228.66666666666666,21.099999999999998,972.725,24
2023-06-29,14.2875,20.283333333333335,399.9583333333333,1.4583333333333333,27.53333333333333,82.0,3.2916666666666665,181.375,3.8000000000000003,971.4791666666666,24
2023-06-30,12.620833333333332,18.383333333333333,421.0833333333333,2.2083333333333335,27.620833333333334,83.91666666666667,3.6750000000000003,186.125,5.8,970.3791666666666,24
2023-07-01,16.166666666666668,23.962500000000002,533.5,5.0,28.375,78.79166666666667,4.145833333333333,214.58333333333334,1.6,970.4250000000001,24
2023-07-02,10.4375,15.083333333333334,272.5416666666667,2.5,27.0,84.58333333333333,4.145833333333333,204.5,28.7,971.275,24
2023-07-03,6.683333333333334,9.445833333333335,304.6666666666667,0.0,26.150000000000002,87.125,5.166666666666667,215.875,19.8,971.8708333333334,24
2023-07-04,5.4875,7.825,290.9583333333333,0.0,25.558333333333334,86.95833333333333,6.166666666666667,173.5,16.400000000000002,971.9708333333333,24
2023-07-05,6.575,9.416666666666666,319.0833333333333,0.0,26.15833333333333,85.66666666666667,4.520833333333333,176.04166666666666,11.200000000000001,972.3083333333334,24
2023-07-06,7.958333333333333,11.325000000000001,392.2083333333333,0.2916666666666667,27.1125,82.41666666666667,3.233333333333333,164.0,1.9,973.1833333333334,24
2023-07-07,9.708333333333334,13.75,506.25,0.4583333333333333,28.125,81.04166666666667,3.641666666666667,160.08333333333334,3.2,973.0458333333332,24
2023-07-08,13.4,18.808333333333334,439.0,0.125,27.629166666666666,82.16666666666667,4.020833333333333,195.79166666666666,4.9,972.9291666666667,24
2023-07-09,13.025,18.224999999999998,319.625,0.0,26.708333333333332,84.91666666666667,3.6916666666666664,182.0,13.4,972.5041666666666,24
2023-07-10,10.654166666666667,15.095833333333333,341.0416666666667,0.0,26.099999999999998,85.5,5.570833333333333,228.375,21.2,972.9625,24
2023-07-11,9.8125,13.825000000000001,363.1666666666667,0.08333333333333333,26.229166666666668,84.875,3.2291666666666665,213.875,5.0,972.9875000000001,24
2023-07-12,8.8125,12.454166666666666,438.0833333333333,0.0,26.679166666666664,81.95833333333333,4.158333333333333,237.79166666666666,5.5,973.1625,24
2023-07-13,8.679166666666667,12.420833333333334,640.125,0.08333333333333333,27.183333333333334,81.91666666666667,2.7708333333333335,214.54166666666666,5.5,972.7666666666668,24
2023-07-14,8.4,11.829166666666666,535.0,0.20833333333333334,27.704166666666666,79.16666666666667,3.9625,145.20833333333334,6.8,971.9666666666667,24
2023-07-15,8.645833333333334,12.133333333333333,483.3333333333333,0.3333333333333333,27.495833333333334,80.83333333333333,3.6333333333333333,123.16666666666667,7.6000000000000005,970.6625,24
2023-07-16,7.120833333333334,10.0875,405.75,0.5833333333333334,27.308333333333334,84.16666666666667,3.025,168.58333333333334,7.8,969.1583333333333,24
2023-07-17,11.304166666666667,16.379166666666666,382.8333333333333,1.7916666666666667,27.5125,84.04166666666667,3.1625,151.75,20.5,967.6875,24
2023-07-18,11.049999999999999,15.991666666666667,363.7083333333333,1.125,28.433333333333334,79.79166666666667,5.020833333333333,159.08333333333334,1.2000000000000002,967.1333333333333,24
2023-07-19,11.220833333333333,16.158333333333335,363.5833333333333,1.1666666666666667,27.40833333333333,82.20833333333333,4.191666666666666,171.83333333333334,19.0,967.5708333333333,24
2023-07-20,12.054166666666667,17.129166666666666,454.2083333333333,0.3333333333333333,27.0,82.25,3.891666666666667,222.83333333333334,8.200000000000001,969.3958333333334,24
2023-07-21,13.979166666666666,20.004166666666666,504.7916666666667,0.375,27.395833333333332,82.91666666666667,3.095833333333333,218.75,3.0,972.0916666666667,24
2023-07-22,11.929166666666667,17.008333333333333,371.625,0.0,27.900000000000002,81.91666666666667,3.7875,179.875,26.3,973.4625,24
2023-07-23,15.570833333333333,22.2375,434.5833333333333,0.0,27.691666666666666,78.79166666666667,4.8,151.91666666666666,2.9,973.125,24
2023-07-24,15.304166666666667,21.849999999999998,481.75,0.0,27.354166666666668,79.45833333333333,4.966666666666667,177.04166666666666,0.1,971.5541666666667,24
2023-07-25,15.6,22.2375,610.9583333333334,0.0,27.766666666666666,79.33333333333333,4.470833333333333,212.0,2.8000000000000003,971.7416666666667,24
2023-07-26,9.762500000000001,13.808333333333332,445.75,0.08333333333333333,28.079166666666666,78.25,4.158333333333333,171.5,0.9,972.0749999999999,24
2023-07-27,6.008333333333333,8.458333333333334,323.5,0.3333333333333333,29.116666666666664,72.125,4.7124999999999995,189.45833333333334,1.4000000000000001,970.4250000000001,24
2023-07-28,4.4624999999999995,6.3999999999999995,264.9166666666667,0.0,28.941666666666666,72.25,4.266666666666667,193.91666666666666,0.1,967.9041666666667,24
2023-07-29,6.416666666666667,9.179166666666667,343.4166666666667,0.08333333333333333,27.55,82.91666666666667,3.7458333333333336,110.16666666666667,19.4,967.5458333333332,24
2023-07-30,6.091666666666666,8.733333333333333,358.125,0.08333333333333333,26.179166666666664,89.08333333333333,4.7749999999999995,166.58333333333334,19.3,967.6750000000001,24
2023-07-31,5.075,7.2375,264.625,0.0,24.920833333333334,92.625,5.366666666666667,202.58333333333334,28.6,969.1916666666666,24
2023-08-01,4.979166666666667,7.1375,310.7916666666667,0.125,25.53333333333333,91.5,4.1625000000000005,178.58333333333334,22.9,970.0791666666668,24
2023-08-02,7.704166666666667,11.079166666666667,410.4583333333333,0.3333333333333333,26.15833333333333,88.16666666666667,3.466666666666667,114.75,26.7,970.3625000000001,24
2023-08-03,7.616666666666667,10.958333333333334,423.8333333333333,0.6666666666666666,26.379166666666666,87.0,3.75,140.29166666666666,8.0,969.9458333333333,24
2023-08-04,7.8625,11.5,501.9166666666667,1.0416666666666667,26.479166666666668,86.5,4.491666666666666,137.70833333333334,23.0,971.9625,24
2023-08-05,7.354166666666667,11.025,435.4166666666667,2.0833333333333335,25.8875,89.04166666666667,4.866666666666666,151.29166666666666,4.5,972.8375,24
2023-08-06,7.454166666666667,11.095833333333333,403.4583333333333,1.9166666666666667,25.1875,90.125,4.570833333333334,153.66666666666666,7.7,971.0833333333334,24
2023-08-07,5.9375,8.5,379.5,0.0,24.733333333333334,92.16666666666667,4.45,138.5,20.6,969.7708333333334,24
2023-08-08,5.883333333333333,8.404166666666667,378.5833333333333,0.0,24.275000000000002,93.16666666666667,3.954166666666667,127.95833333333333,16.7,970.6916666666666,24
2023-08-09,5.295833333333333,7.6499999999999995,391.375,0.3333333333333333,24.974999999999998,89.375,3.525,120.41666666666667,6.4,972.4666666666667,24
2023-08-10,10.579166666666667,15.441666666666668,583.75,2.0833333333333335,26.741666666666664,82.125,4.6375,143.91666666666666,2.0,972.3916666666668,24
2023-08-11,11.629166666666668,17.3875,678.875,4.291666666666667,27.145833333333332,80.54166666666667,4.970833333333333,152.16666666666666,3.1999999999999997,970.975,24
2023-08-12,14.533333333333333,22.204166666666666,675.0833333333334,6.291666666666667,26.9875,81.5,4.145833333333333,151.375,3.7,969.9583333333334,24
2023-08-13,16.745833333333334,26.108333333333334,655.5833333333334,9.666666666666666,27.3,82.54166666666667,4.016666666666667,140.79166666666666,14.700000000000001,970.0416666666666,24
2023-08-14,14.333333333333334,20.554166666666667,718.7916666666666,3.25,27.441666666666666,84.125,3.295833333333333,160.75,11.1,970.1166666666667,24
2023-08-15,13.375,18.995833333333334,724.4583333333334,1.75,26.508333333333336,87.375,3.9166666666666665,174.16666666666666,28.2,970.4958333333334,24
2023-08-16,12.137500000000001,17.229166666666668,514.375,1.1666666666666667,25.775000000000002,87.0,4.145833333333333,256.8333333333333,7.5,971.3249999999999,24
2023-08-17,11.054166666666667,15.520833333333334,454.125,0.5833333333333334,26.441666666666666,84.79166666666667,3.6,230.66666666666666,4.8,971.9875000000001,24
2023-08-18,12.841666666666667,18.208333333333332,503.7916666666667,1.25,27.46666666666667,82.5,3.529166666666667,152.375,7.9,971.6291666666666,24
2023-08-19,13.112499999999999,18.4375,480.625,1.7083333333333333,27.72083333333333,82.875,2.966666666666667,187.79166666666666,5.5,971.4458333333333,24
2023-08-20,17.925,25.40833333333333,489.3333333333333,2.2916666666666665,27.5,82.79166666666667,3.641666666666667,222.66666666666666,3.7,970.5458333333332,24
2023-08-21,12.633333333333333,17.566666666666666,408.1666666666667,0.4583333333333333,26.629166666666666,86.875,4.066666666666666,195.66666666666666,11.9,971.2458333333334,24
2023-08-22,10.304166666666667,14.558333333333332,490.9583333333333,0.25,26.558333333333334,84.875,4.154166666666667,194.04166666666666,6.7,971.6,24
2023-08-23,13.0625,18.754166666666666,655.3333333333334,1.75,26.829166666666666,83.45833333333333,3.8541666666666665,160.79166666666666,16.2,970.9833333333332,24
2023-08-24,10.545833333333333,15.066666666666668,658.3333333333334,1.1666666666666667,27.041666666666668,79.70833333333333,4.6000000000000005,136.5,14.0,970.6208333333334,24
2023-08-25,9.6625,14.054166666666667,518.8333333333334,1.6666666666666667,26.704166666666666,83.625,4.816666666666666,186.20833333333334,11.5,971.125,24
2023-08-26,7.341666666666666,10.679166666666667,484.0,0.5416666666666666,27.133333333333336,81.29166666666667,4.433333333333334,184.75,3.1,971.1416666666668,24
2023-08-27,7.308333333333334,10.708333333333334,449.875,0.875,26.90833333333333,81.25,3.6666666666666665,197.125,12.8,970.2291666666666,24
2023-08-28,8.183333333333334,11.729166666666666,524.6666666666666,0.125,27.604166666666668,80.70833333333333,3.8833333333333333,187.70833333333334,8.2,969.1374999999999,24
2023-08-29,11.904166666666667,16.925,459.5833333333333,0.5833333333333334,27.2,82.66666666666667,3.8874999999999997,141.29166666666666,9.0,969.3833333333333,24
2023-08-30,10.704166666666666,15.166666666666666,369.2083333333333,0.4583333333333333,26.229166666666668,86.20833333333333,4.083333333333333,171.41666666666666,13.299999999999999,971.2708333333334,24
2023-08-31,10.083333333333334,14.325000000000001,418.875,0.0,26.4375,85.375,4.2375,194.75,5.5,971.9416666666666,24
2023-09-01,16.05,22.8125,598.5833333333334,0.4166666666666667,27.4375,84.79166666666667,3.466666666666667,179.08333333333334,8.2,971.0500000000001,24
2023-09-02,12.658333333333333,18.099999999999998,602.2083333333334,0.0,26.53333333333333,85.5,3.3666666666666667,191.33333333333334,23.400000000000002,970.2375000000001,24
2023-09-03,21.504166666666666,30.758333333333336,850.5833333333334,0.0,27.508333333333336,81.625,3.329166666666667,212.95833333333334,1.7,968.8291666666668,24
2023-09-04,21.945833333333336,31.504166666666666,722.2083333333334,0.0,28.108333333333334,78.83333333333333,3.6333333333333333,169.91666666666666,9.1,968.3083333333334,24
2023-09-05,11.108333333333334,15.866666666666667,439.5833333333333,0.0,25.770833333333332,88.125,3.4250000000000003,203.54166666666666,32.9,970.4458333333333,24
2023-09-06,9.820833333333333,13.987499999999999,434.2083333333333,0.0,25.579166666666666,89.875,3.5583333333333336,183.29166666666666,23.4,972.5375,24
2023-09-07,12.429166666666667,17.683333333333334,465.0,0.0,26.308333333333334,87.79166666666667,3.420833333333333,202.45833333333334,33.3,973.0583333333334,24
2023-09-08,14.379166666666668,20.4875,460.2083333333333,0.0,26.441666666666666,88.16666666666667,3.5,226.29166666666666,10.9,972.4208333333332,24
2023-09-09,9.879166666666666,14.058333333333332,393.25,0.0,26.087500000000002,88.625,3.6333333333333333,173.54166666666666,14.299999999999999,970.5124999999999,24
2023-09-10,10.420833333333333,14.804166666666667,456.75,0.0,25.650000000000002,90.125,3.1791666666666667,198.58333333333334,19.2,969.9083333333333,24
2023-09-11,8.804166666666665,12.508333333333333,418.7916666666667,0.0,25.683333333333334,88.75,3.595833333333333,205.20833333333334,19.7,970.35,24
2023-09-12,8.291666666666666,11.804166666666667,404.6666666666667,0.0,25.6375,88.66666666666667,3.533333333333333,195.95833333333334,43.8,971.3000000000001,24
2023-09-13,8.8125,12.595833333333333,534.3333333333334,0.08333333333333333,25.65833333333333,87.25,3.475,136.20833333333334,31.8,972.2791666666667,24
2023-09-14,12.745833333333332,18.191666666666666,616.5833333333334,0.0,25.34166666666667,89.83333333333333,3.341666666666667,212.41666666666666,22.4,972.2541666666666,24
2023-09-15,8.408333333333333,11.983333333333334,430.875,0.0,25.8625,89.25,3.3333333333333335,164.58333333333334,24.5,971.4499999999999,24
2023-09-16,9.645833333333334,13.754166666666668,505.6666666666667,0.0,25.025000000000002,89.5,4.233333333333333,197.29166666666666,52.2,971.7041666666668,24
2023-09-17,10.983333333333334,15.674999999999999,516.0416666666666,0.0,24.733333333333334,89.58333333333333,3.2583333333333333,267.2916666666667,19.0,971.8041666666667,24
2023-09-18,7.379166666666666,10.491666666666667,344.2916666666667,0.0,24.683333333333334,89.58333333333333,5.3,191.79166666666666,28.3,973.525,24
2023-09-19,10.070833333333333,14.35,491.625,0.0,25.787499999999998,85.95833333333333,3.75,256.125,6.3,975.3958333333334,24
2023-09-20,13.033333333333333,18.599999999999998,577.4583333333334,0.0,26.150000000000002,87.29166666666667,3.2583333333333333,186.29166666666666,34.1,975.1083333333332,24
2023-09-21,20.641666666666666,29.770833333333332,728.6666666666666,0.4583333333333333,26.645833333333332,85.16666666666667,3.3541666666666665,211.70833333333334,0.8999999999999999,974.5375,24
2023-09-22,17.2,24.579166666666666,630.9166666666666,0.0,27.03333333333333,83.75,3.5833333333333335,218.33333333333334,0.0,973.9791666666666,24
2023-09-23,16.941666666666666,24.229166666666668,497.0416666666667,0.0,27.6125,79.66666666666667,3.716666666666667,168.04166666666666,1.0,973.8625000000001,24
2023-09-24,18.349999999999998,26.229166666666668,529.2083333333334,0.0,27.47083333333333,79.45833333333333,3.6291666666666664,187.375,0.0,972.6750000000001,24
2023-09-25,14.966666666666667,21.40833333333333,523.9583333333334,0.0,27.183333333333334,83.875,3.9916666666666667,171.95833333333334,15.7,972.0749999999999,24
2023-09-26,17.462500000000002,25.445833333333336,632.0833333333334,0.0,27.09583333333333,81.33333333333333,4.145833333333333,197.75,0.4,971.4166666666666,24
2023-09-27,17.379166666666666,25.120833333333334,689.9166666666666,0.0,26.3625,83.20833333333333,5.208333333333333,239.625,11.700000000000001,969.975,24
2023-09-28,10.112499999999999,14.454166666666666,470.3333333333333,0.0,24.816666666666666,90.125,4.720833333333333,251.5,48.0,971.5208333333334,24
2023-09-29,9.304166666666667,13.275,484.375,0.0,24.416666666666668,91.625,4.970833333333333,232.29166666666666,33.699999999999996,973.9416666666666,24
2023-09-30,7.316666666666666,10.466666666666667,417.5,0.0,24.55,90.83333333333333,5.220833333333333,222.45833333333334,30.900000000000002,975.0666666666666,24
2023-10-01,9.141666666666667,13.045833333333334,489.25,0.0,25.258333333333336,88.75,3.6666666666666665,216.25,18.2,974.0041666666666,24
2023-10-02,12.645833333333334,18.087500000000002,639.375,0.0,26.15416666666667,86.95833333333333,2.9583333333333335,244.95833333333334,7.300000000000001,974.4125,24
2023-10-03,12.595833333333333,18.025000000000002,535.875,0.0,27.2625,81.79166666666667,3.4,158.625,0.3,974.625,24
2023-10-04,13.854166666666666,19.808333333333334,533.0,0.0,27.474999999999998,82.70833333333333,4.0375000000000005,137.66666666666666,0.2,974.2375000000001,24
2023-10-05,19.508333333333333,27.920833333333334,709.5,0.0,27.179166666666664,84.29166666666667,3.9583333333333335,186.75,1.6,973.2583333333333,24
2023-10-06,14.325000000000001,20.483333333333334,493.4583333333333,0.0,26.7625,83.75,3.6833333333333336,195.79166666666666,12.9,972.8333333333334,24
2023-10-07,12.862499999999999,18.3875,543.375,0.0,24.7625,91.375,2.5833333333333335,182.125,15.6,973.6958333333333,24
2023-10-08,10.608333333333333,15.1875,520.0,0.0,25.045833333333334,89.5,3.4458333333333333,221.16666666666666,15.8,974.9083333333333,24
2023-10-09,10.695833333333333,15.262500000000001,559.2083333333334,0.0,24.491666666666664,90.95833333333333,3.4583333333333335,252.5,20.7,975.8583333333332,24
2023-10-10,14.3375,20.495833333333334,677.375,0.0,24.84583333333333,88.33333333333333,4.104166666666667,229.875,34.3,976.7333333333332,24
2023-10-11,14.716666666666667,21.070833333333333,704.7916666666666,0.0,24.854166666666668,88.66666666666667,3.795833333333333,258.0833333333333,8.2,977.5833333333334,24
2023-10-12,14.700000000000001,21.033333333333335,603.875,0.0,25.40833333333333,86.66666666666667,3.391666666666667,220.54166666666666,4.2,978.5541666666667,24
2023-10-13,11.375,16.366666666666667,551.5,0.0,25.325,89.375,3.5583333333333336,215.33333333333334,12.6,978.0458333333332,24
2023-10-14,11.725,16.758333333333333,547.5416666666666,0.0,25.325,88.95833333333333,2.8083333333333336,219.875,7.6000000000000005,976.0375,24
2023-10-15,13.166666666666666,18.816666666666666,588.3333333333334,0.0,25.120833333333334,88.0,4.283333333333333,213.83333333333334,8.2,974.875,24
2023-10-16,13.479166666666666,19.245833333333334,695.0416666666666,0.0,24.587500000000002,90.79166666666667,3.641666666666667,155.33333333333334,4.5,976.4125,24
2023-10-17,19.1375,27.391666666666666,860.125,0.0,25.458333333333332,84.25,3.8708333333333336,246.16666666666666,0.2,976.6916666666666,24
2023-10-18,28.308333333333334,40.5625,1142.5416666666667,0.0,25.816666666666666,82.91666666666667,4.520833333333333,212.20833333333334,0.9,976.8041666666667,24
2023-10-19,19.908333333333335,28.479166666666668,792.0,0.0,25.741666666666664,85.79166666666667,3.154166666666667,228.79166666666666,2.0,976.4625,24
2023-10-20,23.420833333333334,33.454166666666666,705.75,0.0,25.741666666666664,84.58333333333333,3.7916666666666665,214.375,0.5,977.0041666666666,24
2023-10-21,14.720833333333333,21.041666666666668,649.9166666666666,0.0,24.787499999999998,86.45833333333333,3.1458333333333335,179.54166666666666,3.9000000000000004,978.9041666666667,24
2023-10-22,15.895833333333334,22.741666666666664,721.7083333333334,0.0,24.816666666666666,86.58333333333333,4.7875000000000005,211.16666666666666,8.299999999999999,979.2916666666666,24
2023-10-23,19.120833333333334,27.333333333333332,699.5,0.0,24.84166666666667,85.16666666666667,2.6833333333333336,228.08333333333334,0.8,978.5458333333332,24
2023-10-24,27.224999999999998,38.92916666666667,898.125,0.0,25.5625,84.58333333333333,3.533333333333333,245.0,0.0,977.9458333333333,24
2023-10-25,17.104166666666668,24.53333333333333,737.625,0.0,26.150000000000002,84.5,3.5875,208.5,0.3,977.4708333333333,24
2023-10-26,19.5,27.96666666666667,769.0,0.0,26.2375,84.0,3.079166666666667,250.33333333333334,0.4,976.8458333333333,24
2023-10-27,14.512500000000001,20.8125,597.4583333333334,0.0,25.645833333333332,87.375,2.766666666666667,204.41666666666666,4.7,976.5,24
2023-10-28,12.454166666666667,17.833333333333332,503.9166666666667,0.0,25.47083333333333,84.66666666666667,3.654166666666667,191.95833333333334,1.5,976.6,24
2023-10-29,14.6,20.879166666666666,536.0,0.0,25.395833333333332,85.75,3.0208333333333335,226.70833333333334,1.8,976.85,24
2023-10-30,9.741666666666667,13.916666666666666,476.75,0.0,24.520833333333332,88.95833333333333,4.6125,215.75,12.2,978.0291666666667,24
2023-10-31,14.216666666666667,20.329166666666666,641.2083333333334,0.0,24.15833333333333,87.83333333333333,3.5375,227.45833333333334,1.8,979.7041666666668,24
2023-11-01,21.575,30.962500000000002,850.7083333333334,0.0,25.0125,82.375,3.0708333333333333,210.75,0.2,979.4791666666666,24
2023-11-02,25.724999999999998,36.925000000000004,1026.0,0.0,25.129166666666666,85.75,3.3375,263.7916666666667,0.5,977.6374999999999,24
2023-11-03,17.425,25.05,763.0833333333334,0.0,25.433333333333334,88.20833333333333,3.6333333333333333,213.875,0.6000000000000001,975.4875000000001,24
2023-11-04,23.175,33.17916666666667,889.0,0.0,24.883333333333336,89.45833333333333,3.375,244.375,7.6,975.7208333333333,24
2023-11-05,24.15416666666667,34.541666666666664,877.4166666666666,0.0,25.433333333333334,87.08333333333333,2.9,259.2083333333333,3.0,976.7708333333334,24
2023-11-06,23.03333333333333,33.045833333333334,865.5833333333334,0.0,26.25,81.29166666666667,2.75,179.70833333333334,0.1,977.2166666666667,24
2023-11-07,23.445833333333336,33.5875,909.0833333333334,0.0,25.3875,85.66666666666667,4.241666666666666,197.625,1.9,977.4708333333333,24
2023-11-08,23.275000000000002,33.36666666666667,677.5833333333334,0.0,25.066666666666666,87.0,3.404166666666667,269.3333333333333,3.1,976.5500000000001,24
2023-11-09,28.2,40.354166666666664,902.0833333333334,0.0,25.55,85.16666666666667,3.358333333333333,207.41666666666666,0.9,976.7875,24
2023-11-10,32.083333333333336,45.99166666666667,1083.6666666666667,0.0,26.583333333333332,77.79166666666667,2.7624999999999997,248.95833333333334,1.1,977.8916666666668,24
2023-11-11,31.683333333333334,45.46666666666667,1073.5833333333333,0.0,26.662499999999998,77.125,3.475,224.75,0.0,978.3375,24
2023-11-12,30.55,43.80416666666667,1058.9583333333333,0.0,26.241666666666664,79.625,3.9000000000000004,225.45833333333334,0.0,978.8333333333334,24
2023-11-13,15.445833333333333,22.287499999999998,630.9583333333334,0.0,25.441666666666666,83.875,3.4125,231.375,2.9,979.2666666666668,24
2023-11-14,12.7875,18.529166666666665,647.0,0.0,25.066666666666666,85.45833333333333,3.6666666666666665,227.25,12.5,980.3916666666668,24
2023-11-15,20.645833333333332,29.741666666666664,922.2916666666666,0.0,25.6125,80.08333333333333,4.329166666666667,228.04166666666666,0.0,980.3166666666666,24
2023-11-16,20.920833333333334,30.079166666666666,952.2916666666666,0.0,24.933333333333334,82.54166666666667,4.933333333333334,263.1666666666667,3.9,981.2916666666666,24
2023-11-17,11.383333333333333,16.366666666666667,642.0833333333334,0.0,23.104166666666668,72.75,11.591666666666667,330.5416666666667,1.5,982.9333333333334,24
2023-11-18,19.087500000000002,27.416666666666668,928.875,0.0,21.879166666666666,73.04166666666667,4.591666666666667,236.25,0.0,981.9666666666667,24
2023-11-19,15.862499999999999,22.71666666666667,920.2083333333334,0.0,22.175,70.16666666666667,5.754166666666666,247.5,0.0,980.9083333333333,24
2023-11-20,18.325,26.63333333333333,893.8333333333334,0.0,22.120833333333334,74.58333333333333,3.891666666666667,212.70833333333334,0.0,980.0791666666668,24
2023-11-21,25.491666666666664,36.7625,1072.2916666666667,0.0,22.275000000000002,82.54166666666667,3.9166666666666665,254.16666666666666,0.0,977.9875000000001,24
2023-11-22,31.6875,45.541666666666664,1143.4583333333333,0.0,23.204166666666666,78.5,3.6333333333333333,238.0,0.0,976.5916666666667,24
2023-11-23,30.662499999999998,44.324999999999996,1048.7083333333333,0.0,23.59583333333333,76.41666666666667,4.491666666666666,231.83333333333334,0.0,976.9,24
2023-11-24,23.816666666666666,34.9,926.0833333333334,0.0,23.254166666666666,79.04166666666667,4.8999999999999995,295.125,0.0,978.5208333333334,24
2023-11-25,19.587500000000002,28.78333333333333,866.5,0.0,23.820833333333336,77.29166666666667,4.375,275.125,0.0,979.1291666666666,24
2023-11-26,17.162499999999998,24.929166666666664,691.0416666666666,0.25,23.416666666666668,76.33333333333333,5.216666666666667,273.9583333333333,0.0,979.85,24
2023-11-27,16.662499999999998,24.462500000000002,672.125,0.0,23.245833333333334,72.29166666666667,4.979166666666667,262.7083333333333,0.0,979.5541666666667,24
2023-11-28,17.875,26.075,773.9583333333334,0.0,22.287499999999998,72.0,5.529166666666666,254.70833333333334,0.0,978.3625000000001,24
2023-11-29,23.620833333333334,34.275,886.625,0.0,22.712500000000002,71.45833333333333,4.354166666666667,231.95833333333334,0.0,978.6416666666668,24
2023-11-30,30.079166666666666,43.512499999999996,1057.7916666666667,0.0,23.566666666666666,74.125,4.620833333333334,220.875,0.0,979.3375,24
2023-12-01,23.058333333333334,33.425000000000004,813.1666666666666,0.0,24.016666666666666,77.5,4.066666666666666,232.29166666666666,0.0,979.0083333333333,24
2023-12-02,15.65,22.5625,777.7083333333334,0.0,24.879166666666666,78.95833333333333,3.8000000000000003,282.75,0.1,978.875,24
2023-12-03,13.120833333333332,18.908333333333335,695.125,0.0,24.787499999999998,80.58333333333333,4.941666666666666,215.54166666666666,0.4,979.0791666666668,24
2023-12-04,18.641666666666666,26.883333333333336,940.3333333333334,0.0,25.02916666666667,79.45833333333333,3.6750000000000003,206.625,0.0,977.9041666666667,24
2023-12-05,20.208333333333332,29.25,911.5833333333334,0.0,25.204166666666666,80.33333333333333,4.125,212.08333333333334,0.0,976.9291666666667,24
2023-12-06,14.641666666666666,21.099999999999998,622.125,0.0,25.425,79.91666666666667,3.220833333333333,217.08333333333334,0.1,977.9083333333333,24
2023-12-07,14.566666666666668,20.870833333333334,677.7083333333334,0.0,24.8625,82.08333333333333,4.658333333333333,220.08333333333334,39.5,978.2416666666667,24
2023-12-08,12.450000000000001,17.841666666666665,721.4166666666666,0.0,24.3,87.04166666666667,4.154166666666667,192.83333333333334,3.6,977.4375,24
2023-12-09,19.833333333333332,28.4875,1027.125,0.0,25.016666666666666,83.83333333333333,2.8083333333333336,211.45833333333334,0.8,976.2291666666666,24
2023-12-10,17.708333333333332,25.40416666666667,870.7083333333334,0.0,25.245833333333334,83.33333333333333,3.4166666666666665,207.33333333333334,0.1,974.7833333333333,24
2023-12-11,20.108333333333334,28.795833333333334,967.9583333333334,0.0,25.366666666666664,81.54166666666667,3.4875000000000003,237.95833333333334,0.0,975.9625,24
2023-12-12,23.8125,34.074999999999996,880.6666666666666,0.0,25.358333333333334,82.20833333333333,4.045833333333333,249.08333333333334,0.2,976.1625,24
2023-12-13,27.599999999999998,38.27916666666667,935.125,0.0,24.833333333333332,82.04166666666667,4.741666666666666,251.58333333333334,0.3,977.5791666666668,24
2023-12-14,25.383333333333336,33.637499999999996,865.8333333333334,0.0,24.766666666666666,77.91666666666667,3.4375,238.04166666666666,0.0,978.6458333333334,24
2023-12-15,22.6125,36.541666666666664,878.3333333333334,0.0,24.40416666666667,77.29166666666667,3.4250000000000003,232.29166666666666,0.0,978.0833333333334,24
2023-12-16,21.875,31.604166666666668,866.0833333333334,0.0,23.520833333333332,77.45833333333333,3.9625,252.33333333333334,0.0,977.8833333333333,24
2023-12-17,23.545833333333334,34.175000000000004,772.25,0.0,23.150000000000002,76.375,4.104166666666667,253.125,0.0,978.9375,24
2023-12-18,26.991666666666664,39.12083333333333,917.25,0.0,23.541666666666668,78.25,4.245833333333333,259.3333333333333,0.2,979.5833333333334,24
2023-12-19,27.02916666666667,38.88333333333333,1031.375,0.0,23.5,76.33333333333333,3.8666666666666667,245.54166666666666,0.0,979.4458333333333,24
2023-12-20,26.525000000000002,38.4125,1035.9583333333333,0.25,22.875,72.58333333333333,4.554166666666666,252.45833333333334,0.0,978.9708333333333,24
2023-12-21,22.054166666666664,31.808333333333334,949.5,0.0,22.662499999999998,76.20833333333333,5.016666666666667,238.375,0.0,979.6125000000001,24
2023-12-22,18.224999999999998,26.258333333333336,811.875,0.0,22.275000000000002,68.375,6.7749999999999995,179.83333333333334,0.0,982.2624999999999,24
2023-12-23,17.508333333333333,25.525000000000002,668.4166666666666,0.0,19.691666666666666,70.33333333333333,5.920833333333333,308.875,0.0,984.4041666666667,24
2023-12-24,16.033333333333335,23.583333333333332,670.625,0.0,19.104166666666668,66.41666666666667,4.941666666666666,220.625,0.0,984.8458333333333,24
2023-12-25,18.270833333333332,26.629166666666666,771.0,0.0,19.5375,67.33333333333333,4.7875000000000005,239.70833333333334,0.0,983.3708333333334,24
2023-12-26,27.241666666666664,39.458333333333336,1081.0833333333333,0.0,20.254166666666666,71.41666666666667,4.529166666666667,222.45833333333334,0.0,982.6583333333333,24
2023-12-27,24.40416666666667,35.170833333333334,1028.9166666666667,0.0,21.204166666666666,72.91666666666667,4.3500000000000005,258.4583333333333,0.0,982.6208333333334,24
2023-12-28,23.425,33.7125,964.375,0.0,21.72083333333333,73.0,4.8,249.33333333333334,0.0,981.0875,24
2023-12-29,23.462500000000002,33.762499999999996,923.5833333333334,0.125,22.166666666666668,69.5,4.2250000000000005,245.08333333333334,0.0,979.8874999999999,24
2023-12-30,22.808333333333334,32.80416666666667,848.2083333333334,0.375,21.97083333333333,69.41666666666667,3.9416666666666664,245.66666666666666,0.0,978.7291666666666,24
2023-12-31,21.158333333333335,30.383333333333336,845.625,0.125,21.808333333333334,69.75,4.075,264.0833333333333,0.0,978.4625,24
2024-01-01,21.245833333333334,30.520833333333332,843.5416666666666,0.125,21.787499999999998,71.25,4.408333333333333,244.5,0.0,978.0083333333333,24
2024-01-02,16.820833333333333,24.083333333333332,904.625,0.0,22.212500000000002,68.54166666666667,3.6958333333333333,233.45833333333334,0.0,977.7416666666667,24
2024-01-03,20.375,29.133333333333336,881.0416666666666,0.0,22.241666666666664,69.16666666666667,4.391666666666667,242.0,0.0,977.9916666666667,24
2024-01-04,21.025000000000002,30.287499999999998,850.875,0.0,22.445833333333336,70.5,4.629166666666666,243.66666666666666,0.0,978.1291666666666,24
2024-01-05,16.658333333333335,24.170833333333334,790.75,0.0,22.995833333333334,67.625,3.5416666666666665,242.58333333333334,0.0,978.3541666666666,24
2024-01-06,18.645833333333332,27.108333333333334,879.375,0.0,22.90416666666667,70.58333333333333,3.7874999999999996,239.41666666666666,0.0,978.5833333333334,24
2024-01-07,18.620833333333334,26.97083333333333,875.125,0.0,23.616666666666664,74.0,4.241666666666666,265.125,0.1,978.4416666666666,24
2024-01-08,18.570833333333333,26.900000000000002,770.4583333333334,0.0,23.833333333333332,72.20833333333333,3.5041666666666664,227.29166666666666,0.0,977.9208333333332,24
2024-01-09,15.258333333333333,22.1125,807.5,0.0,24.054166666666664,69.04166666666667,3.404166666666667,237.33333333333334,0.0,976.5416666666666,24
2024-01-10,15.133333333333333,21.891666666666666,781.4583333333334,0.0,23.445833333333336,64.75,3.4458333333333333,254.66666666666666,0.0,975.7083333333334,24
2024-01-11,17.170833333333334,24.925,792.5833333333334,0.0,23.441666666666666,64.70833333333333,3.8708333333333336,245.70833333333334,0.0,976.1750000000001,24
2024-01-12,15.666666666666666,22.620833333333334,826.0,0.0,23.3875,66.375,3.1,232.66666666666666,0.0,975.6875,24
2024-01-13,16.570833333333333,23.754166666666666,740.0416666666666,0.0,23.90833333333333,62.333333333333336,3.0583333333333336,242.45833333333334,0.0,976.3625000000001,24
2024-01-14,22.820833333333336,32.87916666666667,652.6666666666666,0.0,22.84166666666667,80.54166666666667,4.458333333333333,243.83333333333334,4.1,978.5666666666666,24
2024-01-15,16.304166666666667,23.604166666666668,643.2916666666666,0.0,22.34583333333333,83.375,5.795833333333333,261.2916666666667,7.4,978.8583333333332,24
2024-01-16,19.150000000000002,27.704166666666666,728.375,0.0,21.866666666666664,84.5,4.020833333333333,242.79166666666666,3.1,978.2583333333333,24
2024-01-17,16.941666666666666,24.429166666666664,805.5833333333334,0.0,21.895833333333332,81.95833333333333,4.595833333333333,246.375,2.0,977.6791666666667,24
2024-01-18,20.099999999999998,29.070833333333336,976.0,0.0,22.066666666666666,78.54166666666667,4.1875,237.04166666666666,0.0,977.1625,24
2024-01-19,13.504166666666668,19.491666666666667,891.375,0.0,22.483333333333334,68.08333333333333,3.6291666666666664,238.04166666666666,0.0,976.5958333333333,24
2024-01-20,14.966666666666667,21.675,785.2916666666666,0.0,20.962500000000002,64.375,3.391666666666667,260.75,0.0,976.75,24
2024-01-21,14.583333333333334,21.154166666666665,805.0833333333334,0.0,20.8125,61.541666666666664,3.9958333333333336,240.58333333333334,0.0,977.3291666666668,24
2024-01-22,19.216666666666665,27.979166666666668,810.125,0.625,21.054166666666667,59.708333333333336,2.7125,254.70833333333334,0.0,978.3708333333334,24
2024-01-23,19.2,28.020833333333332,727.3333333333334,0.25,21.5625,63.166666666666664,4.366666666666666,245.45833333333334,0.0,978.6999999999999,24
2024-01-24,17.595833333333335,25.433333333333334,590.75,0.0,22.129166666666666,72.375,6.108333333333333,209.04166666666666,0.30000000000000004,980.1999999999999,24
2024-01-25,26.05,37.74583333333333,677.0833333333334,0.0,22.066666666666666,74.66666666666667,7.008333333333333,202.70833333333334,0.1,982.1750000000001,24
2024-01-26,16.520833333333332,23.775000000000002,645.9583333333334,0.0,20.75,78.95833333333333,5.908333333333334,216.83333333333334,0.0,982.9625,24
2024-01-27,17.412499999999998,25.120833333333334,628.75,0.0,20.775000000000002,81.625,5.025,240.375,0.0,981.775,24
2024-01-28,15.345833333333333,22.179166666666664,680.2083333333334,0.0,21.229166666666668,84.58333333333333,5.125,246.875,1.5,980.9333333333334,24
2024-01-29,15.916666666666666,23.058333333333334,607.2916666666666,0.125,22.791666666666668,81.5,6.329166666666667,154.875,1.5,980.2916666666666,24
2024-01-30,15.191666666666668,21.958333333333332,455.0,0.0,22.433333333333334,83.58333333333333,5.045833333333333,215.20833333333334,1.4,979.7291666666666,24
2024-01-31,12.708333333333334,18.2625,530.8333333333334,0.0,22.175,79.16666666666667,3.0041666666666664,205.625,0.0,979.4125,24
2024-02-01,13.395833333333334,19.287499999999998,761.375,0.0,22.854166666666668,63.458333333333336,3.1958333333333333,234.91666666666666,0.0,979.2624999999999,24
2024-02-02,12.237499999999999,17.587500000000002,764.8333333333334,0.0,22.554166666666664,60.958333333333336,3.845833333333333,231.58333333333334,0.0,978.1333333333333,24
2024-02-03,14.833333333333334,21.641666666666666,772.375,0.25,22.6375,56.916666666666664,4.3625,245.16666666666666,0.0,977.9041666666667,24
2024-02-04,23.5125,36.041666666666664,709.0833333333334,1.125,21.7625,56.583333333333336,3.0541666666666667,234.91666666666666,0.0,978.4833333333332,24
2024-02-05,18.758333333333333,28.099999999999998,827.375,1.4583333333333333,23.129166666666666,54.666666666666664,3.7416666666666667,233.25,0.0,978.4,24
2024-02-06,18.695833333333333,28.28333333333333,874.3333333333334,4.125,23.333333333333332,56.333333333333336,2.8791666666666664,256.7083333333333,0.0,978.5541666666667,24
2024-02-07,20.920833333333334,32.4,850.375,7.333333333333333,23.15416666666667,60.125,3.1,247.41666666666666,0.0,977.3958333333334,24
2024-02-08,24.537499999999998,38.8125,819.125,7.458333333333333,24.233333333333334,54.75,3.15,239.5,0.0,975.75,24
2024-02-09,24.275000000000002,36.737500000000004,803.0833333333334,4.75,25.27916666666667,56.541666666666664,3.795833333333333,218.79166666666666,0.0,976.8458333333333,24
2024-02-10,24.666666666666668,36.333333333333336,576.7083333333334,2.5,25.241666666666664,70.25,7.758333333333333,211.75,2.4,980.1083333333332,24
2024-02-11,37.15,53.824999999999996,765.625,0.75,23.65416666666667,75.54166666666667,6.108333333333333,205.375,1.4000000000000001,983.5500000000001,24
2024-02-12,37.09166666666667,54.30416666666667,1115.4166666666667,1.2916666666666667,23.245833333333334,69.08333333333333,5.2250000000000005,259.9166666666667,0.0,982.3666666666667,24
2024-02-13,22.337500000000002,32.65833333333333,912.25,0.625,24.566666666666666,60.541666666666664,3.733333333333333,243.04166666666666,0.0,980.3708333333334,24
2024-02-14,19.974999999999998,29.425,822.6666666666666,0.625,24.495833333333334,59.041666666666664,4.029166666666667,244.08333333333334,0.0,978.6750000000001,24
2024-02-15,24.120833333333334,35.166666666666664,966.5,0.25,24.354166666666668,57.833333333333336,4.379166666666666,280.75,0.0,978.6416666666668,24
2024-02-16,22.641666666666666,32.7875,815.625,0.125,25.045833333333334,56.75,4.466666666666667,245.58333333333334,0.0,978.1,24
2024-02-17,19.358333333333334,28.479166666666668,688.9166666666666,0.375,24.90416666666667,61.041666666666664,4.341666666666667,205.70833333333334,0.0,975.5958333333333,24
2024-02-18,15.708333333333334,23.308333333333334,793.75,0.625,23.27916666666667,58.708333333333336,5.0125,242.54166666666666,0.0,975.525,24
2024-02-19,15.933333333333332,23.3875,770.2083333333334,0.375,22.916666666666668,57.5,4.845833333333333,248.125,0.0,975.7583333333333,24
2024-02-20,14.808333333333332,21.7,716.4583333333334,0.125,23.858333333333334,55.791666666666664,6.654166666666666,230.75,0.0,974.75,24
2024-02-21,17.620833333333334,26.175,757.9583333333334,1.1666666666666667,22.599999999999998,53.25,4.3374999999999995,238.375,0.0,975.1208333333334,24
2024-02-22,20.625,30.695833333333336,837.875,1.125,23.875,49.833333333333336,4.204166666666667,250.0,0.0,976.2458333333334,24
2024-02-23,16.920833333333334,24.866666666666664,869.5,0.375,25.441666666666666,46.208333333333336,4.6,226.20833333333334,0.0,976.9125,24
2024-02-24,19.6375,28.741666666666664,799.6666666666666,0.25,23.983333333333334,48.125,3.9958333333333336,243.16666666666666,0.0,976.9708333333333,24
2024-02-25,23.116666666666664,33.94166666666667,802.2916666666666,0.0,26.287499999999998,48.125,2.529166666666667,246.0,0.0,976.8291666666668,24
2024-02-26,30.224999999999998,44.15,667.6666666666666,0.0,26.604166666666668,50.25,4.579166666666667,251.625,0.0,977.1125000000001,24
2024-02-27,29.129166666666666,42.512499999999996,622.5833333333334,0.0,27.333333333333332,62.25,6.629166666666666,229.83333333333334,0.0,976.2833333333333,24
2024-02-28,20.808333333333334,30.3,542.25,0.0,27.891666666666666,57.416666666666664,6.429166666666667,204.54166666666666,0.0,974.6875,24
2024-02-29,15.270833333333334,22.258333333333336,603.375,0.5,26.400000000000002,52.291666666666664,5.2749999999999995,229.83333333333334,0.0,974.5291666666667,24
2024-03-01,19.016666666666666,27.933333333333334,664.0416666666666,0.5833333333333334,26.84583333333333,47.708333333333336,4.004166666666667,239.375,0.0,975.1625,24
2024-03-02,21.84583333333333,32.11666666666667,506.0,0.75,28.245833333333334,46.458333333333336,5.3125,225.29166666666666,0.0,975.4583333333334,24
2024-03-03,18.191666666666666,27.008333333333336,476.1666666666667,0.6666666666666666,27.8875,54.25,5.983333333333333,212.29166666666666,0.1,974.9875000000001,24
2024-03-04,15.420833333333334,22.849999999999998,626.875,0.625,26.891666666666666,49.666666666666664,5.1875,211.79166666666666,0.0,973.9041666666667,24
2024-03-05,22.958333333333332,34.012499999999996,725.4583333333334,1.2083333333333333,26.95,47.916666666666664,4.220833333333333,218.91666666666666,0.0,973.2041666666668,24
2024-03-06,30.97083333333333,45.4375,880.875,1.5,27.170833333333334,43.666666666666664,3.9,227.875,0.0,972.475,24
2024-03-07,40.475,59.6,953.2083333333334,1.25,28.083333333333332,44.416666666666664,4.383333333333334,247.29166666666666,0.0,972.6083333333332,24
2024-03-08,34.3125,50.875,712.2916666666666,0.7083333333333334,28.820833333333336,47.666666666666664,5.841666666666666,219.125,0.0,972.9791666666666,24
2024-03-09,18.679166666666667,27.6375,512.9166666666666,0.5,28.7,42.125,6.533333333333334,224.75,0.0,973.5541666666667,24
2024-03-10,20.254166666666666,30.358333333333334,624.25,1.4583333333333333,28.633333333333336,39.833333333333336,5.683333333333334,216.5,0.0,975.7041666666668,24
2024-03-11,19.391666666666666,29.316666666666666,640.8333333333334,1.625,28.5,40.416666666666664,5.125,220.375,0.0,977.0583333333333,24
2024-03-12,20.108333333333334,30.104166666666668,396.9166666666667,0.6666666666666666,28.958333333333332,39.708333333333336,6.979166666666667,235.45833333333334,0.0,975.7875,24
2024-03-13,14.4125,21.2625,528.875,0.5,27.104166666666668,46.541666666666664,6.55,214.83333333333334,0.0,975.1458333333334,24
2024-03-14,30.52916666666667,45.36666666666667,795.7916666666666,2.75,26.458333333333332,41.708333333333336,3.8833333333333333,230.58333333333334,0.0,975.0166666666668,24
2024-03-15,47.520833333333336,70.39583333333333,1108.2083333333333,2.125,28.275000000000002,38.541666666666664,3.0124999999999997,232.625,0.0,975.1666666666666,24
2024-03-16,44.96666666666667,68.08333333333333,895.4583333333334,1.9166666666666667,29.133333333333336,40.0,5.420833333333333,204.66666666666666,0.0,975.85,24
2024-03-17,40.1,62.48333333333333,591.125,2.0416666666666665,29.545833333333334,43.333333333333336,4.979166666666667,187.20833333333334,0.4,975.6750000000001,24
2024-03-18,33.954166666666666,52.225,684.8333333333334,1.4166666666666667,29.97083333333333,43.958333333333336,4.991666666666666,201.91666666666666,0.0,974.6875,24
2024-03-19,44.47083333333333,67.01666666666667,783.7083333333334,1.7916666666666667,29.3875,48.458333333333336,5.875,189.95833333333334,0.8999999999999999,975.375,24
2024-03-20,26.933333333333334,38.80833333333333,605.2916666666666,0.0,26.129166666666666,72.29166666666667,6.691666666666666,192.83333333333334,7.0,979.6125000000001,24
2024-03-21,25.645833333333332,36.90416666666667,712.5416666666666,0.0,26.066666666666666,73.58333333333333,4.783333333333333,214.625,0.1,977.15,24
2024-03-22,22.1125,32.229166666666664,674.0416666666666,0.25,26.770833333333332,65.45833333333333,4.195833333333334,262.4583333333333,0.1,973.3416666666667,24
2024-03-23,15.525,23.041666666666668,628.7916666666666,0.75,27.3125,48.583333333333336,7.0625,237.04166666666666,0.0,972.3666666666667,24
2024-03-24,15.8125,23.78333333333333,524.875,1.9166666666666667,26.458333333333332,43.541666666666664,5.158333333333333,234.75,0.0,974.525,24
2024-03-25,19.974999999999998,29.933333333333334,604.0833333333334,2.7083333333333335,27.641666666666666,40.458333333333336,4.541666666666667,284.1666666666667,0.0,975.2208333333333,24
2024-03-26,26.4875,39.50416666666667,637.875,2.5833333333333335,28.433333333333334,39.375,5.745833333333334,222.625,0.0,976.025,24
2024-03-27,24.287499999999998,36.69583333333333,457.5416666666667,2.125,30.479166666666668,43.708333333333336,7.491666666666667,178.20833333333334,0.0,977.3791666666666,24
2024-03-28,21.041666666666668,32.4,542.9583333333334,2.375,28.9875,44.666666666666664,5.470833333333334,220.33333333333334,0.0,974.7375000000001,24
2024-03-29,23.420833333333334,36.354166666666664,625.9583333333334,2.125,29.891666666666666,35.625,6.266666666666667,238.33333333333334,0.0,974.2375000000001,24
2024-03-30,25.433333333333334,40.21666666666666,655.8333333333334,4.958333333333333,29.104166666666668,42.416666666666664,6.491666666666667,233.79166666666666,0.0,975.0375,24
2024-03-31,32.791666666666664,52.90833333333333,718.7916666666666,5.791666666666667,29.925,42.75,5.845833333333334,243.08333333333334,0.0,974.3416666666667,24
2024-04-01,29.229166666666668,46.90833333333333,631.9583333333334,3.8333333333333335,30.575,40.416666666666664,4.05,216.16666666666666,0.0,972.1583333333333,24
2024-04-02,28.6375,45.10833333333333,691.8333333333334,2.4583333333333335,30.508333333333336,39.458333333333336,4.791666666666667,242.41666666666666,0.0,970.7916666666666,24
2024-04-03,36.90416666666667,57.95416666666667,669.125,3.875,30.604166666666668,38.0,5.154166666666667,218.58333333333334,0.0,971.5666666666666,24
2024-04-04,30.254166666666666,47.6625,691.5416666666666,2.7083333333333335,31.233333333333334,42.583333333333336,4.0249999999999995,210.70833333333334,0.0,971.5666666666666,24
2024-04-05,33.65833333333333,52.50416666666666,712.8333333333334,3.9583333333333335,31.954166666666666,42.083333333333336,5.5,195.58333333333334,0.0,970.8375,24
2024-04-06,36.74583333333333,57.84166666666667,597.0416666666666,4.125,33.1875,43.458333333333336,6.075,176.45833333333334,0.0,971.3041666666667,24
2024-04-07,35.858333333333334,55.395833333333336,627.3333333333334,1.7916666666666667,33.6875,42.416666666666664,5.895833333333333,174.33333333333334,0.0,971.1833333333334,24
2024-04-08,34.15416666666667,52.050000000000004,601.9166666666666,1.125,33.02916666666666,42.458333333333336,4.7375,175.29166666666666,0.0,972.6166666666667,24
2024-04-09,37.65,56.40833333333333,765.625,0.5416666666666666,33.016666666666666,41.25,5.245833333333334,192.0,0.30000000000000004,973.5958333333333,24
2024-04-10,42.74166666666667,62.99583333333334,678.375,0.375,30.620833333333334,52.041666666666664,6.120833333333334,175.95833333333334,0.0,976.2083333333334,24
2024-04-11,41.329166666666666,60.112500000000004,684.75,0.375,29.90416666666667,58.166666666666664,5.1875,212.33333333333334,0.0,976.1,24
2024-04-12,30.170833333333334,44.0875,731.2083333333334,0.125,30.59583333333333,53.5,4.720833333333333,208.70833333333334,0.0,975.0833333333334,24
2024-04-13,33.86666666666667,49.8375,576.4583333333334,0.2916666666666667,30.491666666666664,55.333333333333336,4.570833333333334,220.375,0.1,974.1625,24
2024-04-14,25.9375,37.975,710.7916666666666,0.25,30.795833333333334,51.458333333333336,5.508333333333333,243.45833333333334,1.4,974.2083333333334,24
2024-04-15,26.483333333333334,39.11666666666667,683.625,0.875,28.691666666666666,67.29166666666667,5.866666666666667,244.95833333333334,7.2,974.9291666666667,24
2024-04-16,26.3625,39.25833333333333,705.9583333333334,0.9166666666666666,30.670833333333334,58.208333333333336,4.625,204.375,0.0,973.2041666666668,24
2024-04-17,20.7375,31.40416666666667,569.25,1.2083333333333333,31.8875,45.333333333333336,5.279166666666667,208.16666666666666,0.0,971.7958333333332,24
2024-04-18,27.383333333333336,42.79583333333333,576.2916666666666,2.5833333333333335,31.233333333333334,43.916666666666664,4.495833333333334,260.125,0.4,971.0041666666666,24
2024-04-19,30.675,49.333333333333336,604.25,4.625,30.875,53.25,5.233333333333333,240.91666666666666,0.1,969.5958333333333,24
2024-04-20,25.650000000000002,41.53333333333333,559.5416666666666,6.958333333333333,31.433333333333334,48.583333333333336,5.8125,193.29166666666666,0.0,969.2083333333334,24
2024-04-21,23.2375,37.229166666666664,569.875,7.25,32.65833333333333,41.458333333333336,5.520833333333333,213.75,0.0,970.0291666666667,24
2024-04-22,25.120833333333334,41.5875,464.6666666666667,9.0,32.7875,41.916666666666664,6.920833333333333,201.20833333333334,0.0,969.9375,24
2024-04-23,27.266666666666666,43.1625,501.9166666666667,2.875,32.75416666666667,44.375,5.666666666666667,228.625,0.0,969.5583333333334,24
2024-04-24,24.695833333333336,38.4125,517.5416666666666,1.8333333333333333,33.53333333333333,42.458333333333336,5.916666666666667,206.95833333333334,0.3,969.9250000000001,24
2024-04-25,26.816666666666666,41.949999999999996,505.5416666666667,2.3333333333333335,31.954166666666666,49.25,4.495833333333334,205.79166666666666,0.4,970.6416666666668,24
2024-04-26,22.291666666666668,34.88333333333333,520.0833333333334,1.625,31.983333333333334,47.375,4.6125,235.79166666666666,0.1,969.8791666666666,24
2024-04-27,30.195833333333336,47.1,549.7916666666666,2.4166666666666665,32.75,42.291666666666664,4.029166666666667,203.91666666666666,0.0,969.6458333333334,24
2024-04-28,30.566666666666666,48.24166666666667,452.875,3.125,32.854166666666664,43.25,4.75,205.83333333333334,0.0,970.2458333333334,24
2024-04-29,26.683333333333334,42.36666666666667,471.1666666666667,2.6666666666666665,33.65416666666667,44.333333333333336,5.441666666666666,234.41666666666666,0.0,970.7583333333333,24
2024-04-30,24.650000000000002,38.333333333333336,454.7083333333333,1.7083333333333333,33.99166666666667,38.958333333333336,5.4750000000000005,231.66666666666666,0.0,968.3833333333333,24
2024-05-01,26.870833333333334,40.775,501.7083333333333,1.875,33.75416666666667,39.625,5.016666666666667,210.625,0.30000000000000004,967.9166666666666,24
2024-05-02,35.09166666666667,53.95416666666666,446.5,2.625,33.641666666666666,41.458333333333336,5.8500000000000005,215.70833333333334,0.0,968.9291666666667,24
2024-05-03,29.070833333333336,43.770833333333336,477.9583333333333,0.7083333333333334,31.229166666666668,55.458333333333336,2.845833333333333,198.66666666666666,2.9,971.4541666666668,24
2024-05-04,26.375,40.12916666666667,553.2083333333334,2.0,30.27916666666667,58.583333333333336,3.720833333333333,215.625,0.0,970.8583333333332,24
2024-05-05,21.691666666666666,33.262499999999996,474.0,1.4166666666666667,31.45,54.666666666666664,4.595833333333333,249.33333333333334,0.0,969.7958333333332,24
2024-05-06,26.704166666666666,42.65,580.1666666666666,4.333333333333333,32.145833333333336,45.5,4.3,165.33333333333334,0.0,972.0166666666668,24
2024-05-07,35.34583333333334,54.5875,550.0833333333334,3.5416666666666665,30.754166666666666,53.583333333333336,7.195833333333333,189.95833333333334,0.30000000000000004,974.8458333333333,24
2024-05-08,33.791666666666664,50.71666666666667,453.0833333333333,2.8333333333333335,28.9875,65.45833333333333,5.0625,214.375,17.0,975.0333333333333,24
2024-05-09,29.325,44.09166666666667,472.5,2.25,28.575,71.70833333333333,5.6000000000000005,216.04166666666666,2.0,973.75,24
2024-05-10,21.97083333333333,32.333333333333336,393.3333333333333,0.625,27.4375,76.75,5.416666666666667,204.95833333333334,16.6,974.8458333333333,24
2024-05-11,22.612499999999997,33.045833333333334,470.1666666666667,0.4583333333333333,27.454166666666666,76.08333333333333,5.145833333333333,206.625,24.900000000000002,975.6833333333334,24
2024-05-12,18.458333333333332,26.679166666666664,576.1666666666666,0.0,28.558333333333334,73.125,3.6958333333333333,231.08333333333334,1.3,974.8916666666668,24
2024-05-13,23.400000000000002,34.275,536.7083333333334,1.0,29.400000000000002,72.25,4.2625,245.41666666666666,1.1,973.6583333333333,24
2024-05-14,19.6125,28.6875,503.4583333333333,0.9166666666666666,29.974999999999998,68.29166666666667,3.6625,205.70833333333334,4.9,973.9291666666667,24
2024-05-15,19.204166666666666,27.758333333333336,638.2916666666666,0.4166666666666667,29.3875,73.29166666666667,3.529166666666667,198.33333333333334,13.799999999999999,974.625,24
2024-05-16,27.15833333333333,39.074999999999996,783.0833333333334,0.375,31.383333333333336,62.791666666666664,5.666666666666667,188.66666666666666,3.9,974.1041666666666,24
2024-05-17,22.21666666666667,31.895833333333332,535.7916666666666,0.0,28.2,79.625,6.004166666666666,212.66666666666666,24.3,973.4041666666667,24
2024-05-18,17.441666666666666,25.083333333333332,554.4166666666666,0.0,29.1375,77.5,3.404166666666667,235.45833333333334,7.1,971.0916666666667,24
2024-05-19,18.670833333333334,26.95,705.5833333333334,0.125,30.52916666666667,70.16666666666667,3.85,139.79166666666666,3.3,969.2791666666667,24
2024-05-20,15.35,22.34166666666667,460.8333333333333,0.5,29.433333333333334,72.04166666666667,3.7375000000000003,130.125,39.2,969.5749999999999,24
2024-05-21,13.783333333333333,19.708333333333332,490.0833333333333,0.0,26.662499999999998,83.29166666666667,3.6333333333333333,181.41666666666666,30.3,972.1083333333332,24
2024-05-22,11.4125,16.304166666666667,509.6666666666667,0.0,26.979166666666668,81.04166666666667,4.458333333333333,209.66666666666666,22.8,972.3208333333333,24
2024-05-23,15.85,22.65416666666667,621.625,0.0,26.008333333333336,86.29166666666667,4.916666666666667,222.16666666666666,36.8,971.7708333333334,24
2024-05-24,7.841666666666666,11.2125,392.4166666666667,0.0,25.083333333333332,90.20833333333333,4.345833333333333,228.79166666666666,49.1,971.4458333333333,24
2024-05-25,6.091666666666666,8.729166666666666,352.0833333333333,0.0,24.9875,90.54166666666667,4.8500000000000005,215.16666666666666,37.1,971.9958333333334,24
2024-05-26,5.595833333333334,8.008333333333333,333.5416666666667,0.0,25.833333333333332,89.875,5.041666666666667,201.29166666666666,21.1,972.3541666666666,24
2024-05-27,6.929166666666667,9.945833333333333,382.5416666666667,0.0,26.77916666666667,86.41666666666667,4.491666666666666,201.0,19.0,971.125,24
2024-05-28,8.958333333333334,12.845833333333333,420.9583333333333,0.2916666666666667,27.941666666666666,82.41666666666667,5.1125,183.70833333333334,5.3,970.4875000000001,24
2024-05-29,12.354166666666666,17.766666666666666,490.625,0.375,27.90833333333333,82.0,4.7749999999999995,175.75,5.0,969.9541666666668,24
2024-05-30,16.474999999999998,24.825,576.7083333333334,2.3333333333333335,28.833333333333332,80.41666666666667,4.420833333333333,137.16666666666666,0.8,969.4916666666667,24
2024-05-31,20.8625,33.391666666666666,573.2083333333334,8.083333333333334,29.054166666666664,82.29166666666667,4.558333333333334,171.41666666666666,5.3,969.6583333333333,24
2024-06-01,14.245833333333332,21.383333333333336,516.0,2.5833333333333335,26.983333333333334,86.33333333333333,4.570833333333334,220.54166666666666,11.1,972.4291666666667,24
2024-06-02,7.6499999999999995,10.958333333333334,344.3333333333333,0.0,26.8875,85.79166666666667,3.358333333333333,192.54166666666666,12.9,973.8541666666666,24
2024-06-03,9.737499999999999,13.829166666666666,492.0833333333333,0.0,26.787499999999998,86.54166666666667,4.395833333333333,171.04166666666666,4.9,972.3666666666667,24
2024-06-04,13.25,19.2375,665.875,1.2916666666666667,27.775000000000002,80.83333333333333,4.1125,168.75,3.9,971.5833333333334,24
2024-06-05,15.579166666666666,23.179166666666664,595.4583333333334,3.75,27.308333333333334,82.16666666666667,4.320833333333334,141.91666666666666,5.2,971.5375,24
2024-06-06,10.758333333333333,15.387500000000001,459.4583333333333,0.5833333333333334,27.358333333333334,81.75,4.766666666666667,230.54166666666666,5.3,972.1374999999999,24
2024-06-07,10.0,14.174999999999999,467.3333333333333,0.08333333333333333,27.391666666666666,82.91666666666667,4.983333333333333,232.45833333333334,6.1,970.5124999999999,24
2024-06-08,13.283333333333333,19.25,587.5416666666666,1.5,27.133333333333336,84.375,3.7416666666666667,144.0,12.7,969.0916666666667,24
2024-06-09,15.883333333333333,24.412499999999998,638.7083333333334,6.583333333333333,27.1375,85.20833333333333,3.7458333333333336,162.95833333333334,3.4,968.7208333333333,24
2024-06-10,12.058333333333332,17.470833333333335,396.2916666666667,1.6666666666666667,26.416666666666668,87.16666666666667,4.329166666666667,205.58333333333334,20.1,969.9625,24
2024-06-11,8.1,11.512500000000001,355.625,0.125,25.754166666666666,89.5,5.25,214.5,37.0,971.2791666666667,24
2024-06-12,6.695833333333333,9.487499999999999,320.5416666666667,0.0,26.97083333333333,82.45833333333333,5.670833333333333,178.20833333333334,3.1,972.7041666666668,24
2024-06-13,7.25,10.379166666666666,384.25,0.0,26.425,84.95833333333333,3.7875,140.875,9.4,972.1750000000001,24
2024-06-14,6.083333333333333,8.716666666666667,346.7916666666667,0.0,27.287499999999998,80.91666666666667,5.179166666666667,169.79166666666666,2.5,970.0916666666667,24
2024-06-15,11.4125,16.55,563.9583333333334,0.7916666666666666,27.90833333333333,81.29166666666667,3.404166666666667,149.625,4.9,969.7083333333334,24
2024-06-16,15.0,21.45,877.9166666666666,0.125,27.483333333333334,83.54166666666667,4.0125,168.20833333333334,12.9,970.6666666666666,24
2024-06-17,12.470833333333333,17.820833333333333,727.9583333333334,0.2916666666666667,27.004166666666666,84.66666666666667,4.166666666666667,135.29166666666666,15.3,970.875,24
2024-06-18,10.15,14.9125,526.0833333333334,1.6666666666666667,27.03333333333333,84.25,4.783333333333333,157.66666666666666,12.8,970.1083333333332,24
2024-06-19,8.941666666666666,12.754166666666668,467.625,0.875,27.425,79.08333333333333,4.241666666666666,143.04166666666666,2.9,969.625,24
2024-06-20,8.3375,11.841666666666667,463.0416666666667,0.125,28.066666666666666,77.83333333333333,3.7083333333333335,144.45833333333334,1.2,969.2041666666668,24
2024-06-21,10.6,15.166666666666666,505.375,0.08333333333333333,28.104166666666668,80.0,4.0,164.875,1.8,968.5708333333333,24
2024-06-22,14.054166666666667,20.224999999999998,494.5416666666667,0.375,28.708333333333332,79.33333333333333,4.229166666666667,154.875,2.1,967.9416666666666,24
2024-06-23,14.391666666666666,20.5625,539.2083333333334,0.0,27.745833333333334,81.375,4.495833333333334,164.25,2.6,968.7666666666668,24
2024-06-24,13.700000000000001,19.4375,431.9583333333333,0.0,26.650000000000002,86.79166666666667,5.341666666666666,161.58333333333334,2.7,968.7083333333334,24
2024-06-25,14.191666666666668,20.191666666666666,446.5416666666667,0.0,26.3875,86.45833333333333,3.875,173.70833333333334,7.0,968.5416666666666,24
2024-06-26,8.708333333333334,12.4,376.125,0.0,25.558333333333334,89.70833333333333,4.5,222.875,25.9,970.5208333333334,24
2024-06-27,6.9875,9.991666666666667,336.0,0.0,26.104166666666668,87.0,5.483333333333333,244.58333333333334,19.5,972.8416666666667,24
2024-06-28,11.104166666666666,15.845833333333333,499.0833333333333,0.08333333333333333,27.28333333333333,84.16666666666667,3.9458333333333333,188.41666666666666,2.2,971.9250000000001,24
2024-06-29,10.6875,15.116666666666667,421.3333333333333,0.08333333333333333,27.462500000000002,83.0,4.329166666666667,155.0,24.5,971.9,24
2024-06-30,8.970833333333333,12.883333333333333,398.2083333333333,0.8333333333333334,26.733333333333334,88.16666666666667,4.066666666666666,141.375,26.3,972.7541666666666,24
2024-07-01,8.391666666666667,12.1875,409.6666666666667,0.5,26.541666666666668,83.0,5.0125,160.875,1.1,971.6833333333334,24
2024-07-02,10.470833333333333,15.549999999999999,549.5416666666666,2.1666666666666665,27.0625,80.29166666666667,4.154166666666667,160.16666666666666,16.599999999999998,970.5666666666666,24
2024-07-03,10.404166666666667,15.2875,518.9583333333334,1.875,26.945833333333336,82.83333333333333,4.220833333333333,164.79166666666666,11.5,971.5708333333333,24
2024-07-04,10.095833333333333,14.420833333333334,366.6666666666667,0.6666666666666666,26.445833333333336,86.875,3.4375,202.04166666666666,11.299999999999999,973.3708333333334,24
2024-07-05,11.845833333333333,17.054166666666667,413.3333333333333,1.5416666666666667,26.070833333333336,88.08333333333333,3.454166666666667,223.33333333333334,19.099999999999998,971.5291666666667,24
2024-07-06,12.033333333333333,17.150000000000002,400.5833333333333,1.5833333333333333,26.391666666666666,85.70833333333333,3.9458333333333333,210.83333333333334,16.7,970.5875,24
2024-07-07,8.341666666666667,11.879166666666668,335.5833333333333,0.5,26.804166666666664,83.83333333333333,5.045833333333333,190.0,3.7,971.0291666666667,24
2024-07-08,7.6875,10.908333333333333,342.7916666666667,0.0,26.541666666666668,85.75,4.495833333333334,230.70833333333334,25.3,971.4375,24
2024-07-09,12.820833333333333,18.220833333333335,420.375,0.9166666666666666,26.900000000000002,85.70833333333333,3.9,176.75,6.6,972.0375,24
2024-07-10,16.2625,22.954166666666666,585.0,0.9166666666666666,27.25,82.33333333333333,3.5583333333333336,171.79166666666666,28.3,972.3375,24
2024-07-11,10.954166666666666,15.629166666666668,486.9166666666667,0.625,26.545833333333334,88.16666666666667,3.4291666666666667,148.41666666666666,13.6,970.9583333333334,24
2024-07-12,11.554166666666667,16.395833333333332,640.625,0.08333333333333333,26.958333333333332,83.70833333333333,4.6499999999999995,137.58333333333334,12.0,969.2708333333334,24
2024-07-13,10.933333333333332,15.508333333333333,614.2916666666666,0.16666666666666666,27.170833333333334,82.5,4.8125,150.04166666666666,4.9,967.475,24
2024-07-14,9.987499999999999,14.158333333333333,452.75,0.0,27.150000000000002,83.29166666666667,4.804166666666666,175.54166666666666,7.1,968.4583333333334,24
2024-07-15,13.733333333333334,19.5,660.7916666666666,0.20833333333333334,27.008333333333336,86.375,3.7291666666666665,224.0,5.8,970.4208333333332,24
2024-07-16,11.625,16.525000000000002,521.2083333333334,0.0,26.96666666666667,87.08333333333333,2.954166666666667,134.875,26.8,969.5749999999999,24
2024-07-17,12.395833333333334,17.708333333333332,467.625,0.0,26.95,85.41666666666667,4.175,197.95833333333334,7.8,969.1541666666667,24
2024-07-18,14.483333333333334,20.662499999999998,639.2083333333334,0.0,26.308333333333334,88.79166666666667,4.133333333333334,167.20833333333334,11.700000000000001,969.1875,24
2024-07-19,10.195833333333333,14.545833333333334,477.3333333333333,0.0,26.170833333333334,89.95833333333333,4.1000000000000005,138.0,38.2,968.8708333333334,24
2024-07-20,10.154166666666667,14.479166666666666,504.375,0.0,26.504166666666666,87.75,3.608333333333333,149.875,16.9,970.4791666666666,24
2024-07-21,8.1625,11.637500000000001,448.9166666666667,0.0,26.504166666666666,86.33333333333333,3.0416666666666665,173.125,18.7,971.3249999999999,24
2024-07-22,10.016666666666667,14.308333333333332,554.9583333333334,0.0,25.675,89.625,3.6833333333333336,142.45833333333334,10.2,971.75,24
2024-07-23,9.908333333333333,14.174999999999999,504.0833333333333,0.16666666666666666,26.662499999999998,86.04166666666667,4.258333333333334,146.75,9.5,969.4875000000001,24
2024-07-24,8.595833333333333,12.341666666666667,541.9583333333334,0.20833333333333334,26.09583333333333,87.79166666666667,4.6499999999999995,145.45833333333334,19.9,966.5083333333333,24
2024-07-25,6.070833333333333,8.679166666666667,394.0833333333333,0.0,26.608333333333334,85.33333333333333,5.491666666666666,159.66666666666666,2.8000000000000003,965.4916666666667,24
2024-07-26,5.841666666666666,8.341666666666667,315.0833333333333,0.08333333333333333,25.333333333333332,91.25,5.083333333333333,152.04166666666666,34.6,967.2791666666667,24
2024-07-27,6.270833333333333,8.945833333333333,339.375,0.0,26.370833333333334,86.66666666666667,4.608333333333333,147.20833333333334,16.8,969.5875,24
2024-07-28,7.0375000000000005,10.033333333333333,340.2916666666667,0.0,25.704166666666666,89.75,4.858333333333333,187.29166666666666,27.900000000000002,969.4833333333332,24
2024-07-29,7.6875,10.950000000000001,370.375,0.0,26.34166666666667,86.58333333333333,3.6875,111.29166666666667,22.5,969.1083333333332,24
2024-07-30,7.9125000000000005,11.5,404.0416666666667,1.0416666666666667,25.333333333333332,91.5,3.5625,137.16666666666666,19.5,970.4666666666667,24
2024-07-31,6.5125,9.275,344.4583333333333,0.375,24.879166666666666,93.75,3.6208333333333336,148.91666666666666,36.3,971.6333333333333,24
2024-08-01,5.770833333333333,8.208333333333334,359.0,0.08333333333333333,24.541666666666668,92.5,3.470833333333333,205.875,37.8,972.8083333333334,24
2024-08-02,6.925,9.904166666666667,461.4166666666667,0.125,24.6875,92.33333333333333,3.704166666666667,171.08333333333334,10.1,972.725,24
2024-08-03,9.475,13.529166666666667,489.5416666666667,0.4583333333333333,25.5625,89.04166666666667,4.408333333333333,144.41666666666666,18.3,973.0,24
2024-08-04,11.495833333333332,16.375,485.375,0.5833333333333334,25.84166666666667,87.95833333333333,3.9125,160.91666666666666,11.6,972.8083333333334,24
2024-08-05,11.112499999999999,15.766666666666666,439.0,0.625,25.858333333333334,87.54166666666667,3.625,157.875,25.7,972.2916666666666,24
2024-08-06,11.929166666666667,16.7375,463.9166666666667,0.5833333333333334,25.96666666666667,86.54166666666667,3.966666666666667,179.66666666666666,17.1,971.7541666666666,24
2024-08-07,12.5,17.270833333333332,447.7916666666667,0.20833333333333334,26.420833333333334,85.25,3.8375000000000004,193.75,17.1,972.3958333333334,24
2024-08-08,15.033333333333333,20.904166666666665,599.7083333333334,0.4583333333333333,26.579166666666666,87.16666666666667,4.075,196.58333333333334,14.399999999999999,973.275,24
2024-08-09,17.416666666666668,24.620833333333334,816.2916666666666,1.375,27.545833333333334,81.875,3.8874999999999997,163.33333333333334,1.1,972.4416666666666,24
2024-08-10,12.191666666666668,17.433333333333334,627.3333333333334,0.7083333333333334,28.083333333333332,82.25,3.129166666666667,178.08333333333334,8.4,970.9416666666666,24
2024-08-11,12.870833333333332,18.683333333333334,657.0833333333334,1.25,27.8125,83.04166666666667,3.654166666666667,175.25,6.6,969.4291666666667,24
2024-08-12,17.1125,24.241666666666664,772.5,0.8333333333333334,26.15833333333333,90.83333333333333,3.795833333333333,148.58333333333334,5.2,969.1208333333334,24
2024-08-13,11.854166666666666,16.783333333333335,519.8333333333334,0.08333333333333333,25.891666666666666,91.83333333333333,3.9416666666666664,177.75,21.2,970.1999999999999,24
2024-08-14,12.975,18.504166666666666,565.4583333333334,0.8333333333333334,26.166666666666668,88.54166666666667,4.545833333333333,205.29166666666666,30.8,971.3041666666667,24
2024-08-15,11.429166666666667,16.083333333333332,555.1666666666666,0.4583333333333333,26.541666666666668,87.79166666666667,3.670833333333333,204.08333333333334,23.5,970.8958333333334,24
2024-08-16,14.183333333333332,20.054166666666667,596.875,0.0,26.462500000000002,89.0,3.5833333333333335,154.16666666666666,20.7,970.6208333333334,24
2024-08-17,11.254166666666668,15.987499999999999,491.2916666666667,0.0,26.474999999999998,88.08333333333333,4.404166666666667,196.58333333333334,4.8,971.9666666666667,24
2024-08-18,9.883333333333333,14.095833333333333,469.1666666666667,0.0,26.7,87.875,3.7083333333333335,173.70833333333334,18.0,972.7458333333334,24
2024-08-19,13.591666666666667,19.370833333333334,573.125,0.0,26.795833333333334,86.375,3.579166666666667,210.58333333333334,16.6,972.2208333333333,24
2024-08-20,16.495833333333334,23.504166666666666,710.5416666666666,0.0,25.712500000000002,89.58333333333333,3.829166666666667,161.08333333333334,4.7,973.0458333333332,24
2024-08-21,13.020833333333334,18.5625,752.25,0.0,25.46666666666667,92.5,3.2541666666666664,117.0,10.4,973.3083333333334,24
2024-08-22,9.783333333333333,13.941666666666668,544.5833333333334,0.0,25.8875,88.70833333333333,4.116666666666666,176.5,9.3,973.4291666666667,24
2024-08-23,8.416666666666666,11.983333333333334,424.875,0.0,25.412499999999998,88.41666666666667,4.3374999999999995,192.79166666666666,33.7,974.5625,24
2024-08-24,10.75,15.325000000000001,542.2083333333334,0.0,25.583333333333332,88.25,4.841666666666667,227.91666666666666,12.1,974.4625,24
2024-08-25,13.025,18.575,580.875,0.0,26.3,85.20833333333333,3.358333333333333,176.54166666666666,14.7,973.0625,24
2024-08-26,13.995833333333332,19.8875,794.9166666666666,0.0,26.587500000000002,84.79166666666667,4.458333333333333,152.70833333333334,5.1,972.0916666666667,24
2024-08-27,16.833333333333332,23.8625,666.6666666666666,0.0,25.420833333333334,90.875,3.3541666666666665,187.08333333333334,20.2,972.5124999999999,24
2024-08-28,13.058333333333332,18.533333333333335,504.1666666666667,0.0,25.191666666666666,90.875,3.0541666666666667,180.375,10.3,971.6416666666668,24
2024-08-29,9.591666666666667,13.616666666666667,434.4583333333333,0.0,25.416666666666668,88.70833333333333,4.2749999999999995,192.45833333333334,13.200000000000001,971.5458333333332,24
2024-08-30,11.966666666666667,17.1125,464.1666666666667,0.0,26.304166666666664,85.625,4.616666666666666,179.95833333333334,2.5,972.0041666666666,24
2024-08-31,13.7875,19.758333333333333,616.125,0.0,26.208333333333332,86.16666666666667,4.408333333333333,161.41666666666666,10.200000000000001,972.3125,24
2024-09-01,14.950000000000001,21.349999999999998,583.8333333333334,0.0,26.55,84.625,3.1875,202.54166666666666,1.2,971.8791666666666,24
2024-09-02,16.441666666666666,23.474999999999998,676.4166666666666,0.0,26.695833333333336,85.75,2.845833333333333,210.70833333333334,2.3,971.9541666666668,24
2024-09-03,21.479166666666668,30.741666666666664,755.5833333333334,0.0,26.954166666666666,83.125,4.1000000000000005,208.20833333333334,1.5999999999999999,972.6458333333334,24
2024-09-04,19.412499999999998,27.8,698.0416666666666,0.0,27.516666666666666,78.0,4.683333333333334,184.70833333333334,0.0,970.5916666666667,24
2024-09-05,13.070833333333333,18.670833333333334,626.6666666666666,0.0,27.34166666666667,82.625,3.795833333333333,179.04166666666666,3.1,969.3375,24
2024-09-06,12.370833333333332,17.629166666666666,562.7916666666666,0.08333333333333333,26.883333333333336,83.95833333333333,4.441666666666666,165.625,2.3,969.5375,24
2024-09-07,9.979166666666666,14.237499999999999,485.4166666666667,0.20833333333333334,27.516666666666666,80.20833333333333,4.795833333333333,142.20833333333334,0.2,969.8166666666666,24
2024-09-08,7.175,10.241666666666667,468.8333333333333,0.0,26.854166666666668,81.79166666666667,4.8999999999999995,152.875,3.0,970.1583333333333,24
2024-09-09,9.125,13.020833333333334,518.1666666666666,0.08333333333333333,26.383333333333336,85.625,4.0249999999999995,154.125,3.1,969.3291666666668,24
2024-09-10,6.066666666666666,8.658333333333333,412.3333333333333,0.0,24.829166666666666,94.33333333333333,5.295833333333333,148.29166666666666,24.1,968.6291666666666,24
2024-09-11,5.875,8.370833333333334,372.625,0.0,25.099999999999998,89.83333333333333,4.170833333333333,199.95833333333334,25.5,971.4833333333332,24
2024-09-12,9.454166666666667,13.583333333333334,462.9583333333333,0.0,25.3125,88.70833333333333,3.220833333333333,210.25,11.6,972.7541666666666,24
2024-09-13,12.079166666666666,17.629166666666666,610.0833333333334,1.1666666666666667,25.945833333333336,88.04166666666667,3.5708333333333333,227.45833333333334,10.9,971.2708333333334,24
2024-09-14,14.679166666666667,21.175,712.125,0.8333333333333334,26.454166666666666,87.41666666666667,3.7458333333333336,191.375,3.8,969.7875,24
2024-09-15,18.6375,26.708333333333332,730.3333333333334,0.75,26.716666666666665,84.25,3.3666666666666667,168.33333333333334,11.5,969.4,24
2024-09-16,19.224999999999998,27.92916666666667,796.5,2.1666666666666665,26.7625,84.875,3.6958333333333333,171.25,3.4,969.9041666666667,24
2024-09-17,18.470833333333335,26.320833333333336,761.125,0.20833333333333334,26.6875,86.91666666666667,4.441666666666666,188.25,28.5,969.8249999999999,24
2024-09-18,20.179166666666667,28.9375,838.7916666666666,0.0,26.5,87.29166666666667,3.7458333333333336,166.58333333333334,3.4,969.3958333333334,24
2024-09-19,22.608333333333334,32.56666666666667,900.4166666666666,0.0,27.420833333333334,83.125,3.7624999999999997,169.16666666666666,4.7,968.6041666666666,24
2024-09-20,24.479166666666668,35.199999999999996,965.875,0.0,26.09583333333333,89.75,3.4875000000000003,192.04166666666666,11.5,968.6833333333334,24
2024-09-21,22.025000000000002,31.670833333333334,723.625,0.0,25.6875,92.16666666666667,3.5625,127.75,18.0,969.0500000000001,24
2024-09-22,15.275,21.858333333333334,558.375,0.0,25.8,88.625,4.375,227.83333333333334,20.6,970.0333333333333,24
2024-09-23,12.299999999999999,17.5625,629.2916666666666,0.0,24.429166666666664,92.5,2.0541666666666667,200.25,61.6,972.8666666666667,24
2024-09-24,13.120833333333332,18.75,539.0,0.0,24.8125,90.33333333333333,3.3625000000000003,148.41666666666666,57.9,974.4916666666667,24
2024-09-25,11.295833333333334,16.1375,515.9166666666666,0.20833333333333334,24.400000000000002,91.45833333333333,3.5208333333333335,173.83333333333334,38.8,975.4833333333332,24
2024-09-26,10.395833333333334,14.825000000000001,397.5,0.4583333333333333,25.145833333333332,88.25,3.4875000000000003,143.20833333333334,15.100000000000001,975.7708333333334,24
2024-09-27,19.150000000000002,27.3875,700.1666666666666,0.4166666666666667,25.775000000000002,88.16666666666667,2.7708333333333335,194.41666666666666,4.2,975.5958333333333,24
2024-09-28,26.770833333333332,38.208333333333336,1060.875,0.0,26.90416666666667,86.04166666666667,3.35,232.66666666666666,0.0,974.1833333333334,24
2024-09-29,24.1875,34.458333333333336,888.875,0.0,27.34583333333333,86.83333333333333,2.5875,202.75,3.2,973.0833333333334,24
2024-09-30,18.454166666666666,26.266666666666666,717.6666666666666,0.125,27.28333333333333,87.375,3.65,170.66666666666666,5.2,971.4583333333334,24
2024-10-01,14.012500000000001,19.879166666666666,622.0416666666666,0.0,25.90416666666667,89.625,4.3374999999999995,166.41666666666666,31.900000000000002,971.2166666666667,24
2024-10-02,11.975,17.058333333333334,496.1666666666667,0.0,23.566666666666666,93.45833333333333,5.5375000000000005,245.75,49.9,974.1999999999999,24
2024-10-03,9.995833333333334,14.25,489.2916666666667,0.0,23.920833333333334,91.58333333333333,4.879166666666667,224.58333333333334,64.8,975.4499999999999,24
2024-10-04,10.504166666666666,15.004166666666668,596.3333333333334,0.0,24.854166666666668,87.125,3.795833333333333,226.75,43.9,976.65,24
2024-10-05,16.329166666666666,23.395833333333332,750.0833333333334,0.0,25.570833333333336,83.66666666666667,3.3249999999999997,209.54166666666666,1.6,976.3874999999999,24
2024-10-06,28.245833333333334,40.525,883.0,0.0,26.27916666666667,80.58333333333333,3.85,244.625,4.1,976.975,24
2024-10-07,29.204166666666666,41.99583333333333,725.875,0.0,26.3125,83.70833333333333,3.5875,235.66666666666666,0.30000000000000004,977.7833333333333,24
2024-10-08,26.337500000000002,37.69583333333333,834.4583333333334,0.0,26.429166666666664,80.45833333333333,2.5416666666666665,230.66666666666666,0.0,977.5291666666667,24
2024-10-09,30.445833333333336,43.6875,1030.1666666666667,0.0,26.15833333333333,82.375,3.641666666666667,248.875,0.7999999999999999,976.0958333333333,24
2024-10-10,23.308333333333334,33.449999999999996,721.1666666666666,0.0,25.45,86.0,4.3625,213.75,8.700000000000001,975.7833333333333,24
2024-10-11,21.220833333333335,30.545833333333334,700.9583333333334,0.0,25.366666666666664,86.375,3.5041666666666664,220.08333333333334,5.1000000000000005,975.5791666666668,24
2024-10-12,30.2625,43.55416666666667,829.4583333333334,0.0,26.287499999999998,79.45833333333333,3.4250000000000003,228.20833333333334,0.0,976.2666666666668,24
2024-10-13,33.887499999999996,48.92083333333333,1005.7916666666666,0.0,26.45,81.0,3.7624999999999997,236.66666666666666,0.4,976.2958333333332,24
2024-10-14,21.087500000000002,30.337500000000002,741.625,0.0,26.258333333333336,84.58333333333333,3.7083333333333335,211.91666666666666,1.2,975.625,24
2024-10-15,23.108333333333334,33.145833333333336,783.7083333333334,0.0,26.070833333333336,86.45833333333333,3.6333333333333333,249.91666666666666,4.2,975.5333333333333,24
2024-10-16,23.708333333333332,34.12083333333333,688.375,0.0,26.45,82.95833333333333,3.75,225.08333333333334,0.2,975.8249999999999,24
2024-10-17,15.808333333333332,22.65416666666667,645.5833333333334,0.0,26.099999999999998,84.70833333333333,2.954166666666667,253.45833333333334,9.8,975.7333333333332,24
2024-10-18,24.129166666666666,34.50416666666667,1088.7916666666667,0.0,26.349999999999998,83.45833333333333,4.233333333333333,225.45833333333334,12.3,975.1875,24
2024-10-19,23.287499999999998,33.375,864.4583333333334,0.0,26.075,85.5,4.383333333333334,183.54166666666666,2.5999999999999996,976.0375,24
2024-10-20,17.162499999999998,24.5625,763.2083333333334,0.0,25.25,88.875,4.204166666666667,220.66666666666666,23.3,977.3541666666666,24
2024-10-21,13.816666666666668,19.966666666666665,594.1666666666666,0.0,25.204166666666666,86.125,3.1,229.75,9.5,977.2375000000001,24
2024-10-22,16.625,23.883333333333336,682.0416666666666,0.0,25.395833333333332,86.875,3.220833333333333,214.66666666666666,6.0,976.7833333333333,24
2024-10-23,15.441666666666668,22.3625,729.1666666666666,0.0,24.920833333333334,86.125,2.966666666666667,247.54166666666666,2.5,977.3833333333333,24
2024-10-24,24.608333333333334,35.5375,995.7083333333334,0.0,25.516666666666666,82.08333333333333,3.3000000000000003,211.75,0.0,976.2333333333332,24
2024-10-25,21.316666666666666,30.599999999999998,1045.5,0.0,26.070833333333336,83.75,2.7624999999999997,211.08333333333334,0.1,974.5375,24
2024-10-26,16.320833333333333,23.7,1673.625,0.0,26.991666666666664,82.375,2.8958333333333335,221.91666666666666,0.0,972.4291666666667,24
2024-10-27,14.137500000000001,20.3,1794.1666666666667,0.0,27.0,83.70833333333333,3.158333333333333,228.45833333333334,0.6,971.0541666666667,24
2024-10-28,14.525,20.879166666666666,1155.8333333333333,0.0,26.604166666666668,74.75,5.470833333333334,318.625,0.0,971.6166666666667,24
2024-10-29,17.341666666666665,24.945833333333336,1780.6666666666667,0.0,25.929166666666664,73.83333333333333,3.391666666666667,251.75,0.0,973.2583333333333,24
2024-10-30,24.541666666666668,35.1625,2038.4583333333333,0.0,26.09166666666667,76.125,3.35,236.625,0.0,974.9291666666667,24
2024-10-31,25.141666666666666,36.079166666666666,2393.4583333333335,0.25,26.054166666666664,80.20833333333333,3.1208333333333336,227.25,0.0,974.7833333333333,24
2024-11-01,23.641666666666666,34.045833333333334,2132.0416666666665,0.25,26.47083333333333,80.20833333333333,3.2458333333333336,221.66666666666666,0.30000000000000004,975.3333333333334,24
2024-11-02,19.875,28.545833333333334,1662.125,0.0,25.254166666666666,82.16666666666667,4.2749999999999995,270.375,4.3,977.2791666666667,24
2024-11-03,23.604166666666668,33.9,1598.25,0.0,24.708333333333332,79.83333333333333,4.141666666666667,186.375,0.7,978.0166666666668,24
2024-11-04,18.008333333333333,25.920833333333334,1488.75,0.0,24.166666666666668,70.58333333333333,4.2625,245.375,0.0,977.8208333333333,24
2024-11-05,17.841666666666665,25.837500000000002,949.2083333333334,0.0,24.0625,79.29166666666667,5.304166666666666,255.29166666666666,1.3,978.9541666666668,24
2024-11-06,11.450000000000001,16.445833333333333,1038.2916666666667,0.0,23.254166666666666,86.20833333333333,4.333333333333333,245.33333333333334,8.5,979.5875,24
2024-11-07,14.4375,20.995833333333334,973.7083333333334,0.0,22.241666666666664,89.75,3.9416666666666664,274.6666666666667,12.4,979.4416666666666,24
2024-11-08,15.729166666666666,22.691666666666666,879.5416666666666,0.0,22.316666666666666,84.5,6.366666666666667,308.2083333333333,4.6,979.4,24
2024-11-09,22.400000000000002,32.65,1623.5833333333333,0.0,22.6875,82.25,3.7541666666666664,270.6666666666667,0.6000000000000001,978.6625,24
2024-11-10,23.6875,34.34583333333333,1846.2083333333333,0.0,23.8125,82.54166666666667,3.1791666666666667,242.83333333333334,0.2,978.0375,24
2024-11-11,23.754166666666666,34.204166666666666,1845.9583333333333,0.0,23.820833333333336,80.25,3.65,251.79166666666666,0.0,977.2041666666668,24
2024-11-12,27.916666666666668,36.3375,1915.4166666666667,0.0,24.28333333333333,78.16666666666667,2.7458333333333336,236.125,0.0,976.2624999999999,24
2024-11-13,32.025,32.141666666666666,1837.375,0.0,25.254166666666666,74.375,2.8833333333333333,252.0,0.0,975.1083333333332,24
2024-11-14,23.96666666666667,24.05,1659.25,0.0,25.8625,78.33333333333333,2.2041666666666666,247.25,0.0,975.2833333333333,24
2024-11-15,19.599999999999998,19.7625,1454.9583333333333,0.0,26.1375,71.91666666666667,2.9458333333333333,308.7916666666667,0.0,974.8333333333334,24
2024-11-16,21.570833333333336,21.8625,1347.25,0.0,25.395833333333332,71.79166666666667,3.9333333333333336,309.6666666666667,0.0,974.7958333333332,24
2024-11-17,19.2,19.408333333333335,1341.9166666666667,0.0,25.55,71.45833333333333,4.295833333333333,264.1666666666667,0.0,975.5166666666668,24
2024-11-18,24.620833333333334,24.775000000000002,1346.5,0.0,24.579166666666666,80.33333333333333,4.216666666666667,268.5833333333333,0.4,977.4583333333334,24
2024-11-19,24.070833333333336,24.245833333333334,1235.125,0.0,24.166666666666668,77.5,3.6041666666666665,249.75,0.2,978.4875000000001,24
2024-11-20,26.88333333333333,27.05,1497.875,0.0,24.150000000000002,77.16666666666667,3.3333333333333335,277.5416666666667,0.1,977.9583333333334,24
2024-11-21,27.329166666666666,27.445833333333336,1497.5416666666667,0.0,24.079166666666666,77.375,3.0124999999999997,243.0,0.0,977.5124999999999,24
2024-11-22,27.21666666666667,27.308333333333334,1368.5416666666667,0.0,23.804166666666664,77.125,3.654166666666667,256.875,0.0,977.5791666666668,24
2024-11-23,22.183333333333334,22.2625,1389.25,0.0,24.2625,73.75,3.4458333333333333,249.125,0.0,978.1750000000001,24
2024-11-24,29.525000000000002,29.712500000000002,1416.2916666666667,0.0,24.116666666666664,79.66666666666667,3.3000000000000003,285.6666666666667,0.0,977.9833333333332,24
2024-11-25,33.108333333333334,33.35,1412.125,0.0,24.629166666666666,78.33333333333333,2.8083333333333336,247.91666666666666,0.0,977.5500000000001,24
2024-11-26,30.825,31.183333333333334,1318.875,0.0,24.641666666666666,80.75,3.5500000000000003,253.33333333333334,0.0,977.5083333333333,24
2024-11-27,29.833333333333332,30.208333333333332,1250.875,0.0,23.829166666666666,84.04166666666667,3.766666666666667,255.58333333333334,0.9,977.9125,24
2024-11-28,19.754166666666666,19.883333333333333,1156.5833333333333,0.0,23.945833333333336,80.375,4.570833333333334,231.54166666666666,6.3,979.375,24
2024-11-29,27.808333333333334,27.895833333333332,1079.5833333333333,0.0,23.2,78.125,3.641666666666667,228.625,0.0,979.7541666666666,24
2024-11-30,30.6125,30.712500000000002,1341.9166666666667,0.0,22.945833333333336,76.33333333333333,3.0416666666666665,222.16666666666666,0.0,977.7791666666667,24
2024-12-01,27.474999999999998,27.766666666666666,1569.0416666666667,0.5,23.2375,76.58333333333333,3.0583333333333336,243.70833333333334,0.0,975.5666666666666,24
2024-12-02,32.4125,32.795833333333334,1682.4583333333333,0.7916666666666666,24.15833333333333,74.45833333333333,2.8000000000000003,249.875,0.0,975.2916666666666,24
2024-12-03,28.47083333333333,28.583333333333332,1583.4583333333333,0.0,25.037499999999998,75.25,2.5749999999999997,238.58333333333334,0.0,975.5875,24
2024-12-04,31.520833333333332,31.641666666666666,1588.0,0.0,25.5125,76.66666666666667,2.8625000000000003,259.875,0.5,975.2791666666667,24
2024-12-05,31.241666666666664,31.370833333333334,1204.7916666666667,0.0,25.1125,80.91666666666667,3.233333333333333,230.33333333333334,13.7,975.1708333333332,24
2024-12-06,22.979166666666668,23.108333333333334,929.0,0.0,24.837500000000002,78.875,4.120833333333334,243.5,0.4,974.6875,24
2024-12-07,25.741666666666664,25.974999999999998,1248.9166666666667,0.0,24.8625,77.83333333333333,3.0083333333333333,239.04166666666666,0.4,976.1791666666667,24
2024-12-08,33.391666666666666,33.762499999999996,1338.75,0.0,24.858333333333334,78.5,3.5666666666666664,270.8333333333333,0.2,977.3041666666667,24
2024-12-09,35.36666666666667,35.69583333333333,1560.25,0.0,24.633333333333336,79.91666666666667,3.375,262.3333333333333,0.4,976.7166666666667,24
2024-12-10,32.42916666666667,32.550000000000004,1520.9166666666667,0.0,24.566666666666666,79.08333333333333,2.6083333333333334,241.75,0.2,975.5375,24
2024-12-11,29.09583333333333,29.212500000000002,1335.0,0.0,24.416666666666668,76.79166666666667,3.2083333333333335,235.66666666666666,0.0,975.5625,24
2024-12-12,27.070833333333336,27.25,1259.7083333333333,0.0,23.587500000000002,72.25,3.7083333333333335,238.33333333333334,0.0,975.5916666666667,24
2024-12-13,22.2375,22.320833333333336,1118.875,0.0,24.254166666666666,73.16666666666667,4.504166666666666,244.91666666666666,0.5,976.7041666666668,24
2024-12-14,27.974999999999998,28.0125,1427.2083333333333,0.0,23.52916666666667,85.04166666666667,2.6416666666666666,197.20833333333334,1.4,978.9625,24
2024-12-15,15.424999999999999,15.450000000000001,987.375,0.0,23.104166666666668,81.54166666666667,3.920833333333333,221.04166666666666,0.7000000000000001,980.8208333333333,24
2024-12-16,19.575,19.599999999999998,984.2916666666666,0.0,22.066666666666666,78.95833333333333,5.341666666666666,218.54166666666666,1.6,981.2083333333334,24
2024-12-17,25.0625,25.09166666666667,1004.875,0.0,22.108333333333334,78.25,4.325,216.25,0.0,979.4166666666666,24
2024-12-18,25.545833333333334,25.558333333333334,1326.75,0.0,22.5,78.25,3.1333333333333333,245.125,0.0,978.5416666666666,24
2024-12-19,31.400000000000002,31.425,1479.6666666666667,0.0,22.34583333333333,76.16666666666667,2.4499999999999997,217.91666666666666,0.2,979.0333333333333,24
2024-12-20,35.166666666666664,35.21666666666667,1320.9583333333333,0.0,21.608333333333334,74.45833333333333,2.625,214.04166666666666,0.0,978.0500000000001,24
2024-12-21,33.84583333333333,33.92916666666667,1548.2083333333333,0.0,21.4875,71.45833333333333,2.2375000000000003,214.875,0.0,978.1416666666668,24
2024-12-22,38.81666666666667,38.96666666666667,1585.7916666666667,0.0,20.945833333333333,72.70833333333333,2.3041666666666667,215.75,0.0,978.4291666666667,24
2024-12-23,41.483333333333334,41.6625,1573.125,0.0,20.966666666666665,74.875,3.029166666666667,248.5,0.0,978.2041666666668,24
2024-12-24,37.99583333333333,38.300000000000004,1390.8333333333333,0.2916666666666667,21.158333333333335,74.5,2.9625,218.45833333333334,0.0,979.0708333333333,24
2024-12-25,28.71666666666667,29.07083333333333,1526.4166666666667,1.0,20.779166666666665,73.58333333333333,2.7291666666666665,251.91666666666666,0.0,980.1333333333333,24
2024-12-26,30.491666666666664,31.087500000000002,1447.0416666666667,1.25,21.212500000000002,73.04166666666667,2.2333333333333334,225.08333333333334,0.0,981.0875,24
2024-12-27,23.9375,24.1875,1540.625,0.375,21.729166666666668,76.20833333333333,3.0583333333333336,229.0,0.0,981.2083333333334,24
2024-12-28,18.545833333333334,18.583333333333332,1234.5416666666667,0.0,22.745833333333334,72.125,3.375,263.3333333333333,0.0,981.4375,24
2024-12-29,25.145833333333332,25.166666666666668,1219.8333333333333,0.0,22.349999999999998,71.875,3.1208333333333336,234.45833333333334,0.0,980.0583333333334,24
2024-12-30,32.354166666666664,32.354166666666664,1333.875,0.0,22.308333333333334,75.58333333333333,2.9291666666666667,227.625,0.0,979.1958333333333,24
2024-12-31,33.03333333333333,33.06666666666667,1234.125,0.0,22.233333333333334,78.20833333333333,3.8958333333333335,273.125,0.0,978.7541666666666,24
2025-01-01,31.525000000000002,31.8625,1597.5,0.5,22.166666666666668,74.875,2.5208333333333335,233.33333333333334,0.0,977.5375,24
2025-01-02,37.3375,38.52916666666667,1429.0416666666667,2.4166666666666665,21.65833333333333,73.125,3.225,245.0,0.0,977.625,24
2025-01-03,33.19166666666667,34.766666666666666,1438.5833333333333,3.25,21.820833333333336,71.33333333333333,2.7708333333333335,288.2916666666667,0.0,978.9375,24
2025-01-04,25.883333333333336,26.47083333333333,1267.5,0.8333333333333334,21.295833333333334,70.33333333333333,3.170833333333333,233.95833333333334,0.0,978.2041666666668,24
2025-01-05,38.02916666666667,38.44583333333333,1431.2916666666667,0.875,20.55,68.66666666666667,3.3375,273.2083333333333,0.0,979.8916666666668,24
2025-01-06,33.1625,33.5875,1456.75,1.0,19.983333333333334,69.66666666666667,3.3249999999999997,237.83333333333334,0.0,978.5416666666666,24
2025-01-07,35.862500000000004,36.1625,1448.5,0.75,19.849999999999998,67.0,2.5916666666666663,242.125,0.0,977.5833333333334,24
2025-01-08,37.55833333333333,37.795833333333334,1605.5416666666667,0.0,20.275000000000002,72.16666666666667,3.1166666666666667,272.6666666666667,0.0,977.3125,24
2025-01-09,35.25416666666667,35.55833333333333,1377.9583333333333,0.375,21.53333333333333,72.20833333333333,2.9791666666666665,276.9583333333333,0.0,979.0458333333332,24
2025-01-10,38.09166666666667,39.24166666666667,1120.2083333333333,2.0833333333333335,22.275000000000002,69.375,4.145833333333333,215.45833333333334,0.0,981.5749999999999,24
2025-01-11,23.55,24.46666666666667,1160.875,1.75,21.2375,64.41666666666667,4.745833333333333,219.33333333333334,0.0,983.1708333333332,24
2025-01-12,24.6125,24.825,1071.5416666666667,0.5416666666666666,18.795833333333334,69.79166666666667,4.970833333333333,307.2083333333333,0.30000000000000004,983.8125,24
2025-01-13,24.683333333333334,24.858333333333334,1231.8333333333333,0.0,17.404166666666665,67.08333333333333,3.404166666666667,238.04166666666666,0.0,980.6416666666668,24
2025-01-14,28.087500000000002,28.174999999999997,1454.6666666666667,0.0,18.537499999999998,68.70833333333333,2.6458333333333335,237.70833333333334,0.0,980.5416666666666,24
2025-01-15,25.433333333333334,25.5125,1252.4166666666667,0.0,19.175,71.125,4.325,226.20833333333334,0.0,981.4583333333334,24
2025-01-16,15.204166666666666,15.225,1092.1666666666667,0.0,20.208333333333332,65.75,5.120833333333334,260.5416666666667,0.0,981.7333333333332,24
2025-01-17,27.433333333333334,27.445833333333336,1355.0416666666667,0.0,20.283333333333335,68.875,4.291666666666667,243.04166666666666,0.0,979.8166666666666,24
2025-01-18,34.37916666666667,34.4,1476.875,0.0,20.641666666666666,68.58333333333333,2.891666666666667,259.375,0.0,978.0124999999999,24
2025-01-19,32.916666666666664,32.925000000000004,1436.0833333333333,0.0,20.879166666666666,66.20833333333333,2.9791666666666665,246.75,0.0,976.5749999999999,24
2025-01-20,31.825000000000003,31.829166666666666,1543.625,0.0,21.170833333333334,64.45833333333333,2.245833333333333,252.41666666666666,0.0,975.3625000000001,24
2025-01-21,26.2625,26.287499999999998,1730.4583333333333,0.0,21.433333333333334,69.04166666666667,2.308333333333333,250.0,0.0,975.2458333333334,24
2025-01-22,28.683333333333334,28.766666666666666,1812.75,0.0,21.375,68.45833333333333,1.8583333333333334,245.95833333333334,0.0,975.7166666666667,24
2025-01-23,35.275,35.375,1638.5833333333333,0.0,21.633333333333336,68.125,2.3541666666666665,245.04166666666666,0.0,976.1208333333334,24
2025-01-24,29.09583333333333,29.1125,1553.0833333333333,0.0,21.645833333333332,69.0,2.404166666666667,233.95833333333334,0.0,974.6333333333333,24
2025-01-25,28.045833333333334,28.233333333333334,1654.1666666666667,0.0,21.7,69.79166666666667,2.654166666666667,224.04166666666666,0.0,974.5166666666668,24
2025-01-26,27.579166666666666,27.916666666666668,1642.2916666666667,0.0,22.391666666666666,67.625,2.6416666666666666,266.1666666666667,0.0,975.2291666666666,24
2025-01-27,33.3125,33.416666666666664,1079.0833333333333,0.0,19.858333333333334,79.20833333333333,6.2625,311.2916666666667,1.4000000000000001,976.9666666666667,24
2025-01-28,41.391666666666666,41.775,1287.125,0.5,19.983333333333334,70.5,4.929166666666666,263.625,0.0,979.4791666666666,24
2025-01-29,33.1625,33.50416666666667,1757.625,0.20833333333333334,20.537499999999998,70.25,3.8041666666666667,251.70833333333334,0.0,980.1041666666666,24
2025-01-30,33.02916666666667,33.61666666666667,1728.25,0.8333333333333334,21.395833333333332,68.66666666666667,2.845833333333333,244.79166666666666,0.0,976.7624999999999,24
2025-01-31,22.829166666666666,23.291666666666668,1589.2916666666667,0.4166666666666667,22.349999999999998,70.95833333333333,3.158333333333333,209.83333333333334,0.0,975.3000000000001,24
2025-02-01,22.162499999999998,22.6375,1293.9166666666667,0.0,22.704166666666666,66.79166666666667,2.8874999999999997,229.08333333333334,0.0,974.6041666666666,24
2025-02-02,25.370833333333334,25.870833333333334,1429.75,0.0,22.245833333333334,66.04166666666667,2.3874999999999997,237.79166666666666,0.0,974.2833333333333,24
2025-02-03,30.2375,30.53333333333333,1514.6666666666667,0.25,23.099999999999998,61.083333333333336,2.6458333333333335,240.45833333333334,0.0,975.0541666666667,24
2025-02-04,28.15833333333333,28.295833333333334,1008.75,0.0,23.708333333333332,57.916666666666664,5.079166666666667,250.375,0.0,976.1083333333332,24
2025-02-05,32.78333333333333,33.07083333333333,1406.5833333333333,0.125,23.929166666666664,66.54166666666667,3.9791666666666665,218.41666666666666,0.0,974.9166666666666,24
2025-02-06,33.90416666666667,34.55416666666667,1557.25,0.75,23.379166666666666,64.45833333333333,3.0749999999999997,221.0,0.0,974.8583333333332,24
2025-02-07,32.3375,32.75,1453.5,0.20833333333333334,23.925,59.625,2.7458333333333336,252.33333333333334,0.0,976.0124999999999,24
2025-02-08,40.237500000000004,40.5875,1394.1666666666667,0.0,24.566666666666666,65.04166666666667,4.804166666666666,241.45833333333334,0.9,976.65,24
2025-02-09,28.479166666666668,28.670833333333334,1239.9583333333333,0.0,24.46666666666667,62.416666666666664,5.854166666666667,201.5,0.0,977.4916666666667,24
2025-02-10,23.183333333333334,23.3,1417.625,0.0,23.45,62.875,3.204166666666667,222.20833333333334,0.0,977.5875,24
2025-02-11,28.645833333333332,28.82083333333333,1776.0833333333333,0.0,23.895833333333332,64.875,3.0666666666666664,226.91666666666666,0.0,976.8375,24
2025-02-12,23.866666666666664,23.954166666666666,1604.2916666666667,0.0,23.9875,62.333333333333336,3.141666666666667,220.91666666666666,0.0,976.4666666666667,24
2025-02-13,27.05,27.38333333333333,1462.2083333333333,0.16666666666666666,24.1375,57.708333333333336,2.795833333333333,222.58333333333334,0.0,976.1958333333333,24
2025-02-14,25.6375,26.758333333333336,1390.1666666666667,1.625,23.3625,51.458333333333336,2.6958333333333333,236.625,0.0,975.6125000000001,24
2025-02-15,37.27916666666667,39.1625,1253.1666666666667,3.875,22.866666666666664,50.833333333333336,4.004166666666666,238.04166666666666,0.0,974.7375000000001,24
2025-02-16,33.47083333333333,34.72083333333333,1365.8333333333333,2.5,23.45,56.708333333333336,3.375,245.5,0.0,975.2583333333333,24
2025-02-17,35.275,36.71666666666666,1291.5,3.0416666666666665,24.183333333333334,50.083333333333336,2.9333333333333336,257.0833333333333,0.0,976.9416666666666,24
2025-02-18,39.03333333333333,40.075,1589.0833333333333,1.9166666666666667,24.849999999999998,50.958333333333336,2.8083333333333336,241.625,0.0,977.0083333333333,24
2025-02-19,43.06666666666666,43.9625,1379.25,1.375,25.245833333333334,56.25,3.2541666666666664,207.875,0.0,976.9625,24
2025-02-20,40.766666666666666,42.2125,1251.0833333333333,2.4166666666666665,25.245833333333334,63.916666666666664,4.133333333333334,219.33333333333334,0.0,977.6708333333332,24
2025-02-21,35.61666666666667,37.71666666666666,1165.7083333333333,4.083333333333333,25.3625,64.08333333333333,4.470833333333333,217.25,0.0,977.7125,24
2025-02-22,33.645833333333336,35.62916666666667,1436.1666666666667,3.5833333333333335,25.191666666666666,63.416666666666664,3.4,212.83333333333334,0.0,978.3625000000001,24
2025-02-23,34.925,36.77916666666667,1470.4583333333333,3.0416666666666665,24.704166666666666,66.04166666666667,3.6166666666666667,221.45833333333334,0.3,979.7791666666667,24
2025-02-24,31.84166666666667,32.4125,822.375,0.625,22.78333333333333,82.83333333333333,4.9625,187.41666666666666,44.1,981.7875,24
2025-02-25,27.145833333333332,27.416666666666668,1347.125,0.0,22.53333333333333,84.5,4.483333333333333,180.66666666666666,6.9,982.7958333333332,24
2025-02-26,29.070833333333336,29.34583333333333,1502.7916666666667,0.16666666666666666,23.45,75.91666666666667,3.0583333333333336,181.91666666666666,0.0,981.5333333333333,24
2025-02-27,25.44583333333333,26.1125,1571.5,1.0833333333333333,24.65416666666667,74.29166666666667,3.579166666666667,215.875,0.0,978.4083333333333,24
2025-02-28,25.650000000000002,26.554166666666664,1584.4583333333333,1.4166666666666667,25.558333333333334,69.625,3.5,219.45833333333334,0.0,976.5541666666667,24
2025-03-01,26.1125,26.941666666666666,1452.5,0.7083333333333334,25.90416666666667,61.458333333333336,3.5666666666666664,232.5,0.0,974.65,24
2025-03-02,23.370833333333334,25.27916666666667,1419.625,2.9166666666666665,25.3,54.5,2.9125,254.04166666666666,0.0,973.125,24
2025-03-03,29.224999999999998,31.40833333333333,1371.5416666666667,3.6666666666666665,24.870833333333334,56.666666666666664,3.3000000000000003,252.625,0.0,972.8833333333333,24
2025-03-04,35.612500000000004,38.625,1460.2083333333333,5.833333333333333,24.229166666666668,54.125,3.375,252.0,0.0,972.275,24
2025-03-05,41.61666666666667,44.425000000000004,1453.3333333333333,5.791666666666667,24.583333333333332,58.083333333333336,3.5625,236.5,0.0,972.0416666666666,24
2025-03-06,33.27916666666667,35.362500000000004,1481.5,4.458333333333333,24.433333333333334,60.166666666666664,3.85,234.04166666666666,0.0,973.6833333333334,24
2025-03-07,34.30416666666667,36.520833333333336,1171.4583333333333,4.583333333333333,25.583333333333332,57.833333333333336,4.179166666666666,224.20833333333334,0.2,973.8416666666667,24
2025-03-08,34.612500000000004,35.9,841.25,2.0833333333333335,25.191666666666666,74.33333333333333,7.8500000000000005,193.625,3.3000000000000003,976.0625,24
2025-03-09,31.308333333333334,32.266666666666666,1216.0416666666667,1.7083333333333333,25.016666666666666,72.33333333333333,4.608333333333333,227.20833333333334,0.1,978.1374999999999,24
2025-03-10,34.59166666666667,35.9625,1558.875,2.5,26.28333333333333,68.75,3.4791666666666665,240.04166666666666,0.0,978.3458333333333,24
2025-03-11,32.612500000000004,35.891666666666666,1560.5833333333333,6.583333333333333,27.55,64.75,4.245833333333334,186.33333333333334,1.5,976.0958333333333,24
2025-03-12,42.59166666666667,45.949999999999996,1524.625,6.333333333333333,26.96666666666667,63.625,4.2124999999999995,221.95833333333334,0.0,973.35,24
2025-03-13,31.325,32.925000000000004,1266.4166666666667,2.875,26.95,58.791666666666664,4.941666666666666,234.75,0.0,972.9875000000001,24
2025-03-14,33.96666666666667,39.645833333333336,1270.0,11.375,28.02916666666667,48.458333333333336,2.7708333333333335,190.375,0.0,974.6916666666666,24
2025-03-15,41.050000000000004,45.949999999999996,1316.3333333333333,10.041666666666666,27.34166666666667,49.25,3.766666666666667,228.95833333333334,0.0,974.9625,24
2025-03-16,45.62916666666666,51.17083333333333,1423.3333333333333,11.416666666666666,27.191666666666666,53.0,3.1958333333333333,239.375,0.0,974.2041666666668,24
2025-03-17,56.76666666666667,62.69166666666666,1332.125,11.75,27.849999999999998,52.166666666666664,4.591666666666667,239.54166666666666,0.0,974.0041666666666,24
2025-03-18,39.0625,42.87916666666666,992.8333333333334,7.333333333333333,28.870833333333334,54.708333333333336,5.5625,195.25,0.0,975.7458333333334,24
2025-03-19,65.675,67.625,1018.375,3.5416666666666665,24.90833333333333,76.54166666666667,6.2,219.25,5.3,980.2583333333333,24
2025-03-20,67.38333333333334,69.16666666666667,1463.0833333333333,3.4166666666666665,23.34166666666667,65.70833333333333,6.341666666666666,226.83333333333334,0.0,981.9041666666667,24
2025-03-21,68.56666666666666,71.12916666666666,1631.9166666666667,5.041666666666667,24.52916666666667,66.16666666666667,4.970833333333333,294.5,0.0,980.85,24
2025-03-22,91.17916666666667,95.1375,1696.8333333333333,7.833333333333333,25.8625,63.208333333333336,3.3041666666666667,265.0,0.0,978.9958333333334,24
2025-03-23,75.93333333333334,78.78333333333333,1487.7916666666667,5.375,26.766666666666666,60.166666666666664,3.5625,251.20833333333334,0.0,977.5208333333334,24
2025-03-24,63.42916666666667,65.50833333333334,1535.5,4.041666666666667,27.0625,59.208333333333336,3.6166666666666667,232.45833333333334,0.0,974.9583333333334,24
2025-03-25,39.108333333333334,40.12916666666667,1511.6666666666667,1.875,26.9375,55.083333333333336,2.8791666666666664,232.375,0.0,971.4208333333332,24
2025-03-26,28.320833333333336,29.166666666666668,1355.5,1.7083333333333333,26.620833333333334,52.708333333333336,4.3625,242.08333333333334,0.0,970.3541666666666,24
2025-03-27,35.887499999999996,39.041666666666664,1293.6666666666667,6.083333333333333,26.46666666666667,51.625,3.654166666666667,247.04166666666666,0.0,969.4208333333332,24
2025-03-28,36.59166666666667,41.916666666666664,1458.0416666666667,10.25,26.308333333333334,50.0,3.6791666666666667,260.8333333333333,0.0,970.6,24
2025-03-29,63.02916666666667,71.05416666666666,1439.2916666666667,15.708333333333334,27.34583333333333,50.75,3.141666666666667,260.6666666666667,0.0,972.2708333333334,24
2025-03-30,57.04583333333333,60.050000000000004,1263.125,5.458333333333333,28.65833333333333,52.833333333333336,4.1499999999999995,250.20833333333334,0.0,974.125,24
2025-03-31,34.4375,35.362500000000004,822.2083333333334,1.625,29.704166666666666,57.416666666666664,7.241666666666667,191.41666666666666,0.0,974.475,24
2025-04-01,42.97083333333333,44.23333333333333,790.25,1.7916666666666667,29.275000000000002,60.666666666666664,6.933333333333334,198.66666666666666,0.0,974.3666666666667,24
2025-04-02,36.50833333333333,37.354166666666664,922.2916666666666,1.25,28.6375,58.625,5.5125,211.41666666666666,0.0,975.4375,24
2025-04-03,54.25833333333333,55.0375,1022.25,0.9583333333333334,29.329166666666666,58.916666666666664,5.041666666666667,200.5,0.0,976.2791666666667,24
2025-04-04,57.987500000000004,58.6625,1088.6666666666667,1.0,29.170833333333334,63.25,4.954166666666667,222.625,0.0,974.85,24
2025-04-05,39.44583333333333,39.895833333333336,1224.875,0.4166666666666667,28.558333333333334,67.20833333333333,4.3625,241.79166666666666,0.0,974.1041666666666,24
2025-04-06,33.983333333333334,34.25833333333333,1199.75,0.25,27.6375,66.91666666666667,3.3541666666666665,188.33333333333334,0.7,974.6625,24
2025-04-07,29.620833333333334,29.958333333333332,993.2916666666666,0.25,26.941666666666666,69.08333333333333,4.2749999999999995,245.95833333333334,0.1,976.9125,24
2025-04-08,24.541666666666668,24.84166666666667,1185.0,0.041666666666666664,27.84166666666667,61.125,4.029166666666667,267.5833333333333,0.1,977.5541666666667,24
2025-04-09,41.737500000000004,42.266666666666666,1352.6666666666667,0.3333333333333333,28.9375,52.875,3.579166666666667,264.2083333333333,0.0,974.8583333333332,24
2025-04-10,54.93333333333334,55.44583333333333,1241.3333333333333,0.3333333333333333,29.087500000000002,53.916666666666664,4.104166666666667,216.0,0.0,972.5333333333333,24
2025-04-11,34.61666666666667,35.0625,1074.7916666666667,0.0,28.733333333333334,62.583333333333336,4.645833333333333,237.83333333333334,1.4,971.1916666666666,24
2025-04-12,16.775000000000002,17.070833333333333,1006.4583333333334,0.0,28.254166666666666,66.41666666666667,3.829166666666667,185.5,0.0,972.7166666666667,24
2025-04-13,17.108333333333334,17.45,815.5833333333334,0.0,26.025000000000002,80.08333333333333,4.204166666666667,226.08333333333334,37.2,974.9958333333334,24
2025-04-14,22.175,22.84166666666667,868.0833333333334,1.2083333333333333,25.0125,84.04166666666667,3.3708333333333336,184.375,11.2,976.5791666666668,24
2025-04-15,28.791666666666668,29.183333333333334,1153.875,0.5833333333333334,26.608333333333334,79.91666666666667,3.0250000000000004,258.4166666666667,0.5,975.7875,24
2025-04-16,22.59583333333333,22.691666666666666,1263.75,0.0,27.46666666666667,75.41666666666667,3.975,218.875,0.8,974.0208333333334,24
2025-04-17,15.2125,15.420833333333334,1302.875,0.0,27.695833333333336,74.41666666666667,4.291666666666667,188.58333333333334,0.4,973.0083333333333,24
2025-04-18,16.183333333333334,16.491666666666667,1138.5416666666667,0.2916666666666667,27.037499999999998,78.33333333333333,4.358333333333333,213.04166666666666,0.9,972.4666666666667,24
2025-04-19,22.666666666666668,25.395833333333332,1120.0,4.791666666666667,28.354166666666668,67.0,3.7583333333333333,169.41666666666666,0.0,972.0666666666666,24
2025-04-20,23.920833333333334,27.787499999999998,820.9583333333334,7.291666666666667,28.733333333333334,60.5,4.8500000000000005,226.08333333333334,0.0,972.5916666666667,24
2025-04-21,22.333333333333332,26.150000000000002,834.5833333333334,7.083333333333333,29.474999999999998,59.625,5.579166666666667,234.20833333333334,0.0,974.1708333333332,24
2025-04-22,21.204166666666666,24.133333333333336,1361.125,5.5,30.320833333333336,57.625,4.316666666666666,230.875,0.4,973.9375,24
2025-04-23,27.337500000000002,30.983333333333334,894.2083333333334,6.583333333333333,31.0125,54.458333333333336,5.0875,245.75,0.0,972.3333333333334,24
2025-04-24,33.75,38.74166666666667,979.125,9.541666666666666,31.320833333333336,52.0,4.5,228.875,0.0,971.8208333333333,24
2025-04-25,35.449999999999996,42.541666666666664,1137.375,13.625,31.566666666666666,49.791666666666664,3.4166666666666665,223.75,0.0,972.2166666666667,24
2025-04-26,34.75416666666667,40.05416666666667,773.5416666666666,10.166666666666666,31.53333333333333,47.5,4.529166666666667,243.54166666666666,0.0,972.7458333333334,24
2025-04-27,28.454166666666666,31.266666666666666,821.125,5.125,30.95,52.958333333333336,3.891666666666667,232.95833333333334,0.0,973.9416666666666,24
2025-04-28,18.6375,19.833333333333332,995.5,2.2083333333333335,28.479166666666668,58.25,4.670833333333333,209.95833333333334,0.0,974.0375,24
2025-04-29,14.891666666666666,15.237499999999999,986.5,0.5,27.258333333333336,69.5,6.283333333333334,202.83333333333334,3.6,975.0041666666666,24
2025-04-30,15.241666666666667,15.458333333333334,902.375,0.0,26.587500000000002,73.375,5.658333333333334,253.25,2.4,975.1,24
2025-05-01,14.766666666666666,15.054166666666667,1149.5,0.0,26.837500000000002,71.83333333333333,5.041666666666667,206.25,7.6,976.275,24
2025-05-02,16.608333333333334,16.891666666666666,1039.9166666666667,0.0,27.59166666666667,71.875,3.8874999999999997,219.66666666666666,0.8,975.0541666666667,24
2025-05-03,19.016666666666666,19.366666666666667,847.0416666666666,0.125,27.47083333333333,74.375,5.183333333333333,226.25,6.8999999999999995,973.5583333333334,24
2025-05-04,19.337500000000002,21.183333333333334,886.5,3.0416666666666665,27.59583333333333,73.16666666666667,3.441666666666667,239.08333333333334,1.6,972.1958333333333,24
2025-05-05,16.179166666666667,18.716666666666665,869.7916666666666,4.708333333333333,29.758333333333336,61.541666666666664,2.920833333333333,197.5,0.0,971.6125000000001,24
2025-05-06,17.254166666666666,19.533333333333335,744.9166666666666,4.291666666666667,31.354166666666668,51.458333333333336,3.608333333333333,219.20833333333334,0.0,971.1208333333334,24
2025-05-07,13.420833333333333,14.733333333333334,639.4166666666666,2.0833333333333335,31.683333333333334,52.833333333333336,6.679166666666667,222.79166666666666,0.2,970.3000000000001,24
2025-05-08,19.895833333333332,21.583333333333332,828.4166666666666,3.0833333333333335,30.53333333333333,60.666666666666664,4.2124999999999995,199.29166666666666,0.8999999999999999,970.9708333333333,24
2025-05-09,22.59583333333333,24.65416666666667,924.0833333333334,3.7916666666666665,30.275000000000002,62.291666666666664,4.429166666666666,198.25,0.0,971.4333333333334,24
2025-05-10,30.633333333333336,33.6875,773.125,5.666666666666667,30.3625,60.666666666666664,2.725,220.375,0.0,971.6541666666667,24
2025-05-11,25.03333333333333,27.599999999999998,880.375,5.125,28.891666666666666,70.45833333333333,5.075,232.625,6.7,971.3249999999999,24
2025-05-12,15.916666666666666,16.879166666666666,884.7916666666666,1.9166666666666667,26.979166666666668,75.70833333333333,5.245833333333334,198.0,1.8,972.1416666666668,24
2025-05-13,21.75,22.366666666666664,713.5833333333334,1.1666666666666667,27.058333333333334,76.16666666666667,6.2375,216.58333333333334,6.6000000000000005,972.775,24
2025-05-14,24.25,24.425,791.0,0.041666666666666664,27.15416666666667,77.875,4.4125000000000005,235.375,8.200000000000001,973.8583333333332,24
2025-05-15,11.470833333333333,11.549999999999999,950.0,0.0,25.875,84.45833333333333,3.5875000000000004,208.41666666666666,4.5,974.6125000000001,24
2025-05-16,22.599999999999998,22.945833333333336,1261.625,0.08333333333333333,25.9375,84.875,3.408333333333333,198.79166666666666,9.5,974.6208333333334,24
2025-05-17,11.0875,11.395833333333334,1194.875,0.25,26.629166666666666,84.625,4.175,261.375,12.8,974.1791666666667,24
2025-05-18,12.141666666666666,12.304166666666667,1031.7083333333333,0.0,27.1375,79.5,4.379166666666666,238.33333333333334,12.9,973.8125,24
2025-05-19,16.325,16.466666666666665,1200.2083333333333,0.0,27.77916666666667,78.33333333333333,2.891666666666667,186.54166666666666,6.0,972.6958333333333,24
2025-05-20,24.745833333333334,24.883333333333336,1429.5416666666667,0.0,28.254166666666666,77.41666666666667,3.5749999999999997,149.375,2.1,971.8249999999999,24
2025-05-21,20.041666666666668,20.204166666666666,1140.75,0.0,28.333333333333332,78.79166666666667,3.670833333333333,160.25,10.9,972.2041666666668,24
2025-05-22,15.475,15.708333333333334,1098.4583333333333,0.125,28.170833333333334,79.04166666666667,3.779166666666667,163.33333333333334,12.1,970.9208333333332,24
2025-05-23,11.979166666666666,12.183333333333332,1147.8333333333333,0.08333333333333333,27.099999999999998,85.375,3.204166666666667,217.08333333333334,8.5,969.5958333333333,24
2025-05-24,16.316666666666666,16.516666666666666,836.0416666666666,0.0,27.233333333333334,82.04166666666667,3.608333333333333,207.375,4.6,970.7333333333332,24
2025-05-25,12.0,12.0,592.1666666666666,0.0,25.695833333333336,86.54166666666667,5.033333333333333,239.0,44.0,973.0291666666667,24
2025-05-26,13.291666666666666,13.299999999999999,557.4166666666666,0.0,25.22083333333333,87.625,5.708333333333333,242.625,21.2,973.0,24
2025-05-27,14.145833333333334,14.220833333333333,893.3333333333334,0.0,25.045833333333334,89.125,5.5874999999999995,219.875,18.7,971.725,24
2025-05-28,11.262500000000001,11.716666666666667,653.3333333333334,0.20833333333333334,26.358333333333334,83.0,5.575,192.0,3.4000000000000004,970.9375,24
2025-05-29,12.279166666666667,13.454166666666666,1020.0,1.375,26.270833333333332,83.54166666666667,5.8999999999999995,179.875,16.599999999999998,971.2583333333333,24
2025-05-30,12.075000000000001,13.091666666666667,1032.4166666666667,1.2083333333333333,26.045833333333334,87.75,3.5666666666666664,192.91666666666666,29.2,972.0124999999999,24
2025-05-31,6.8875,7.354166666666667,1657.5833333333333,0.2916666666666667,26.395833333333332,86.75,4.125,202.04166666666666,13.0,972.7333333333332,24
2025-06-01,8.325,8.670833333333333,948.25,0.25,27.141666666666666,80.95833333333333,6.141666666666667,177.75,12.200000000000001,971.6208333333334,24
2025-06-02,10.045833333333333,11.137500000000001,1015.8333333333334,1.5416666666666667,27.5625,77.54166666666667,7.120833333333334,152.08333333333334,12.5,970.6583333333333,24
2025-06-03,13.141666666666666,15.816666666666668,1335.375,5.0,26.09583333333333,85.66666666666667,3.966666666666667,167.16666666666666,2.4,970.7791666666667,24
2025-06-04,27.483333333333334,37.025,1347.625,18.541666666666668,27.212500000000002,81.95833333333333,3.641666666666667,155.16666666666666,9.0,971.6,24
2025-06-05,27.0625,31.0625,1343.1666666666667,7.833333333333333,27.55,81.5,3.154166666666667,160.66666666666666,3.7,972.0458333333332,24
2025-06-06,30.379166666666666,33.15416666666667,1447.3333333333333,4.958333333333333,28.0,80.91666666666667,3.0375,159.91666666666666,3.0999999999999996,971.7083333333334,24
2025-06-07,21.900000000000002,23.391666666666666,1475.2083333333333,2.125,28.59166666666667,77.33333333333333,3.6999999999999997,162.41666666666666,0.6000000000000001,970.9166666666666,24
2025-06-08,16.020833333333332,16.616666666666667,1086.375,0.7916666666666666,28.575,77.33333333333333,3.5124999999999997,136.875,0.9,969.9208333333332,24
2025-06-09,16.708333333333332,17.166666666666668,825.375,0.5,27.820833333333336,79.08333333333333,4.791666666666667,221.375,4.7,969.4458333333333,24
2025-06-10,12.674999999999999,13.404166666666667,740.0416666666666,1.25,26.46666666666667,83.29166666666667,4.204166666666667,193.125,11.0,969.6458333333334,24
2025-06-11,10.745833333333332,11.091666666666667,891.25,0.4166666666666667,25.508333333333336,88.54166666666667,2.9,220.04166666666666,24.8,970.2458333333334,24
2025-06-12,15.0375,15.358333333333334,1477.9583333333333,0.5,27.083333333333332,83.0,2.9916666666666667,225.875,2.3,969.5625,24
2025-06-13,15.183333333333332,15.695833333333333,1327.0416666666667,0.6666666666666666,27.46666666666667,82.04166666666667,3.7583333333333333,175.08333333333334,8.4,969.8208333333333,24
2025-06-14,13.258333333333333,13.75,1117.4583333333333,0.5,26.525000000000002,85.58333333333333,4.0874999999999995,147.45833333333334,15.5,970.3541666666666,24
2025-06-15,10.454166666666667,10.916666666666666,1018.5833333333334,0.375,27.22083333333333,80.875,4.845833333333333,158.25,9.7,970.4041666666667,24
2025-06-16,8.804166666666667,9.016666666666667,1333.75,0.0,26.816666666666666,82.75,4.508333333333334,194.58333333333334,11.4,971.5625,24
2025-06-17,14.883333333333333,15.229166666666666,1253.0833333333333,0.0,26.045833333333334,87.04166666666667,4.845833333333333,191.45833333333334,22.1,972.4625,24
2025-06-18,12.166666666666666,12.520833333333334,999.25,0.2916666666666667,27.46666666666667,78.79166666666667,4.958333333333333,149.0,2.6,971.8916666666668,24
2025-06-19,16.129166666666666,18.370833333333334,1253.0416666666667,3.6666666666666665,26.97083333333333,81.08333333333333,3.6833333333333336,154.375,14.299999999999999,971.8791666666666,24
2025-06-20,17.966666666666665,20.908333333333335,1410.375,5.208333333333333,27.037499999999998,84.25,3.3791666666666664,190.29166666666666,2.9,971.2875,24
2025-06-21,16.191666666666666,20.0625,1250.25,7.375,27.708333333333332,78.41666666666667,4.0375000000000005,162.91666666666666,0.5,970.1083333333332,24
2025-06-22,11.541666666666666,13.262500000000001,839.0,3.3333333333333335,27.133333333333336,81.08333333333333,4.8374999999999995,204.125,29.2,970.3833333333333,24
2025-06-23,9.049999999999999,9.674999999999999,687.3333333333334,1.1666666666666667,26.474999999999998,84.04166666666667,3.9625,170.625,22.3,970.1041666666666,24
2025-06-24,10.579166666666667,11.65,741.8333333333334,1.7916666666666667,25.954166666666666,85.25,3.725,217.58333333333334,12.4,970.3208333333333,24
2025-06-25,18.508333333333333,20.929166666666667,780.3333333333334,4.541666666666667,26.691666666666666,82.66666666666667,3.454166666666667,212.33333333333334,10.0,971.6458333333334,24
2025-06-26,19.516666666666666,21.912499999999998,952.7083333333334,4.291666666666667,26.78333333333333,85.5,3.391666666666667,185.45833333333334,25.5,971.7041666666668,24
2025-06-27,14.633333333333333,15.604166666666666,936.9583333333334,1.6666666666666667,25.974999999999998,88.125,4.2375,139.375,26.9,970.5958333333333,24
2025-06-28,12.120833333333332,13.049999999999999,862.625,1.7083333333333333,25.77916666666667,87.04166666666667,3.1166666666666667,117.54166666666667,16.8,969.5458333333332,24
2025-06-29,13.766666666666666,14.954166666666666,1049.0,2.25,26.22083333333333,82.91666666666667,4.858333333333333,143.54166666666666,3.2,968.5833333333334,24
2025-06-30,11.9125,14.770833333333334,1305.125,5.333333333333333,26.583333333333332,81.41666666666667,3.8958333333333335,150.41666666666666,16.5,968.6958333333333,24
2025-07-01,15.470833333333333,18.466666666666665,1265.3333333333333,5.5,26.516666666666666,81.5,3.5833333333333335,131.41666666666666,12.7,969.7666666666668,24
2025-07-02,17.20416666666667,19.695833333333333,1312.0416666666667,4.666666666666667,26.391666666666666,84.70833333333333,2.975,161.125,27.599999999999998,970.9499999999999,24
2025-07-03,19.9,22.775000000000002,1253.5,4.916666666666667,26.020833333333332,85.54166666666667,2.795833333333333,122.625,14.700000000000001,972.0541666666667,24
2025-07-04,19.045833333333334,21.675,1266.5416666666667,4.541666666666667,26.2625,82.83333333333333,2.1166666666666667,168.625,12.0,971.85,24
2025-07-05,18.962500000000002,20.679166666666667,1122.7083333333333,2.9166666666666665,26.383333333333336,83.66666666666667,2.9250000000000003,149.0,29.400000000000002,970.2458333333334,24
2025-07-06,15.587499999999999,16.8125,988.0416666666666,2.0833333333333335,26.054166666666664,86.29166666666667,4.154166666666667,163.625,11.3,969.9625,24
2025-07-07,12.375,14.35,1323.7083333333333,3.375,25.866666666666664,84.08333333333333,5.091666666666667,175.125,4.5,970.4666666666667,24
2025-07-08,18.458333333333332,24.941666666666666,1430.4583333333333,11.541666666666666,26.570833333333336,83.75,3.2583333333333333,139.70833333333334,10.3,970.775,24
2025-07-09,15.8375,19.708333333333332,1489.0,7.041666666666667,26.77916666666667,82.75,3.0416666666666665,117.54166666666667,20.8,971.1,24
2025-07-10,19.0,26.625,1414.25,14.75,26.375,86.0,2.85,159.54166666666666,3.8,969.0666666666666,24
2025-07-11,20.004166666666666,30.77916666666667,1081.875,20.583333333333332,26.070833333333336,90.29166666666667,2.4791666666666665,128.29166666666666,36.4,966.9125,24
2025-07-12,20.783333333333335,23.583333333333332,1274.0,5.0,25.3,90.54166666666667,3.1958333333333333,168.79166666666666,20.8,968.7125,24
2025-07-13,16.879166666666666,18.133333333333333,1252.9583333333333,2.375,26.758333333333336,84.83333333333333,2.85,192.45833333333334,17.400000000000002,970.6958333333333,24
2025-07-14,17.991666666666667,20.241666666666667,1092.125,4.041666666666667,27.0,84.70833333333333,2.9375,191.79166666666666,33.6,970.9250000000001,24
2025-07-15,20.474999999999998,22.099999999999998,1770.875,2.6666666666666665,26.537499999999998,88.125,2.9458333333333333,117.08333333333333,20.599999999999998,969.8041666666667,24
2025-07-16,11.575000000000001,12.158333333333333,1393.0416666666667,1.2916666666666667,26.1375,89.04166666666667,4.4624999999999995,159.70833333333334,9.0,970.025,24
2025-07-17,15.245833333333332,15.700000000000001,1505.6666666666667,0.75,25.683333333333334,91.125,2.370833333333333,158.04166666666666,15.1,970.75,24
2025-07-18,12.987499999999999,13.362499999999999,1133.75,0.625,26.229166666666668,86.70833333333333,2.75,175.83333333333334,17.5,970.0291666666667,24
2025-07-19,16.120833333333334,16.870833333333334,1310.125,0.9583333333333334,26.629166666666666,84.625,3.2291666666666665,138.29166666666666,2.4,967.4833333333332,24
2025-07-20,16.754166666666666,17.070833333333333,1464.8333333333333,0.08333333333333333,26.15833333333333,86.0,3.1750000000000003,140.04166666666666,7.3,967.225,24
2025-07-21,11.525,11.729166666666666,1496.9166666666667,0.20833333333333334,27.02916666666667,82.75,3.533333333333333,154.16666666666666,3.1,967.2041666666668,24
2025-07-22,15.008333333333333,15.166666666666666,1592.0833333333333,0.0,25.770833333333332,87.79166666666667,3.9250000000000003,142.79166666666666,6.3999999999999995,965.3708333333334,24
2025-07-23,7.970833333333334,8.125,1044.0833333333333,0.0,24.7,93.75,5.875,146.04166666666666,48.1,962.9541666666668,24
2025-07-24,5.558333333333334,5.920833333333333,912.9166666666666,0.20833333333333334,25.454166666666666,90.08333333333333,5.116666666666666,209.33333333333334,38.5,966.5166666666668,24
2025-07-25,7.7749999999999995,8.204166666666667,1256.5833333333333,0.08333333333333333,25.604166666666668,89.58333333333333,3.3666666666666667,190.375,12.0,969.2666666666668,24
2025-07-26,8.679166666666667,9.166666666666666,1557.0416666666667,0.5,26.016666666666666,89.45833333333333,3.0208333333333335,139.66666666666666,7.2,969.6791666666667,24
2025-07-27,9.683333333333334,9.920833333333333,1256.2083333333333,0.125,25.579166666666666,91.08333333333333,3.7875,129.625,20.8,968.3666666666667,24
2025-07-28,9.245833333333334,9.450000000000001,1333.5,0.20833333333333334,24.804166666666664,93.0,3.183333333333333,122.5,37.1,967.5875,24
2025-07-29,11.304166666666667,12.1625,1153.8333333333333,1.375,26.229166666666668,90.20833333333333,3.2916666666666665,141.83333333333334,15.1,968.0500000000001,24
2025-07-30,13.762500000000001,17.854166666666668,1395.2916666666667,7.666666666666667,26.679166666666664,86.5,3.9583333333333335,153.95833333333334,4.1,969.0541666666667,24
2025-07-31,17.908333333333335,23.820833333333336,1347.5416666666667,11.208333333333334,27.270833333333332,82.08333333333333,3.8499999999999996,143.70833333333334,5.8,969.1208333333334,24
2025-08-01,18.729166666666668,26.695833333333336,1337.0,15.25,27.229166666666668,84.91666666666667,3.579166666666667,135.91666666666666,5.4,968.8541666666666,24
2025-08-02,18.970833333333335,26.191666666666666,1406.625,13.833333333333334,27.15416666666667,85.45833333333333,3.720833333333333,156.41666666666666,21.7,970.4208333333332,24
2025-08-03,21.65416666666667,32.329166666666666,1394.5833333333333,19.916666666666668,27.641666666666666,80.33333333333333,3.908333333333333,148.58333333333334,3.1999999999999997,971.9583333333334,24
2025-08-04,17.087500000000002,18.337500000000002,1371.125,2.0,27.829166666666666,77.70833333333333,3.7416666666666667,149.70833333333334,0.7,971.6708333333332,24
2025-08-05,14.795833333333334,15.966666666666667,1533.9166666666667,2.125,27.120833333333334,84.08333333333333,2.841666666666667,132.04166666666666,11.4,971.2458333333334,24
2025-08-06,11.904166666666667,12.695833333333333,1675.9583333333333,1.125,25.075,92.83333333333333,3.2708333333333335,120.95833333333333,33.2,970.775,24
2025-08-07,8.75,9.291666666666666,1464.125,0.75,25.879166666666666,87.83333333333333,2.8666666666666667,242.29166666666666,18.400000000000002,972.2208333333333,24
2025-08-08,14.358333333333334,15.991666666666667,1485.125,2.5833333333333335,25.954166666666666,87.0,2.6833333333333336,149.66666666666666,12.700000000000001,974.4583333333334,24
2025-08-09,21.1375,22.641666666666666,1680.2083333333333,2.5416666666666665,26.65833333333333,85.58333333333333,2.8000000000000003,165.91666666666666,7.6000000000000005,973.8083333333334,24
2025-08-10,15.679166666666667,16.041666666666668,1121.7083333333333,0.2916666666666667,26.929166666666664,84.04166666666667,2.6875,138.29166666666666,17.6,971.9458333333333,24
2025-08-11,15.304166666666667,15.525,1399.125,0.0,27.075,83.58333333333333,3.141666666666667,140.16666666666666,10.9,970.4458333333333,24
2025-08-12,9.9,10.045833333333333,1006.5,0.08333333333333333,26.691666666666666,83.20833333333333,3.6125000000000003,161.08333333333334,11.0,970.6666666666666,24
2025-08-13,10.862499999999999,11.154166666666667,1220.25,0.20833333333333334,26.47083333333333,85.70833333333333,3.2875,220.45833333333334,8.9,972.6833333333334,24
2025-08-14,15.1,15.283333333333333,1549.7083333333333,0.0,26.679166666666664,86.29166666666667,2.6374999999999997,177.33333333333334,11.5,971.6666666666666,24
2025-08-15,14.35,14.458333333333334,1481.2083333333333,0.0,26.066666666666666,86.04166666666667,3.4458333333333333,148.375,30.1,969.1,24
2025-08-16,10.420833333333333,10.458333333333334,627.3333333333334,0.0,25.016666666666666,88.125,4.595833333333333,164.66666666666666,30.3,969.5916666666667,24
2025-08-17,9.741666666666667,9.808333333333334,744.2916666666666,0.0,25.008333333333336,86.91666666666667,3.158333333333333,184.41666666666666,25.0,972.6750000000001,24
2025-08-18,13.912500000000001,14.191666666666668,1441.3333333333333,0.3333333333333333,25.787499999999998,86.0,3.279166666666667,191.66666666666666,11.700000000000001,973.3666666666667,24
2025-08-19,13.816666666666668,14.325000000000001,1350.9166666666667,0.7083333333333334,26.991666666666664,81.0,4.2749999999999995,163.33333333333334,2.9,972.6625,24
2025-08-20,15.2125,16.087500000000002,1357.5416666666667,1.5833333333333333,27.162499999999998,79.75,4.229166666666667,147.20833333333334,1.7,972.9666666666667,24
2025-08-21,16.166666666666668,17.45,1175.5,2.4583333333333335,27.099999999999998,82.375,3.091666666666667,212.29166666666666,7.5,973.2708333333334,24
2025-08-22,14.241666666666667,15.304166666666667,1111.25,1.7083333333333333,26.2625,86.25,3.7375000000000003,203.04166666666666,10.5,972.6875,24
2025-08-23,8.758333333333333,9.0,1079.2083333333333,0.375,25.21666666666667,87.0,3.8041666666666667,166.0,13.6,972.6125000000001,24
2025-08-24,9.091666666666667,9.137500000000001,1472.0,0.0,26.316666666666666,84.45833333333333,2.6625,152.58333333333334,9.3,971.9666666666667,24
2025-08-25,16.183333333333334,16.25,1304.4583333333333,0.0,26.458333333333332,85.625,2.4166666666666665,211.0,12.1,970.1291666666666,24
2025-08-26,14.954166666666666,14.995833333333332,1369.125,0.0,24.929166666666664,92.33333333333333,4.366666666666666,150.66666666666666,31.2,969.7833333333333,24
2025-08-27,10.895833333333334,10.966666666666667,1023.4583333333334,0.0,24.070833333333336,94.125,3.0416666666666665,92.08333333333333,32.7,970.9625,24
2025-08-28,14.545833333333334,14.833333333333334,1380.6666666666667,0.0,24.4875,89.66666666666667,3.0749999999999997,152.20833333333334,7.6,972.35,24
2025-08-29,20.054166666666667,20.5125,1650.875,0.4583333333333333,26.333333333333332,82.25,2.7291666666666665,157.33333333333334,4.7,973.0749999999999,24
2025-08-30,17.379166666666666,17.791666666666668,1735.2916666666667,0.5416666666666666,26.866666666666664,83.58333333333333,3.0625,167.70833333333334,6.5,972.0833333333334,24
2025-08-31,14.508333333333333,14.583333333333334,1106.9166666666667,0.0,25.912499999999998,88.04166666666667,5.508333333333333,236.875,30.3,969.025,24
2025-09-01,14.137500000000001,14.174999999999999,592.7916666666666,0.0,25.458333333333332,85.45833333333333,4.0375000000000005,220.41666666666666,12.2,970.8166666666666,24
2025-09-02,15.308333333333332,15.5375,1057.2083333333333,0.08333333333333333,25.820833333333336,86.0,3.725,187.58333333333334,6.8,971.6833333333334,24
2025-09-03,14.329166666666666,14.85,1372.8333333333333,0.9166666666666666,26.291666666666668,85.45833333333333,3.0208333333333335,196.5,1.6,972.3541666666666,24
2025-09-04,16.545833333333334,17.029166666666665,1283.875,0.6666666666666666,27.375,81.54166666666667,3.1,179.45833333333334,0.6,971.7958333333332,24
2025-09-05,17.412499999999998,17.454166666666666,1171.3333333333333,0.0,27.708333333333332,80.91666666666667,4.2250000000000005,207.875,1.2,972.0083333333333,24
2025-09-06,22.3,22.320833333333336,1511.7083333333333,0.0,27.15833333333333,82.95833333333333,2.9166666666666665,214.20833333333334,1.7000000000000002,972.6541666666667,24
2025-09-07,30.645833333333332,30.683333333333334,1413.0833333333333,0.0,27.008333333333336,83.95833333333333,2.6875,167.75,1.2000000000000002,971.9333333333334,24
2025-09-08,25.84583333333333,25.875,1431.2083333333333,0.0,26.770833333333332,83.41666666666667,2.5708333333333333,173.04166666666666,1.5,971.6291666666666,24
2025-09-09,17.629166666666666,17.633333333333333,960.9166666666666,0.0,26.195833333333336,84.79166666666667,3.3041666666666667,205.83333333333334,9.0,972.5541666666667,24
2025-09-10,9.383333333333333,9.404166666666667,705.9166666666666,0.0,25.400000000000002,87.91666666666667,4.2,198.66666666666666,15.4,972.9791666666666,24
2025-09-11,8.129166666666666,8.345833333333333,822.75,0.2916666666666667,25.754166666666666,86.5,4.516666666666667,215.0,19.3,973.7833333333333,24
2025-09-12,9.570833333333333,9.916666666666666,1114.25,0.5416666666666666,26.287499999999998,83.95833333333333,3.266666666666667,235.25,5.6,974.3125,24
2025-09-13,14.333333333333334,14.558333333333332,1064.0,0.0,26.129166666666666,85.70833333333333,3.216666666666667,242.04166666666666,3.6,974.6125000000001,24
2025-09-14,15.258333333333333,15.508333333333333,1370.8333333333333,0.0,26.28333333333333,85.04166666666667,2.9250000000000003,215.16666666666666,1.0,974.9583333333334,24
2025-09-15,20.162499999999998,20.291666666666668,1227.875,0.0,26.745833333333334,80.25,3.4791666666666665,218.16666666666666,4.8999999999999995,974.5291666666667,24
2025-09-16,17.8625,17.920833333333334,1181.4583333333333,0.0,26.28333333333333,80.375,2.7916666666666665,170.83333333333334,2.1,974.6999999999999,24
2025-09-17,26.3125,26.34583333333333,1094.5,0.0,26.96666666666667,77.79166666666667,2.8625000000000003,196.04166666666666,0.1,973.2624999999999,24
2025-09-18,24.320833333333336,24.325,1597.0416666666667,0.0,27.066666666666666,82.0,2.6,205.16666666666666,0.6000000000000001,972.3666666666667,24
2025-09-19,15.325000000000001,15.325000000000001,1132.8333333333333,0.0,26.6875,83.41666666666667,3.8125,212.45833333333334,4.5,972.525,24
2025-09-20,15.725,15.75,801.7916666666666,0.0,25.770833333333332,86.0,3.5833333333333335,238.58333333333334,15.8,971.8583333333332,24
2025-09-21,10.545833333333333,10.6,986.375,0.0,25.579166666666666,87.375,2.5166666666666666,192.04166666666666,3.9000000000000004,971.7166666666667,24
2025-09-22,11.383333333333333,11.6,784.0416666666666,0.0,25.22083333333333,90.33333333333333,3.454166666666667,149.70833333333334,29.3,972.1916666666666,24
2025-09-23,8.529166666666667,8.758333333333333,1070.4166666666667,0.0,25.45,89.04166666666667,2.8666666666666667,227.16666666666666,15.4,970.9708333333333,24
2025-09-24,9.104166666666666,9.125,936.375,0.0,25.316666666666666,87.83333333333333,3.3125,189.45833333333334,19.8,969.3000000000001,24
2025-09-25,14.041666666666666,14.075000000000001,1250.5833333333333,0.0,25.7,87.66666666666667,3.9,209.95833333333334,2.9,969.5916666666667,24
2025-09-26,14.554166666666667,14.695833333333333,1368.5833333333333,0.0,25.6125,88.625,2.3333333333333335,194.20833333333334,36.8,972.4625,24
2025-09-27,11.325000000000001,11.341666666666667,1196.25,0.0,25.508333333333336,87.125,3.1041666666666665,203.33333333333334,7.300000000000001,974.9666666666667,24
2025-09-28,11.845833333333333,11.958333333333334,1649.0,0.0,27.170833333333334,79.375,4.504166666666666,243.625,1.0,972.1916666666666,24
2025-09-29,10.745833333333332,10.858333333333334,1101.6666666666667,0.0,27.666666666666668,73.04166666666667,4.245833333333334,296.0416666666667,0.4,967.9833333333332,24
2025-09-30,7.458333333333333,7.5125,568.4583333333334,0.0,24.604166666666668,90.75,6.2625,206.125,15.9,970.9041666666667,24
2025-10-01,7.395833333333333,7.620833333333334,636.2916666666666,0.20833333333333334,24.833333333333332,89.0,4.6625000000000005,225.79166666666666,11.2,974.8083333333334,24
2025-10-02,12.791666666666666,13.608333333333334,1629.5,1.0833333333333333,26.170833333333334,84.375,2.891666666666667,258.4166666666667,6.9,976.5500000000001,24
2025-10-03,11.779166666666667,12.275,1411.0,0.7083333333333334,27.2,83.0,2.595833333333333,189.04166666666666,0.8,975.85,24
2025-10-04,14.520833333333334,14.9125,1290.625,0.5,26.287499999999998,85.95833333333333,2.8541666666666665,151.625,3.7,975.6958333333333,24
2025-10-05,14.345833333333333,14.654166666666667,1862.7916666666667,0.2916666666666667,26.5,84.20833333333333,4.020833333333333,170.41666666666666,0.30000000000000004,974.8000000000001,24
2025-10-06,14.4375,14.520833333333334,1506.4166666666667,0.0,26.40416666666667,85.66666666666667,3.1125000000000003,195.75,1.0,973.4833333333332,24
2025-10-07,19.358333333333334,19.995833333333334,1630.875,0.7083333333333334,25.995833333333334,86.66666666666667,3.1333333333333333,182.875,1.9,974.4041666666667,24
2025-10-08,14.4,14.716666666666667,1298.125,0.5,26.120833333333334,82.70833333333333,3.5625,205.75,7.3,975.9791666666666,24
2025-10-09,15.341666666666667,15.512500000000001,1567.9166666666667,0.0,26.34583333333333,82.91666666666667,2.9125,223.08333333333334,2.8,975.85,24
2025-10-10,18.333333333333332,18.420833333333334,1329.0833333333333,0.0,26.891666666666666,76.66666666666667,3.6916666666666664,218.33333333333334,1.1,975.2875,24
2025-10-11,25.3875,25.433333333333334,1402.5,0.0,27.320833333333336,71.0,2.5416666666666665,233.70833333333334,0.0,974.4291666666667,24
2025-10-12,24.991666666666664,25.041666666666668,1783.3333333333333,0.0,27.495833333333334,75.33333333333333,1.9083333333333332,205.0,0.2,974.2624999999999,24
2025-10-13,27.616666666666664,27.645833333333332,1560.3333333333333,0.0,26.541666666666668,82.45833333333333,3.2458333333333336,229.29166666666666,11.6,974.5833333333334,24
2025-10-14,27.195833333333336,27.241666666666664,1676.6666666666667,0.0,25.55,86.29166666666667,2.670833333333333,253.75,11.6,974.35,24
2025-10-15,15.641666666666666,15.666666666666666,1309.5416666666667,0.0,24.541666666666668,89.29166666666667,3.7583333333333333,217.0,17.1,974.6291666666666,24
2025-10-16,12.658333333333333,12.691666666666665,866.0,0.0,25.47083333333333,85.5,3.4375,215.41666666666666,13.100000000000001,975.9,24
2025-10-17,20.645833333333332,20.745833333333334,1273.0,0.0,25.854166666666668,85.91666666666667,4.104166666666667,239.16666666666666,4.6000000000000005,976.6958333333333,24
2025-10-18,22.804166666666664,23.09583333333333,1348.7916666666667,0.0,26.304166666666664,82.625,3.6750000000000003,246.5,0.30000000000000004,975.9666666666667,24
2025-10-19,16.954166666666666,17.162499999999998,1542.4583333333333,0.0,26.133333333333336,80.95833333333333,4.1625000000000005,214.125,7.5,975.1625,24
2025-10-20,21.420833333333334,21.5125,1402.2916666666667,0.0,26.229166666666668,78.25,4.104166666666667,260.7083333333333,0.1,975.3833333333333,24
2025-10-21,21.683333333333334,21.71666666666667,1231.75,0.0,26.554166666666664,74.29166666666667,4.983333333333333,244.5,0.1,975.7666666666668,24
2025-10-22,15.454166666666666,15.475,714.2083333333334,0.0,25.787499999999998,67.83333333333333,11.079166666666666,276.5,0.0,976.775,24
2025-10-23,17.1125,17.2,1165.375,0.0,25.2,69.91666666666667,7.783333333333334,292.5,0.0,977.3208333333333,24
2025-10-24,22.5125,22.683333333333334,888.7916666666666,0.0,25.145833333333332,76.375,4.195833333333334,233.70833333333334,0.9,977.3541666666666,24
2025-10-25,27.829166666666666,27.90416666666667,1362.75,0.0,25.445833333333336,74.91666666666667,2.2416666666666667,214.08333333333334,0.2,977.0166666666668,24
2025-10-26,23.78333333333333,23.858333333333334,1445.7083333333333,0.0,25.84166666666667,75.625,3.216666666666667,215.125,0.1,977.1041666666666,24
2025-10-27,23.72083333333333,23.733333333333334,1397.75,0.0,25.804166666666664,73.875,5.0625,295.0,0.0,977.6583333333333,24
2025-10-28,17.470833333333335,17.483333333333334,1274.75,0.0,25.683333333333334,68.58333333333333,6.0375000000000005,333.6666666666667,0.0,977.3416666666667,24
2025-10-29,18.045833333333334,18.075,1426.6666666666667,0.0,25.958333333333332,70.45833333333333,3.9583333333333335,231.58333333333334,0.0,976.5083333333333,24
2025-10-30,20.304166666666667,20.316666666666666,1197.4583333333333,0.0,26.90416666666667,68.70833333333333,4.970833333333333,282.5,0.0,976.1416666666668,24
2025-10-31,22.379166666666666,22.395833333333332,826.5,0.0,26.6875,73.04166666666667,6.016666666666667,248.375,3.0,976.375,24
2025-11-01,11.895833333333334,11.945833333333333,621.5416666666666,0.0,24.8125,88.41666666666667,5.4624999999999995,242.0,35.1,976.5291666666667,24
2025-11-02,11.766666666666666,11.7875,556.2083333333334,0.0,24.45,89.70833333333333,5.3,239.5,24.3,975.7583333333333,24
2025-11-03,14.579166666666666,14.65,724.75,0.0,24.2,87.95833333333333,5.241666666666666,218.79166666666666,32.2,975.3208333333333,24
2025-11-04,15.991666666666667,16.016666666666666,1063.8333333333333,0.0,24.662499999999998,84.75,3.4958333333333336,234.625,14.2,975.6999999999999,24
2025-11-05,22.308333333333334,22.337500000000002,1080.3333333333333,0.0,25.05,82.29166666666667,3.7624999999999997,227.29166666666666,2.7,974.725,24
2025-11-06,34.68333333333333,34.704166666666666,1979.0,0.0,25.22083333333333,84.41666666666667,2.5791666666666666,243.125,1.8,974.5208333333334,24
2025-11-07,27.704166666666666,27.741666666666664,1776.2916666666667,0.0,26.25,79.16666666666667,4.125,314.5833333333333,0.0,973.3833333333333,24
2025-11-08,22.09583333333333,22.133333333333336,1471.375,0.0,24.77916666666667,90.125,2.7708333333333335,227.83333333333334,27.6,974.2624999999999,24
2025-11-09,10.916666666666666,10.924999999999999,1241.9583333333333,0.0,24.183333333333334,91.41666666666667,2.9958333333333336,211.20833333333334,26.4,974.5833333333334,24
2025-11-10,11.758333333333333,11.770833333333334,1426.9166666666667,0.0,24.391666666666666,89.375,3.591666666666667,238.5,11.299999999999999,974.5333333333333,24
2025-11-11,18.604166666666668,18.633333333333333,1552.375,0.0,25.320833333333336,84.33333333333333,2.6916666666666664,176.45833333333334,0.2,974.3291666666668,24
2025-11-12,30.1125,30.141666666666666,1538.4583333333333,0.0,26.120833333333334,78.875,2.8791666666666664,176.5,0.1,975.5916666666667,24
2025-11-13,30.358333333333334,30.379166666666666,1310.5833333333333,0.0,25.820833333333336,79.04166666666667,4.079166666666667,242.54166666666666,0.2,977.4291666666667,24
2025-11-14,19.358333333333334,19.358333333333334,1646.1666666666667,0.0,25.241666666666664,82.95833333333333,3.591666666666667,194.04166666666666,0.8,977.9708333333333,24
2025-11-15,28.7,28.704166666666666,1797.625,0.0,24.704166666666666,82.125,3.3958333333333335,229.375,7.1,979.2916666666666,24
2025-11-16,22.275000000000002,22.429166666666664,1264.2083333333333,0.0,24.545833333333334,72.70833333333333,6.9125000000000005,339.2083333333333,0.1,980.4541666666668,24
2025-11-17,14.758333333333333,14.9125,839.4583333333334,0.0,24.320833333333336,72.08333333333333,8.204166666666667,262.1666666666667,2.8000000000000003,980.0083333333333,24
2025-11-18,21.933333333333334,22.041666666666668,816.25,0.0,22.645833333333332,86.04166666666667,6.791666666666667,282.625,14.9,980.0875,24
2025-11-19,11.916666666666666,11.941666666666668,828.7916666666666,0.0,21.8875,86.66666666666667,5.8625,287.0416666666667,1.8,981.3625000000001,24
2025-11-20,14.683333333333332,14.7125,982.0,0.0,21.879166666666666,68.875,9.7375,262.75,0.0,981.9041666666667,24
2025-11-21,15.637500000000001,15.754166666666668,574.7083333333334,0.0,22.337500000000002,64.33333333333333,11.329166666666666,341.8333333333333,0.0,982.2333333333332,24
2025-11-22,18.404166666666665,18.483333333333334,1378.3333333333333,0.0,21.52916666666667,72.45833333333333,4.941666666666667,218.875,0.0,980.6374999999999,24
2025-11-23,23.508333333333336,23.558333333333334,1457.5416666666667,0.0,21.979166666666668,77.66666666666667,4.045833333333333,234.58333333333334,0.0,980.025,24
2025-11-24,18.787499999999998,18.8625,989.9583333333334,0.0,22.066666666666666,73.875,6.654166666666666,291.375,0.0,979.6708333333332,24
2025-11-25,11.3125,11.358333333333334,551.0833333333334,0.0,21.34583333333333,66.875,10.991666666666667,341.7083333333333,0.0,980.0166666666668,24
2025-11-26,20.145833333333332,20.358333333333334,674.625,0.5833333333333334,20.1125,66.41666666666667,9.095833333333333,339.0,0.0,979.8375,24
2025-11-27,17.695833333333333,17.979166666666668,565.5833333333334,0.5416666666666666,19.691666666666666,62.541666666666664,10.975,260.125,0.0,981.5166666666668,24
2025-11-28,14.041666666666666,14.2125,698.5,0.0,18.429166666666667,57.666666666666664,10.025,336.7916666666667,0.0,979.9958333333334,24
2025-11-29,17.933333333333334,18.191666666666666,1464.4583333333333,0.0,17.120833333333334,68.66666666666667,2.9458333333333333,236.95833333333334,0.0,978.0625,24
2025-11-30,28.59583333333333,28.7625,1488.4583333333333,0.0,18.329166666666666,71.75,3.370833333333333,264.9166666666667,0.0,977.3583333333332,24
2025-12-01,30.625,30.629166666666666,1537.7916666666667,0.0,19.45,72.79166666666667,2.8874999999999997,252.66666666666666,0.0,977.275,24
2025-12-02,32.75833333333333,32.7625,1558.5833333333333,0.0,20.191666666666666,68.41666666666667,2.404166666666667,270.2916666666667,0.0,976.9541666666668,24
2025-12-03,29.116666666666664,29.145833333333332,1555.0833333333333,0.0,21.462500000000002,73.70833333333333,2.8541666666666665,247.70833333333334,0.0,978.5208333333334,24
2025-12-04,24.604166666666668,24.604166666666668,1355.0833333333333,0.0,21.920833333333334,75.75,3.4416666666666664,263.5416666666667,0.0,979.5041666666666,24
2025-12-05,26.041666666666668,26.054166666666664,1393.5833333333333,0.0,22.683333333333334,74.91666666666667,2.8874999999999997,239.25,0.0,980.1291666666666,24
2025-12-06,31.599999999999998,31.71666666666667,1350.4583333333333,0.0,23.545833333333334,79.66666666666667,3.5708333333333333,242.875,0.8,979.3083333333334,24
2025-12-07,31.866666666666664,31.9875,1526.0,0.0,24.104166666666668,78.95833333333333,2.495833333333333,229.45833333333334,0.2,978.65,24
2025-12-08,31.275000000000002,31.583333333333332,1256.6666666666667,0.4583333333333333,23.666666666666668,77.75,4.1875,227.95833333333334,0.9,979.3458333333333,24
2025-12-09,33.612500000000004,34.425000000000004,1677.3333333333333,1.4583333333333333,22.7625,76.54166666666667,3.154166666666667,219.04166666666666,0.6,979.5333333333333,24
2025-12-10,28.46666666666667,28.991666666666664,1455.0833333333333,1.2083333333333333,21.820833333333336,73.16666666666667,2.8625000000000003,218.58333333333334,0.0,979.5291666666667,24
2025-12-11,28.912499999999998,29.304166666666664,1245.9166666666667,0.8333333333333334,21.308333333333334,71.5,4.120833333333334,226.83333333333334,0.0,979.0541666666667,24
2025-12-12,33.30833333333333,33.612500000000004,1374.8333333333333,0.125,22.945833333333336,77.25,2.7291666666666665,168.54166666666666,1.1,978.4958333333334,24
2025-12-13,32.86666666666667,33.05833333333333,1345.9166666666667,0.0,22.433333333333334,81.375,3.875,247.54166666666666,0.0,978.9708333333333,24
2025-12-14,23.90416666666667,24.041666666666668,1281.2916666666667,0.0,22.395833333333332,81.875,4.191666666666666,246.29166666666666,0.6,979.7291666666666,24
2025-12-15,23.583333333333332,23.65416666666667,1366.5833333333333,0.0,22.775000000000002,80.66666666666667,2.6750000000000003,242.83333333333334,0.0,979.3708333333334,24
2025-12-16,24.295833333333334,24.379166666666666,1468.0833333333333,0.0,22.870833333333334,76.75,3.295833333333334,222.375,0.0,978.3041666666667,24
2025-12-17,21.287499999999998,21.3625,1111.0833333333333,0.0,22.958333333333332,76.75,4.875,273.2083333333333,6.9,979.0291666666667,24
2025-12-18,21.8875,22.445833333333336,1109.2083333333333,0.7916666666666666,22.116666666666664,79.08333333333333,4.745833333333333,248.95833333333334,2.2,979.3166666666666,24
2025-12-19,28.662499999999998,29.454166666666666,1116.0833333333333,1.2916666666666667,22.34583333333333,76.33333333333333,3.8708333333333336,249.95833333333334,0.5,977.65,24
2025-12-20,28.291666666666668,28.745833333333334,1181.875,0.7916666666666666,21.808333333333334,72.375,3.391666666666667,243.45833333333334,0.0,976.8458333333333,24
2025-12-21,22.520833333333332,22.97083333333333,1145.25,0.5833333333333334,21.775000000000002,70.16666666666667,3.904166666666667,291.5416666666667,0.0,978.6416666666668,24
2025-12-22,21.34166666666667,22.004166666666666,1202.2083333333333,1.375,21.3875,71.95833333333333,3.4625,231.20833333333334,0.0,977.8541666666666,24
2025-12-23,19.508333333333333,19.75,1133.5833333333333,0.16666666666666666,22.2,71.04166666666667,3.3000000000000003,251.79166666666666,0.0,976.3291666666668,24
2025-12-24,22.0,22.40416666666667,1128.0,0.5,22.97083333333333,67.95833333333333,3.683333333333333,243.625,0.0,975.9125,24
2025-12-25,28.683333333333334,29.2,1184.4166666666667,1.0833333333333333,22.679166666666664,67.33333333333333,4.191666666666666,240.83333333333334,0.0,977.1041666666666,24
2025-12-26,23.608333333333334,24.09583333333333,1123.5,0.7916666666666666,22.325,67.83333333333333,3.8541666666666665,248.75,0.0,977.3958333333334,24
2025-12-27,22.03333333333333,22.441666666666666,1456.625,0.9583333333333334,21.958333333333332,70.29166666666667,3.3249999999999997,224.95833333333334,0.2,977.9333333333334,24
2025-12-28,25.520833333333332,25.8,1225.5416666666667,0.25,21.866666666666664,70.08333333333333,3.475,223.41666666666666,0.0,978.4625,24
2025-12-29,29.84166666666667,30.099999999999998,1441.75,0.0,21.829166666666666,70.5,3.1666666666666665,229.875,0.0,977.2708333333334,24
2025-12-30,23.412499999999998,23.77916666666667,1361.5416666666667,0.0,21.025000000000002,69.75,3.2875,255.0,0.0,976.1708333333332,24
2025-12-31,26.0625,26.21666666666667,1257.7916666666667,0.0,21.3625,70.91666666666667,3.1666666666666665,251.66666666666666,0.0,974.6208333333334,24
2026-01-01,27.504166666666666,27.566666666666666,1373.5,0.0,21.366666666666664,73.54166666666667,3.045833333333333,242.54166666666666,0.0,976.1,24
2026-01-02,32.68333333333333,32.81666666666667,1170.7083333333333,0.0,21.2,71.04166666666667,3.5625,253.0,0.0,978.5500000000001,24
2026-01-03,26.7625,26.900000000000002,1515.25,0.0,21.158333333333335,73.16666666666667,4.116666666666666,239.91666666666666,0.30000000000000004,979.8083333333334,24
2026-01-04,24.458333333333332,24.604166666666668,1856.9583333333333,0.0,20.875,74.5,3.579166666666667,236.29166666666666,0.0,979.5791666666668,24
2026-01-05,27.458333333333332,27.6125,1611.75,0.0,21.104166666666668,71.25,2.4,237.04166666666666,0.0,979.8666666666667,24
2026-01-06,27.150000000000002,27.27916666666667,1548.0416666666667,0.0,20.520833333333332,69.83333333333333,2.9250000000000003,288.2916666666667,0.0,980.4541666666668,24
2026-01-07,27.8875,28.1375,1190.9583333333333,0.0,20.016666666666666,72.75,3.7583333333333333,243.58333333333334,0.0,981.6041666666666,24
2026-01-08,20.366666666666667,20.45,1217.8333333333333,0.0,19.675,70.08333333333333,2.5416666666666665,232.45833333333334,0.0,982.6791666666667,24
2026-01-09,24.27916666666667,24.308333333333334,1407.2083333333333,0.0,18.991666666666667,68.16666666666667,2.8874999999999997,226.20833333333334,0.0,981.8208333333333,24
2026-01-10,25.754166666666666,25.808333333333334,1534.5833333333333,0.0,18.912499999999998,66.375,2.983333333333333,242.54166666666666,0.0,980.3541666666666,24
2026-01-11,32.8375,32.94583333333333,1387.2083333333333,0.0,19.141666666666666,67.16666666666667,4.1499999999999995,263.9583333333333,0.0,982.1125000000001,24
2026-01-12,33.925000000000004,34.112500000000004,1666.25,0.0,19.2,67.79166666666667,2.6750000000000003,228.16666666666666,0.0,981.5375,24
2026-01-13,35.61666666666667,35.72083333333333,1577.875,0.0,20.133333333333333,72.16666666666667,3.204166666666667,235.91666666666666,0.0,979.9666666666667,24
2026-01-14,30.104166666666668,30.145833333333332,1809.2916666666667,0.0,20.962500000000002,69.5,2.75,230.41666666666666,0.0,977.7291666666666,24
2026-01-15,27.604166666666668,27.745833333333334,1595.5833333333333,0.0,21.6125,69.41666666666667,1.8708333333333333,228.375,0.0,977.2208333333333,24
2026-01-16,29.120833333333334,29.3875,1496.625,0.20833333333333334,21.429166666666664,76.375,3.75,245.16666666666666,0.0,975.8916666666668,24
2026-01-17,28.379166666666666,28.9875,1314.9166666666667,0.625,21.566666666666666,73.0,3.1291666666666664,233.125,0.0,974.8958333333334,24
2026-01-18,24.891666666666666,25.633333333333336,1375.1666666666667,1.0833333333333333,21.325,63.0,2.9,243.08333333333334,0.0,974.725,24
2026-01-19,18.345833333333335,18.8,1361.75,0.0,21.099999999999998,66.83333333333333,3.029166666666667,261.0416666666667,0.0,975.3833333333333,24
2026-01-20,19.466666666666665,20.016666666666666,1416.4583333333333,0.0,21.370833333333334,65.20833333333333,2.4125,275.4166666666667,0.0,976.3458333333333,24
2026-01-21,21.870833333333334,22.258333333333336,1320.5416666666667,0.0,21.270833333333332,60.416666666666664,3.275,254.16666666666666,0.0,977.7208333333333,24
2026-01-22,26.4875,26.645833333333332,1289.0,0.0,21.983333333333334,66.125,3.720833333333333,237.08333333333334,0.0,979.1791666666667,24
2026-01-23,29.433333333333334,29.6375,1578.0833333333333,0.0,21.90833333333333,71.25,3.095833333333333,250.0,0.1,981.1916666666666,24
2026-01-24,31.616666666666664,31.854166666666668,1439.4583333333333,0.0,21.283333333333335,70.33333333333333,3.9250000000000003,241.70833333333334,0.0,980.7291666666666,24
2026-01-25,27.78333333333333,28.02916666666667,1492.25,0.0,21.3875,66.625,2.891666666666667,227.79166666666666,0.0,979.2166666666667,24
2026-01-26,33.483333333333334,33.75,1472.8333333333333,0.0,21.454166666666666,60.333333333333336,3.2375000000000003,234.875,0.0,979.7291666666666,24
2026-01-27,30.695833333333336,30.875,1390.125,0.0,21.52916666666667,62.416666666666664,3.4125,247.83333333333334,0.0,980.4708333333333,24
2026-01-28,33.791666666666664,34.775,1327.4583333333333,1.5833333333333333,21.875,61.375,3.483333333333333,220.45833333333334,0.0,979.8625000000001,24
2026-01-29,30.224999999999998,31.05416666666667,1402.875,1.2916666666666667,22.162499999999998,64.66666666666667,3.65,233.625,0.0,978.8666666666667,24
2026-01-30,29.925,31.099999999999998,1497.125,2.0,22.3875,62.208333333333336,2.9333333333333336,201.70833333333334,0.0,979.3874999999999,24
2026-01-31,34.483333333333334,35.67916666666667,1406.3333333333333,2.0833333333333335,22.541666666666668,63.625,3.65,230.0,0.0,979.8833333333333,24
2026-02-01,34.06666666666667,35.175000000000004,1506.5833333333333,2.0,22.9875,61.041666666666664,3.0083333333333333,230.41666666666666,0.0,980.1208333333334,24
2026-02-02,36.9375,38.07083333333333,1597.2916666666667,1.9166666666666667,22.995833333333334,64.41666666666667,3.1291666666666664,231.29166666666666,0.0,980.5958333333333,24
2026-02-03,33.875,34.5375,1562.5833333333333,1.0,22.633333333333336,62.958333333333336,2.85,238.29166666666666,0.0,981.5916666666667,24
2026-02-04,28.854166666666668,29.366666666666664,1561.5833333333333,0.875,22.825,60.541666666666664,2.5791666666666666,248.375,0.0,980.0875,24
2026-02-05,30.008333333333336,30.441666666666666,1449.0416666666667,0.625,23.09166666666667,61.0,3.204166666666667,251.95833333333334,0.0,978.2624999999999,24
2026-02-06,30.875,31.358333333333334,1489.7083333333333,0.7083333333333334,23.508333333333336,63.75,2.670833333333333,250.5,0.0,976.9291666666667,24
2026-02-07,30.34583333333333,30.704166666666666,1274.2083333333333,0.5,23.912499999999998,61.5,2.8833333333333333,251.29166666666666,0.0,976.0833333333334,24
2026-02-08,28.075,28.429166666666664,1233.0833333333333,0.0,24.254166666666666,62.916666666666664,5.291666666666667,246.79166666666666,0.0,976.7833333333333,24
2026-02-09,32.2875,32.583333333333336,974.6666666666666,0.0,23.5125,76.79166666666667,5.508333333333333,201.79166666666666,3.0,977.9416666666666,24
2026-02-10,35.07083333333333,35.483333333333334,1272.0416666666667,0.041666666666666664,24.383333333333336,71.83333333333333,3.0208333333333335,198.58333333333334,0.0,978.2708333333334,24
2026-02-11,36.449999999999996,37.03333333333333,1290.9583333333333,0.625,25.15416666666667,65.58333333333333,3.2583333333333333,245.5,0.1,979.1083333333332,24
2026-02-12,26.40833333333333,26.8125,1299.6666666666667,0.2916666666666667,25.462500000000002,60.208333333333336,4.9375,233.83333333333334,0.0,977.625,24
2026-02-13,20.345833333333335,20.787499999999998,1322.0416666666667,0.0,24.575,55.916666666666664,3.8541666666666665,229.66666666666666,0.0,976.2583333333333,24
2026-02-14,21.337500000000002,21.708333333333332,1317.9583333333333,0.0,24.354166666666668,54.416666666666664,3.266666666666667,220.91666666666666,0.0,976.0041666666666,24
2026-02-15,23.754166666666666,24.104166666666668,1289.8333333333333,0.0,24.691666666666666,56.583333333333336,3.6,217.95833333333334,0.0,975.5291666666667,24
2026-02-16,25.1875,25.829166666666666,1248.8333333333333,0.8333333333333334,24.900000000000002,59.0,3.3708333333333336,248.54166666666666,0.0,975.2208333333333,24
2026-02-17,29.883333333333336,30.304166666666664,1346.8333333333333,0.4166666666666667,25.191666666666666,59.916666666666664,3.7375000000000003,258.625,0.0,975.5875,24
2026-02-18,47.25,47.8125,1346.375,0.5,25.666666666666668,66.16666666666667,3.858333333333333,250.25,0.0,977.4375,24
2026-02-19,38.262499999999996,38.7875,1311.875,0.0,25.416666666666668,72.41666666666667,4.6125,229.0,0.7,979.3833333333333,24
2026-02-20,20.6125,20.870833333333334,1415.5833333333333,0.0,25.804166666666664,70.375,4.991666666666666,201.58333333333334,0.2,979.2624999999999,24
2026-02-21,25.666666666666668,25.9375,1463.4166666666667,0.0,25.170833333333334,77.875,3.3541666666666665,249.95833333333334,0.0,974.8916666666668,24
2026-02-22,41.604166666666664,42.00416666666667,1823.0833333333333,0.25,23.9375,78.375,3.420833333333333,273.7083333333333,0.0,973.1833333333334,24
2026-02-23,33.391666666666666,33.7875,1960.375,0.08333333333333333,24.474999999999998,80.16666666666667,2.795833333333333,227.41666666666666,0.2,973.1333333333333,24
2026-02-24,31.358333333333334,32.00833333333333,1336.375,0.4583333333333333,24.741666666666664,71.83333333333333,5.5249999999999995,293.2083333333333,0.0,974.6166666666667,24
2026-02-25,26.59166666666667,26.954166666666666,569.0416666666666,0.125,23.150000000000002,64.125,13.1,338.3333333333333,0.0,976.2041666666668,24
2026-02-26,16.420833333333334,16.662499999999998,1233.875,0.0,23.587500000000002,69.41666666666667,4.608333333333333,245.41666666666666,0.0,973.6958333333333,24
2026-02-27,22.8125,23.291666666666668,1372.0833333333333,0.375,25.133333333333336,66.70833333333333,3.5583333333333336,262.9166666666667,0.30000000000000004,971.1875,24
2026-02-28,27.704166666666666,28.166666666666668,1059.2083333333333,0.6666666666666666,25.90416666666667,57.375,5.608333333333333,242.66666666666666,0.0,970.6999999999999,24
2026-03-01,32.4375,32.875,1132.5833333333333,0.75,25.020833333333332,55.958333333333336,5.445833333333333,244.125,0.0,971.875,24
2026-03-02,27.75,27.979166666666668,1168.5,0.375,24.4375,53.5,2.9250000000000003,257.7916666666667,0.0,973.5708333333333,24
2026-03-03,40.824999999999996,44.0875,1330.3333333333333,6.541666666666667,24.758333333333336,52.333333333333336,2.9916666666666667,260.875,0.0,974.1208333333334,24
2026-03-04,62.36666666666667,67.0625,1482.2916666666667,9.583333333333334,25.075,53.166666666666664,3.404166666666667,247.25,0.0,973.8916666666668,24
2026-03-05,58.9125,62.9125,1293.875,7.708333333333333,25.808333333333334,55.75,3.720833333333333,238.33333333333334,0.0,973.2666666666668,24
2026-03-06,49.1625,51.53333333333333,1403.0,4.166666666666667,25.287499999999998,63.125,5.104166666666667,234.75,0.3,975.8166666666666,24
2026-03-07,42.1875,43.71666666666667,1559.125,2.5,26.183333333333334,64.41666666666667,3.6999999999999997,217.91666666666666,0.1,976.7416666666667,24
2026-03-08,42.96666666666667,46.28333333333333,1629.9583333333333,6.5,27.229166666666668,57.041666666666664,3.0,225.16666666666666,0.0,976.4083333333333,24
2026-03-09,42.675000000000004,45.75833333333333,1546.875,5.75,27.224999999999998,58.5,3.1374999999999997,192.04166666666666,0.1,977.5541666666667,24
2026-03-10,40.949999999999996,43.92083333333333,1375.875,5.5,24.883333333333336,70.83333333333333,5.329166666666667,225.20833333333334,10.9,979.6625,24
2026-03-11,28.90833333333333,30.541666666666668,1484.25,3.1666666666666665,22.620833333333334,78.75,5.341666666666666,257.2916666666667,3.7,978.8791666666666,24
2026-03-12,36.975,39.637499999999996,1866.75,5.25,23.412499999999998,71.125,4.0249999999999995,268.25,0.1,976.8125,24
2026-03-13,31.8,33.4375,1642.625,3.1666666666666665,23.016666666666666,74.54166666666667,4.116666666666666,215.375,0.9,978.4458333333333,24
2026-03-14,30.125,31.329166666666666,1827.25,2.375,23.3,75.75,3.3625000000000003,211.29166666666666,0.4,979.5124999999999,24
2026-03-15,38.391666666666666,40.90833333333333,1518.5416666666667,5.083333333333333,24.516666666666666,68.70833333333333,3.3541666666666665,181.70833333333334,0.6,979.0333333333333,24
2026-03-16,43.84166666666667,47.729166666666664,1454.75,7.416666666666667,24.445833333333336,71.70833333333333,3.3833333333333333,250.0,2.1,976.9583333333334,24
2026-03-17,45.175000000000004,48.74583333333334,1746.2083333333333,7.041666666666667,24.425,71.91666666666667,4.158333333333333,250.33333333333334,0.1,975.8958333333334,24
2026-03-18,29.40416666666667,31.020833333333332,1727.0833333333333,3.125,25.6875,58.0,2.4125,239.04166666666666,0.0,976.0083333333333,24
2026-03-19,27.983333333333334,29.579166666666666,1418.2916666666667,2.9166666666666665,25.883333333333336,52.416666666666664,3.4499999999999997,252.08333333333334,0.0,975.3041666666667,24
2026-03-20,26.90833333333333,28.7,1421.0,2.875,26.541666666666668,48.708333333333336,2.3958333333333335,248.625,0.0,974.775,24
2026-03-21,35.641666666666666,37.7625,1099.9166666666667,3.9583333333333335,26.925,50.458333333333336,4.541666666666667,241.125,0.0,975.1583333333333,24
2026-03-22,23.979166666666668,26.233333333333334,1230.4583333333333,4.25,27.7375,53.708333333333336,7.5625,212.08333333333334,0.0,974.4041666666667,24
2026-03-23,21.154166666666665,24.933333333333334,948.0416666666666,6.916666666666667,27.099999999999998,48.375,6.220833333333334,258.375,0.0,974.3708333333334,24
2026-03-24,25.837500000000002,29.474999999999998,1198.125,6.708333333333333,26.400000000000002,44.291666666666664,3.9958333333333336,230.29166666666666,0.0,973.4333333333334,24
2026-03-25,30.045833333333334,35.3125,1034.875,9.875,26.566666666666666,46.166666666666664,5.354166666666667,248.70833333333334,0.0,973.8083333333334,24
2026-03-26,38.25833333333333,42.80416666666667,1412.0,8.125,26.491666666666664,46.666666666666664,3.9291666666666667,232.75,0.0,973.9791666666666,24
2026-03-27,31.058333333333334,33.57083333333333,1096.625,4.125,27.270833333333332,45.333333333333336,6.154166666666666,253.91666666666666,0.0,972.7875,24
2026-03-28,36.208333333333336,38.300000000000004,1162.25,3.8333333333333335,27.641666666666666,46.125,5.879166666666666,239.41666666666666,0.0,972.1708333333332,24
2026-03-29,46.8125,48.525,953.0,2.9166666666666665,28.383333333333336,44.458333333333336,6.366666666666667,252.83333333333334,0.0,972.6125000000001,24
2026-03-30,56.67083333333333,64.16666666666667,1101.0,14.958333333333334,28.47083333333333,42.916666666666664,5.470833333333334,250.33333333333334,0.0,972.7333333333332,24
2026-03-31,60.9125,71.79166666666667,1310.7916666666667,21.833333333333332,28.745833333333334,46.0,4.654166666666667,232.70833333333334,0.0,973.2208333333333,24
2026-04-01,79.82083333333334,96.32083333333333,1273.4583333333333,33.583333333333336,29.275000000000002,44.5,3.7375000000000003,238.91666666666666,0.1,973.4458333333333,24
2026-04-02,81.34583333333333,96.50416666666666,1214.4166666666667,30.916666666666668,29.570833333333336,44.833333333333336,4.4624999999999995,236.20833333333334,0.0,973.4499999999999,24
2026-04-03,67.55416666666666,77.8125,1108.2916666666667,20.833333333333332,29.7375,44.708333333333336,3.4250000000000003,237.66666666666666,0.0,972.525,24
2026-04-04,59.81666666666666,69.17916666666666,1372.2083333333333,18.5,29.833333333333332,49.0,4.1125,199.95833333333334,0.0,971.2125,24
2026-04-05,70.24583333333334,82.29583333333333,1297.75,23.958333333333332,30.72083333333333,48.541666666666664,4.629166666666666,206.375,0.1,970.3708333333334,24
2026-04-06,53.44166666666666,61.36666666666667,1306.5416666666667,15.083333333333334,30.458333333333332,50.958333333333336,4.304166666666666,229.29166666666666,0.0,971.8083333333334,24
2026-04-07,56.979166666666664,61.14166666666667,1096.4166666666667,8.0,30.53333333333333,53.458333333333336,5.741666666666667,240.54166666666666,0.0,972.6041666666666,24
2026-04-08,49.99166666666667,52.291666666666664,1243.6666666666667,4.458333333333333,29.741666666666664,50.458333333333336,6.375,242.45833333333334,0.0,973.0958333333333,24
2026-04-09,32.07083333333333,33.704166666666666,1169.2916666666667,2.7083333333333335,29.28333333333333,47.75,4.9375,224.20833333333334,0.1,973.8625000000001,24
2026-04-10,32.550000000000004,35.795833333333334,996.6666666666666,5.166666666666667,29.566666666666666,47.333333333333336,4.966666666666667,244.70833333333334,0.0,973.5583333333334,24
2026-04-11,48.300000000000004,54.395833333333336,1157.5,11.333333333333334,29.75,47.166666666666664,4.683333333333334,227.95833333333334,0.0,972.4,24
2026-04-12,60.050000000000004,71.20416666666667,1151.5833333333333,22.5,28.8625,44.625,3.125,202.75,0.0,971.5333333333333,24
2026-04-13,53.74166666666667,65.52083333333333,1234.625,23.875,29.925,47.166666666666664,4.3999999999999995,240.875,0.0,972.5124999999999,24
2026-04-14,42.38333333333333,52.2125,1151.75,19.666666666666668,30.304166666666664,47.416666666666664,3.141666666666667,220.16666666666666,0.0,972.8083333333334,24
2026-04-15,38.4625,48.37916666666666,916.0833333333334,19.916666666666668,30.587500000000002,41.958333333333336,5.6000000000000005,202.70833333333334,0.0,971.625,24
2026-04-16,58.96666666666667,70.0875,1152.9583333333333,22.25,30.620833333333334,43.666666666666664,2.9958333333333336,211.16666666666666,0.0,972.0541666666667,24
2026-04-17,99.375,121.675,1335.0,43.708333333333336,30.75,46.583333333333336,4.808333333333333,243.66666666666666,0.0,972.8249999999999,24
2026-04-18,78.4375,98.9875,1559.4166666666667,41.875,31.0,47.916666666666664,5.9624999999999995,248.66666666666666,0.0,972.35,24
2026-04-19,52.53333333333333,62.725,962.2083333333334,20.041666666666668,30.729166666666668,44.458333333333336,6.325,237.875,0.0,971.7833333333333,24
2026-04-20,47.449999999999996,54.3375,1012.2916666666666,13.541666666666666,30.508333333333336,45.333333333333336,4.0125,226.91666666666666,0.0,971.7791666666667,24
2026-04-21,46.62083333333334,56.1,984.6666666666666,18.833333333333332,30.662499999999998,48.583333333333336,6.020833333333333,228.0,0.0,971.25,24
2026-04-22,56.775,71.18333333333334,1084.625,28.666666666666668,31.84166666666667,47.708333333333336,4.570833333333334,224.20833333333334,0.0,970.6833333333334,24
2026-04-23,60.27916666666667,76.64583333333333,1059.0416666666667,31.208333333333332,30.883333333333336,54.791666666666664,3.420833333333333,241.79166666666666,0.2,970.5791666666668,24
2026-04-24,48.59166666666667,69.39166666666667,1207.0416666666667,41.916666666666664,30.90833333333333,55.958333333333336,3.408333333333333,229.25,0.0,971.7708333333334,24
2026-04-25,46.0875,57.425000000000004,1075.7083333333333,22.083333333333332,27.445833333333336,70.25,5.604166666666667,202.08333333333334,6.3999999999999995,975.4791666666666,24
2026-04-26,27.325,31.620833333333334,1419.125,7.833333333333333,27.224999999999998,73.91666666666667,3.525,213.54166666666666,0.5,974.5708333333333,24
2026-04-27,38.80416666666667,48.208333333333336,1104.2916666666667,18.416666666666668,27.9375,65.375,5.5874999999999995,199.54166666666666,0.8,972.5291666666667,24
2026-04-28,43.42916666666667,55.6,1246.625,24.833333333333332,28.087500000000002,63.0,6.033333333333334,254.70833333333334,0.6,972.475,24
2026-04-29,41.670833333333334,54.125,1143.7916666666667,24.208333333333332,27.15416666666667,67.75,4.491666666666666,248.41666666666666,3.2,973.8874999999999,24
2026-04-30,56.79583333333333,76.2875,1057.5833333333333,39.5,28.087500000000002,64.875,6.1499999999999995,232.20833333333334,0.2,974.9583333333334,24
2026-05-01,29.77916666666667,37.03333333333333,1062.7916666666667,14.416666666666666,28.645833333333332,60.041666666666664,7.154166666666666,203.25,0.1,973.8958333333334,24
2026-05-02,16.570833333333333,20.366666666666667,646.0416666666666,7.125,30.070833333333336,51.458333333333336,7.470833333333334,225.58333333333334,0.0,972.6374999999999,24
2026-05-03,20.845833333333335,27.15416666666667,977.0,12.333333333333334,30.008333333333336,53.625,4.958333333333333,247.91666666666666,0.4,973.2958333333332,24
2026-05-04,22.766666666666666,30.504166666666666,1031.375,15.041666666666666,31.079166666666666,49.458333333333336,3.4375,243.91666666666666,0.0,974.2375000000001,24
2026-05-05,30.391666666666666,35.483333333333334,650.5416666666666,9.916666666666666,29.070833333333336,60.0,6.620833333333334,195.70833333333334,16.6,975.3708333333334,24
2026-05-06,25.695833333333336,28.166666666666668,891.6666666666666,4.5,28.870833333333334,65.04166666666667,4.720833333333333,192.25,13.100000000000001,973.6916666666666,24
2026-05-07,26.712500000000002,27.712500000000002,832.125,1.2083333333333333,30.233333333333334,58.875,3.829166666666667,232.66666666666666,1.4,973.2375000000001,24
2026-05-08,25.016666666666666,26.09166666666667,614.625,1.9166666666666667,28.383333333333336,65.91666666666667,4.695833333333334,245.54166666666666,0.5,974.7166666666667,24
2026-05-09,25.620833333333334,25.916666666666668,896.5,0.5,26.95,77.20833333333333,3.1750000000000003,206.25,6.2,975.4875000000001,24
2026-05-10,12.370833333333332,12.429166666666667,1062.5,0.0,27.0125,77.83333333333333,3.220833333333333,227.54166666666666,6.2,975.1916666666666,24
2026-05-11,13.5,13.549999999999999,1235.4583333333333,0.0,26.287499999999998,81.625,5.508333333333333,221.83333333333334,15.700000000000001,975.1750000000001,24
2026-05-12,17.0625,17.212500000000002,1351.8333333333333,0.0,25.6125,86.29166666666667,4.066666666666666,232.54166666666666,12.2,973.9083333333333,24
2026-05-13,12.674999999999999,12.741666666666667,1480.6666666666667,0.0,25.991666666666664,86.54166666666667,3.8375,189.75,15.1,972.1374999999999,24
2026-05-14,13.404166666666667,13.504166666666668,1342.7083333333333,0.0,26.625,86.5,3.516666666666667,166.79166666666666,7.8,971.0708333333333,24
2026-05-15,10.016666666666667,10.366666666666667,1442.2083333333333,0.0,26.416666666666668,86.375,4.625,179.20833333333334,24.7,971.1833333333334,24
2026-05-16,8.762500000000001,9.179166666666667,1012.2916666666666,0.375,28.25,76.29166666666667,6.575,202.625,15.1,970.3458333333333,24
2026-05-17,12.729166666666666,13.145833333333334,802.5,0.2916666666666667,29.575,68.45833333333333,3.9125,154.125,0.30000000000000004,969.3625000000001,24
2026-05-18,15.695833333333333,16.645833333333332,696.25,1.25,28.99166666666667,73.25,5.279166666666667,226.625,11.4,969.2624999999999,24
2026-05-19,15.895833333333334,19.833333333333332,883.9583333333334,7.291666666666667,28.8625,70.75,5.154166666666667,185.75,12.299999999999999,968.7791666666667,24
2026-05-20,15.766666666666666,21.55,973.1666666666666,11.583333333333334,28.087500000000002,77.16666666666667,5.183333333333334,220.75,23.599999999999998,968.4958333333334,24
2026-05-21,14.6625,19.42083333333333,816.7083333333334,9.5,28.287499999999998,75.75,5.258333333333334,197.83333333333334,6.0,970.7708333333334,24
2026-05-22,10.795833333333334,13.379166666666668,899.7916666666666,5.0,27.983333333333334,78.20833333333333,5.375,193.16666666666666,9.6,973.2291666666666,24
2026-05-23,8.491666666666667,9.549999999999999,775.875,1.625,27.695833333333336,82.875,5.229166666666667,187.16666666666666,10.4,973.8291666666668,24
2026-05-24,10.262500000000001,11.170833333333334,772.75,0.9583333333333334,27.870833333333334,80.66666666666667,5.1125,216.08333333333334,7.3,974.1416666666668,24
2026-05-25,12.1,13.433333333333332,733.5416666666666,1.3333333333333333,28.025000000000002,79.16666666666667,4.479166666666667,195.375,12.1,973.4791666666666,24
2026-05-26,17.224999999999998,18.179166666666667,1202.5833333333333,1.125,27.21666666666667,83.20833333333333,3.6041666666666665,155.08333333333334,8.6,973.0625,24
2026-05-27,16.991666666666667,26.162499999999998,807.4583333333334,17.833333333333332,28.129166666666666,74.45833333333333,4.745833333333334,164.20833333333334,4.6,972.9499999999999,24
2026-05-28,9.666666666666666,12.2875,776.4166666666666,4.583333333333333,27.683333333333334,80.04166666666667,3.733333333333333,175.04166666666666,9.5,973.6041666666666,24
2026-05-29,14.704166666666666,15.325000000000001,932.9583333333334,0.5,27.400000000000002,80.0,3.0625,173.58333333333334,0.7,973.6666666666666,24
2026-05-30,10.229166666666666,11.766666666666666,587.125,2.9583333333333335,27.308333333333334,79.45833333333333,4.325,201.70833333333334,17.1,973.8874999999999,24
2026-05-31,8.9625,10.320833333333333,592.7083333333334,2.5416666666666665,27.34166666666667,81.83333333333333,4.3125,165.75,13.6,974.0958333333333,24
2026-06-01,10.516666666666667,11.929166666666667,798.9166666666666,2.4166666666666665,28.400000000000002,80.08333333333333,3.966666666666667,232.95833333333334,2.0,973.5833333333334,24
2026-06-02,12.933333333333332,13.945833333333333,1044.8333333333333,1.375,29.21666666666667,74.08333333333333,5.008333333333334,233.125,0.5,971.65,24
2026-06-03,9.395833333333334,9.7125,1143.4583333333333,0.25,29.599999999999998,71.375,3.391666666666667,196.45833333333334,0.4,969.6041666666666,24
2026-06-04,11.220833333333333,11.495833333333332,896.0416666666666,0.25,29.020833333333332,74.83333333333333,4.029166666666667,151.45833333333334,6.5,969.2791666666667,24
2026-06-05,10.254166666666666,10.383333333333333,835.0416666666666,0.0,27.075,84.45833333333333,4.179166666666666,199.79166666666666,8.4,969.7208333333333,24
2026-06-06,6.891666666666667,7.0125,663.625,0.0,26.287499999999998,87.25,5.504166666666666,198.0,21.400000000000002,970.4875000000001,24
2026-06-07,6.745833333333334,6.9875,628.4583333333334,0.375,26.291666666666668,85.66666666666667,6.083333333333333,198.08333333333334,10.7,971.125,24
2026-06-08,8.5625,8.729166666666666,777.0,0.0,26.479166666666668,85.79166666666667,4.575,150.45833333333334,18.5,971.0958333333333,24
2026-06-09,9.983333333333333,11.470833333333333,668.625,2.375,27.7,78.70833333333333,5.179166666666666,154.33333333333334,1.2,970.35,24
2026-06-10,9.479166666666666,10.254166666666666,629.7916666666666,0.7083333333333334,26.97083333333333,83.25,4.6875,166.16666666666666,10.9,971.8208333333333,24
2026-06-11,7.083333333333333,7.483333333333333,543.8333333333334,0.25,25.395833333333332,90.20833333333333,6.295833333333333,219.54166666666666,20.3,974.3083333333334,24
2026-06-12,6.216666666666666,6.7,668.375,0.2916666666666667,26.308333333333334,85.41666666666667,6.05,191.83333333333334,15.8,975.8791666666666,24
2026-06-13,7.9750000000000005,8.375,738.7083333333334,0.08333333333333333,26.516666666666666,83.75,5.870833333333334,192.45833333333334,18.0,974.5500000000001,24
2026-06-14,7.429166666666667,8.129166666666666,626.8333333333334,0.625,27.020833333333332,78.70833333333333,6.208333333333333,150.08333333333334,12.6,972.4250000000001,24
2026-06-15,7.875,8.279166666666667,848.0833333333334,0.25,26.75,83.45833333333333,5.554166666666667,174.0,16.9,972.6999999999999,24
2026-06-16,12.708333333333334,14.054166666666667,910.1666666666666,1.2916666666666667,27.34166666666667,77.08333333333333,4.870833333333334,137.875,0.1,973.4625,24
2026-06-17,11.133333333333333,12.433333333333332,1226.5833333333333,1.4583333333333333,26.616666666666664,81.125,4.691666666666666,149.95833333333334,5.2,973.9541666666668,24
2026-06-18,10.758333333333333,11.920833333333333,1129.8333333333333,1.7083333333333333,26.995833333333334,83.20833333333333,4.329166666666667,140.95833333333334,4.7,973.5541666666667,24
2026-06-19,13.2875,16.208333333333332,1027.7916666666667,4.041666666666667,27.40833333333333,80.375,3.9125,135.75,0.5,973.1916666666666,24
2026-06-20,13.954166666666666,15.491666666666667,872.0416666666666,1.6666666666666667,27.679166666666664,78.33333333333333,4.545833333333333,160.41666666666666,4.4,973.4375,24
2026-06-21,10.304166666666665,12.112499999999999,622.1666666666666,2.0416666666666665,27.004166666666666,82.91666666666667,3.5625,117.45833333333333,7.8,974.225,24
2026-06-22,9.883333333333333,12.7125,846.75,3.5,26.879166666666666,78.0,3.8208333333333333,155.875,1.7,973.7624999999999,24
2026-06-23,11.491666666666667,12.995833333333332,1179.3333333333333,2.0,27.4375,76.125,5.520833333333333,167.20833333333334,3.0,971.7958333333332,24
2026-06-24,9.845833333333333,10.299999999999999,1183.3333333333333,0.125,27.837500000000002,75.83333333333333,4.2749999999999995,146.375,2.1,971.2041666666668,24
2026-06-25,10.991666666666667,11.504166666666668,1303.25,0.08333333333333333,27.879166666666666,74.66666666666667,4.795833333333333,143.5,1.2,971.6041666666666,24
2026-06-26,8.325000000000001,8.866666666666667,1152.9583333333333,0.125,27.558333333333334,74.83333333333333,3.85,161.04166666666666,1.3,971.875,24
2026-06-27,8.983333333333333,9.383333333333333,1183.7083333333333,0.2916666666666667,27.9375,77.95833333333333,3.733333333333333,152.625,11.299999999999999,971.1666666666666,24
2026-06-28,6.925,7.304166666666667,882.0833333333334,0.25,27.9375,82.5,3.15,146.875,7.9,970.4833333333332,24
2026-06-29,6.966666666666666,7.483333333333333,1003.1666666666666,0.4166666666666667,28.233333333333334,81.08333333333333,3.0749999999999997,176.20833333333334,7.1000000000000005,969.6958333333333,24
2026-06-30,10.933333333333332,11.395833333333334,1047.0416666666667,0.625,26.525000000000002,86.08333333333333,2.8791666666666664,142.16666666666666,13.5,970.3833333333333,24
2026-07-01,8.970833333333333,9.375,992.0,0.20833333333333334,27.104166666666668,84.625,3.6999999999999997,160.0,8.0,969.9583333333334,24
2026-07-02,10.025,10.420833333333333,775.75,0.375,26.912499999999998,84.16666666666667,4.395833333333333,200.29166666666666,12.5,970.2624999999999,24
2026-07-03,9.045833333333333,9.320833333333333,913.4583333333334,0.0,26.958333333333332,86.0,4.129166666666666,175.70833333333334,21.099999999999998,970.5,24
2026-07-04,10.862499999999999,11.741666666666667,909.5,0.7916666666666666,27.25,82.20833333333333,5.6875,151.5,4.7,970.125,24
2026-07-05,5.645833333333333,6.741666666666667,575.875,1.4583333333333333,27.3625,79.70833333333333,5.645833333333333,157.20833333333334,14.1,971.7624999999999,24
2026-07-06,6.245833333333334,7.8500000000000005,878.4166666666666,2.0,27.041666666666668,79.45833333333333,4.258333333333334,167.25,0.9,972.0083333333333,24
2026-07-07,10.025,14.270833333333334,1068.4166666666667,6.083333333333333,27.308333333333334,81.79166666666667,3.4416666666666664,158.33333333333334,1.1,972.0833333333334,24
2026-07-08,9.595833333333333,11.625,974.6666666666666,2.75,26.037499999999998,88.04166666666667,4.283333333333333,145.29166666666666,17.7,972.1083333333332,24
2026-07-09,8.058333333333334,9.583333333333334,1114.6666666666667,1.875,25.47083333333333,89.33333333333333,4.066666666666666,142.45833333333334,18.5,971.8249999999999,24
2026-07-10,7.704166666666667,8.854166666666666,1422.0,1.875,24.6375,94.16666666666667,4.270833333333333,124.20833333333333,30.3,971.4125,24
2026-07-11,6.841666666666666,8.35,1329.25,2.2916666666666665,26.366666666666664,85.25,4.066666666666666,143.79166666666666,13.8,968.7791666666667,24
2026-07-12,10.924999999999999,11.5625,1025.2083333333333,0.6666666666666666,27.3625,80.70833333333333,4.270833333333333,125.58333333333333,4.1,966.7583333333333,24
2026-07-13,11.495833333333332,15.895833333333334,776.0,7.25,27.333333333333332,81.125,3.975,179.66666666666666,2.8,968.0791666666668,24
2026-07-14,7.6000000000000005,11.033333333333333,905.4583333333334,5.916666666666667,27.34166666666667,76.08333333333333,7.054166666666667,202.29166666666666,1.4,969.8416666666667,24
2026-07-15,7.25,10.1875,844.0416666666666,4.916666666666667,27.287499999999998,76.45833333333333,4.8374999999999995,193.0,1.7,972.125,24
2026-07-16,10.241666666666667,13.083333333333334,1078.25,4.791666666666667,27.0,79.0,4.891666666666667,151.5,3.5,972.7458333333334,24
2026-07-17,12.679166666666667,17.0125,1281.0833333333333,7.541666666666667,26.5,82.66666666666667,3.1666666666666665,126.125,2.6,972.5916666666667,24
2026-07-18,15.245833333333332,22.858333333333334,1440.0416666666667,12.5,25.8625,85.66666666666667,3.170833333333333,136.25,1.8,972.6374999999999,24
2026-07-19,17.0,28.59166666666667,1247.625,19.666666666666668,25.891666666666666,84.04166666666667,3.9583333333333335,140.16666666666666,7.7,973.0124999999999,24
2026-07-20,12.616666666666667,17.529166666666665,1247.4583333333333,7.583333333333333,25.71666666666667,84.83333333333333,3.6999999999999997,190.08333333333334,1.7000000000000002,973.4,24
2026-07-21,11.058333333333332,13.0875,1519.0833333333333,2.7083333333333335,25.645833333333332,88.875,4.2375,142.79166666666666,25.6,973.4583333333334,24
2026-07-22,9.125,10.095833333333333,1306.5,1.5,25.8125,89.25,4.3,128.83333333333334,16.1,973.5708333333333,24
2026-07-23,12.441666666666668,13.725,1481.75,1.9166666666666667,26.6375,86.20833333333333,3.170833333333333,142.16666666666666,6.8999999999999995,971.2833333333333,24
2026-07-24,12.554166666666667,15.299999999999999,1413.5833333333333,4.541666666666667,26.504166666666666,88.125,3.9416666666666664,128.0,21.1,969.7583333333333,24
2026-07-25,12.737499999999999,14.866666666666667,1100.2083333333333,3.5416666666666665,27.4375,82.16666666666667,3.533333333333333,162.33333333333334,21.0,969.4166666666666,24
2026-07-26,6.920833333333333,7.929166666666667,814.1666666666666,2.0416666666666665,27.191666666666666,82.70833333333333,4.808333333333334,186.54166666666666,7.5,969.8249999999999,24
2026-07-27,6.970833333333332,7.620833333333334,876.2916666666666,0.9583333333333334,26.483333333333334,88.04166666666667,3.3958333333333335,160.25,27.5,969.9125,24
2026-07-28,10.083333333333334,11.070833333333333,1050.25,1.5833333333333333,26.84583333333333,85.125,3.654166666666667,158.79166666666666,18.4,970.2833333333333,24
2026-07-29,10.683333333333332,11.995833333333332,889.6666666666666,2.0,26.25,86.66666666666667,3.4375,155.375,26.8,970.5666666666666,24
2026-07-30,12.320833333333333,13.570833333333333,1079.3333333333333,2.0833333333333335,26.0125,89.41666666666667,2.6916666666666664,204.875,15.5,970.6708333333332,24
2026-07-31,8.825000000000001,9.770833333333334,884.0,1.7916666666666667,26.570833333333336,87.16666666666667,3.8083333333333336,173.83333333333334,26.6,970.6,24
2026-08-01,6.583333333333333,7.175,810.5,1.0,25.991666666666664,88.875,3.8791666666666664,193.375,45.5,970.2791666666667,24
2026-08-02,5.741666666666667,6.416666666666667,542.4166666666666,1.125,26.275000000000002,88.58333333333333,4.1499999999999995,180.0,42.9,970.6875,24
2026-08-03,11.358333333333334,14.745833333333332,941.5416666666666,5.583333333333333,27.22083333333333,85.875,3.5541666666666667,150.83333333333334,29.4,971.2916666666666,24
2026-08-04,9.395833333333334,10.933333333333332,941.375,2.0416666666666665,26.53333333333333,87.54166666666667,3.1958333333333333,123.75,17.7,971.9708333333333,24
2026-08-05,7.645833333333333,8.354166666666666,950.0,1.0833333333333333,26.0625,89.625,3.4916666666666667,132.29166666666666,19.8,970.5291666666667,24
2026-08-06,7.358333333333333,9.241666666666667,987.5,3.2916666666666665,27.71666666666667,83.58333333333333,3.8625000000000003,131.125,12.5,969.4,24
2026-08-07,9.566666666666666,10.583333333333334,953.5,1.4583333333333333,26.454166666666666,89.0,3.654166666666667,140.20833333333334,50.4,969.7333333333332,24
2026-08-08,7.108333333333333,7.575,806.3333333333334,0.5833333333333334,26.195833333333336,89.875,3.3375,119.33333333333333,59.1,971.5166666666668,24
2026-08-09,7.070833333333333,7.8,693.0,0.75,26.03333333333333,90.79166666666667,3.279166666666667,146.375,38.7,971.2291666666666,24
2026-08-10,7.941666666666666,8.4,810.9583333333334,0.4583333333333333,26.3875,89.04166666666667,3.4125,158.45833333333334,26.1,969.4958333333334,24
2026-08-11,12.529166666666667,12.966666666666667,1193.1666666666667,0.7083333333333334,25.879166666666666,88.375,4.004166666666666,147.54166666666666,30.8,969.7458333333334,24
2026-08-12,9.379166666666666,10.141666666666667,1084.5833333333333,1.3333333333333333,26.6125,82.29166666666667,5.433333333333334,147.79166666666666,6.0,971.8249999999999,24
2026-08-13,13.883333333333333,14.854166666666666,1256.0833333333333,1.5416666666666667,26.929166666666664,85.58333333333333,2.891666666666667,145.58333333333334,9.5,971.1666666666666,24
2026-08-14,12.345833333333333,14.529166666666667,1400.7083333333333,3.3333333333333335,27.241666666666664,85.625,4.141666666666667,150.16666666666666,25.8,970.5916666666667,24
2026-08-15,15.679166666666667,17.208333333333332,1467.9166666666667,2.1666666666666665,27.329166666666666,81.25,4.479166666666667,150.75,1.8,971.0083333333333,24
2026-08-16,10.700000000000001,11.704166666666666,906.3333333333334,1.75,27.0,81.20833333333333,4.1375,152.5,3.3000000000000003,972.2916666666666,24
2026-08-17,11.520833333333334,14.299999999999999,1097.125,4.208333333333333,27.599999999999998,80.16666666666667,2.8375,136.20833333333334,7.6000000000000005,973.275,24
2026-08-18,16.816666666666666,20.05,1539.5416666666667,4.75,27.520833333333332,84.33333333333333,3.9250000000000003,153.875,7.5,971.9958333333334,24
2026-08-19,15.200000000000001,18.183333333333334,1464.7916666666667,4.833333333333333,25.84583333333333,93.70833333333333,2.7375000000000003,117.41666666666667,21.8,970.3916666666668,24
2026-08-20,10.008333333333333,10.716666666666667,1280.9583333333333,1.25,25.837500000000002,90.875,3.3000000000000003,146.83333333333334,24.1,969.7166666666667,24
2026-08-21,9.241666666666665,9.383333333333333,1353.9583333333333,0.125,26.454166666666666,85.91666666666667,4.933333333333334,184.66666666666666,2.3,970.4791666666666,24
2026-08-22,6.9375,7.7749999999999995,1210.8333333333333,1.5,27.0125,80.79166666666667,5.1875,151.0,1.2,971.6583333333333,24
2026-08-23,8.929166666666667,10.208333333333334,930.1666666666666,1.7083333333333333,26.683333333333334,83.70833333333333,4.05,147.08333333333334,19.400000000000002,972.2416666666667,24
2026-08-24,11.0375,14.529166666666667,1149.3333333333333,6.041666666666667,26.833333333333332,88.375,3.545833333333333,143.33333333333334,10.700000000000001,971.725,24
2026-08-25,9.658333333333333,11.204166666666666,1103.3333333333333,2.0833333333333335,26.629166666666666,89.95833333333333,4.3125,149.125,21.1,971.3041666666667,24
2026-08-26,12.820833333333333,13.9,1259.5416666666667,0.9583333333333334,26.525000000000002,88.75,3.9583333333333335,138.04166666666666,24.1,970.2624999999999,24
2026-08-27,8.491666666666667,8.775,982.2916666666666,0.25,27.325,82.95833333333333,3.954166666666667,154.29166666666666,7.4,969.8125,24
2026-08-28,9.237499999999999,10.674999999999999,916.4583333333334,2.25,27.145833333333332,78.04166666666667,5.7625,160.25,0.6000000000000001,970.4833333333332,24
2026-08-29,8.424999999999999,9.208333333333334,1119.3333333333333,0.9166666666666666,26.645833333333332,85.95833333333333,3.704166666666666,142.375,15.7,970.8458333333333,24
2026-08-30,8.545833333333333,9.625,752.8333333333334,1.4583333333333333,26.087500000000002,87.20833333333333,3.1041666666666665,88.16666666666667,8.3,971.8375,24
2026-08-31,11.616666666666667,13.041666666666666,1091.2916666666667,1.9583333333333333,25.504166666666666,90.83333333333333,3.6,149.875,10.2,972.3583333333332,24
2026-09-01,15.629166666666668,17.1375,1410.3333333333333,2.125,26.608333333333334,84.875,3.4375,143.5,7.2,973.5916666666667,24
2026-09-02,15.495833333333332,17.595833333333335,1251.875,3.25,26.575,86.16666666666667,3.2083333333333335,126.20833333333333,7.0,973.9166666666666,24
