date,pm2_5_mean,pm10_mean,co_mean,dust_mean,temperature_mean,humidity_mean,wind_speed_mean,wind_direction_mean,precipitation_sum,pressure_mean,hours_count
2023-01-01,11.545833333333334,16.954166666666666,471.2916666666667,0.0,20.079166666666666,65.41666666666667,4.145833333333333,158.625,0.0,994.3874999999999,24
2023-01-02,10.45,15.166666666666666,489.0833333333333,0.0,19.979166666666668,69.125,3.6208333333333336,159.625,0.0,994.7166666666667,24
2023-01-03,15.070833333333333,21.820833333333336,519.25,0.0,20.412499999999998,71.0,3.9250000000000003,202.79166666666666,0.0,994.6583333333333,24
2023-01-04,11.916666666666666,17.220833333333335,479.875,0.0,22.3625,70.5,2.5416666666666665,133.875,0.0,993.6708333333332,24
2023-01-05,9.637500000000001,13.845833333333333,402.0833333333333,0.0,21.991666666666664,70.125,4.5249999999999995,99.875,0.0,993.4499999999999,24
2023-01-06,9.299999999999999,13.333333333333334,399.2083333333333,0.0,21.3,61.791666666666664,5.683333333333334,104.20833333333333,0.0,994.6416666666668,24
2023-01-07,12.554166666666667,17.9875,394.0416666666667,0.0,20.258333333333333,55.625,7.4750000000000005,160.45833333333334,0.0,993.0083333333333,24
2023-01-08,16.970833333333335,24.320833333333336,491.125,0.0,20.866666666666667,58.458333333333336,5.0125,142.83333333333334,0.0,992.025,24
2023-01-09,16.575,23.775000000000002,482.1666666666667,0.0,22.09583333333333,60.125,5.283333333333333,149.875,0.0,992.2375000000001,24
2023-01-10,16.912499999999998,24.25,432.3333333333333,0.0,23.849999999999998,66.5,4.6375,123.16666666666667,0.5,990.3874999999999,24
2023-01-11,12.65,18.208333333333332,331.4583333333333,0.0,23.183333333333334,76.95833333333333,4.916666666666667,138.83333333333334,0.6000000000000001,989.0124999999999,24
2023-01-12,13.283333333333333,19.091666666666665,319.4166666666667,0.0,23.2,74.45833333333333,5.291666666666667,177.66666666666666,0.7000000000000001,987.9958333333334,24
2023-01-13,14.375,20.650000000000002,266.2916666666667,0.0,23.254166666666666,67.58333333333333,5.9750000000000005,210.125,0.0,988.1625,24
2023-01-14,14.091666666666667,20.258333333333333,232.875,0.0,22.1375,61.291666666666664,4.366666666666666,214.125,0.0,986.6791666666667,24
2023-01-15,14.416666666666666,20.708333333333332,246.41666666666666,0.0,21.279166666666665,57.958333333333336,3.733333333333333,176.83333333333334,0.0,986.6416666666668,24
2023-01-16,10.737499999999999,15.504166666666665,410.2916666666667,0.0,20.412499999999998,63.916666666666664,5.308333333333334,148.83333333333334,0.0,988.8249999999999,24
2023-01-17,12.658333333333333,18.275,448.5833333333333,0.0,21.808333333333334,66.16666666666667,5.083333333333333,144.54166666666666,0.0,990.7458333333334,24
2023-01-18,12.116666666666667,17.508333333333333,449.25,0.0,22.291666666666668,62.041666666666664,6.3125,169.95833333333334,0.0,992.6541666666667,24
2023-01-19,14.424999999999999,20.770833333333332,495.7916666666667,0.0,21.0125,66.04166666666667,4.8875,145.33333333333334,0.0,992.2375000000001,24
2023-01-20,11.433333333333332,16.537499999999998,493.0833333333333,0.0,20.716666666666665,66.41666666666667,5.591666666666666,147.625,0.0,991.8958333333334,24
2023-01-21,12.883333333333333,18.583333333333332,512.0833333333334,0.0,20.537499999999998,67.79166666666667,3.579166666666667,132.875,0.0,990.65,24
2023-01-22,12.875,18.595833333333335,495.5,0.0,20.412499999999998,67.875,2.9625,133.70833333333334,0.0,989.0458333333332,24
2023-01-23,15.566666666666668,22.333333333333332,315.8333333333333,0.0,21.129166666666666,65.70833333333333,2.654166666666667,125.33333333333333,0.0,988.0625,24
2023-01-24,25.929166666666664,37.28333333333333,456.2083333333333,0.0,21.579166666666666,64.625,6.070833333333333,115.75,0.0,990.9250000000001,24
2023-01-25,20.575,29.520833333333332,492.25,0.0,20.3625,53.666666666666664,5.941666666666666,181.125,0.0,991.4083333333333,24
2023-01-26,25.354166666666668,36.391666666666666,578.4583333333334,0.0,20.054166666666667,68.125,3.7875,131.5,0.0,989.5416666666666,24
2023-01-27,21.554166666666664,31.208333333333332,559.5,0.0,20.879166666666666,66.79166666666667,5.575,119.875,0.0,990.2208333333333,24
2023-01-28,13.2125,19.016666666666666,492.2916666666667,0.0,21.083333333333332,58.541666666666664,5.016666666666667,168.70833333333334,0.0,991.7624999999999,24
2023-01-29,18.033333333333335,25.858333333333334,512.375,0.0,19.1875,64.08333333333333,5.054166666666666,148.125,0.0,993.0583333333334,24
2023-01-30,27.866666666666664,39.920833333333334,553.9583333333334,0.0,18.608333333333334,61.916666666666664,3.670833333333333,95.70833333333333,0.0,993.1666666666666,24
2023-01-31,31.133333333333336,44.625,621.4583333333334,0.0,19.325,63.375,3.720833333333333,127.54166666666667,0.0,989.3458333333333,24
2023-02-01,32.954166666666666,47.27916666666667,612.4166666666666,0.0,21.4375,65.20833333333333,2.9791666666666665,128.08333333333334,0.0,987.5333333333333,24
2023-02-02,34.862500000000004,50.09166666666667,673.6666666666666,0.0,21.974999999999998,71.0,4.279166666666667,132.29166666666666,0.0,988.1416666666668,24
2023-02-03,34.35,49.54583333333333,583.5,0.0,23.09583333333333,71.95833333333333,5.258333333333334,115.625,0.0,988.4666666666667,24
2023-02-04,27.254166666666666,39.266666666666666,371.0,0.0,24.25,78.33333333333333,4.516666666666667,129.54166666666666,0.4,987.4708333333333,24
2023-02-05,24.795833333333334,35.90416666666667,328.2083333333333,0.0,25.354166666666668,74.45833333333333,5.8875,163.83333333333334,0.30000000000000004,986.7375000000001,24
2023-02-06,19.345833333333335,28.075,325.0,0.0,26.675,62.916666666666664,6.0874999999999995,177.08333333333334,0.0,986.3000000000001,24
2023-02-07,15.704166666666666,22.875,252.875,0.0,25.47083333333333,55.833333333333336,5.1499999999999995,227.25,0.0,986.0708333333333,24
2023-02-08,21.629166666666666,31.212500000000002,263.2083333333333,0.0,24.558333333333334,53.583333333333336,5.0,227.5,0.0,986.5625,24
2023-02-09,22.22083333333333,32.137499999999996,258.9583333333333,0.0,23.77916666666667,55.791666666666664,4.466666666666667,222.04166666666666,0.0,986.8708333333334,24
2023-02-10,21.933333333333334,31.900000000000002,285.2083333333333,0.0,24.895833333333332,61.333333333333336,4.2875000000000005,219.25,0.0,986.9666666666667,24
2023-02-11,20.1875,29.3625,231.83333333333334,0.0,24.84166666666667,55.416666666666664,4.8,228.875,0.0,986.6583333333333,24
2023-02-12,22.366666666666664,32.37916666666667,259.375,0.0,24.070833333333336,52.666666666666664,5.5874999999999995,235.20833333333334,0.0,986.9041666666667,24
2023-02-13,33.020833333333336,47.5625,321.9583333333333,0.0,23.40416666666667,55.5,4.345833333333333,202.04166666666666,0.0,987.0458333333332,24
2023-02-14,45.24166666666667,64.99583333333334,382.625,0.0,23.241666666666664,63.625,4.270833333333333,237.79166666666666,0.0,987.275,24
2023-02-15,31.308333333333334,45.0,487.625,0.0,24.03333333333333,65.29166666666667,6.658333333333334,133.79166666666666,0.0,989.5124999999999,24
2023-02-16,15.079166666666666,21.712500000000002,496.9166666666667,0.0,24.479166666666668,58.666666666666664,7.504166666666666,141.95833333333334,0.0,991.9458333333333,24
2023-02-17,19.166666666666668,27.587500000000002,514.4583333333334,0.0,22.520833333333332,62.625,5.845833333333334,161.375,0.0,992.4125,24
2023-02-18,24.895833333333332,35.80416666666667,476.2916666666667,0.0,22.7625,65.25,3.9333333333333336,196.58333333333334,0.0,990.6625,24
2023-02-19,20.587500000000002,29.754166666666666,417.125,0.0,23.170833333333334,64.75,4.791666666666667,148.33333333333334,0.0,989.9958333333334,24
2023-02-20,21.416666666666668,31.079166666666666,369.2083333333333,0.0,24.816666666666666,56.791666666666664,4.4624999999999995,168.70833333333334,0.0,989.8833333333333,24
2023-02-21,22.454166666666666,32.979166666666664,421.375,0.0,23.991666666666664,58.541666666666664,4.183333333333334,183.16666666666666,0.0,990.9,24
2023-02-22,20.583333333333332,30.587500000000002,464.0,0.0,24.054166666666664,57.0,5.145833333333333,132.33333333333334,0.0,990.5500000000001,24
2023-02-23,23.391666666666666,34.375,454.375,0.0,24.191666666666666,57.791666666666664,3.6458333333333335,124.58333333333333,0.0,989.3791666666666,24
2023-02-24,26.354166666666668,38.40833333333333,426.4166666666667,0.125,24.891666666666666,57.583333333333336,3.6041666666666665,125.625,0.0,989.3291666666668,24
2023-02-25,15.0625,21.8125,381.125,0.0,24.695833333333336,57.833333333333336,6.595833333333334,134.20833333333334,1.1,994.0,24
2023-02-26,22.633333333333336,32.44583333333333,494.375,0.0,23.645833333333332,52.125,7.029166666666666,144.70833333333334,0.0,996.8000000000001,24
2023-02-27,18.133333333333333,26.583333333333332,406.0,0.0,21.758333333333336,51.083333333333336,4.120833333333334,173.58333333333334,0.0,996.125,24
2023-02-28,24.083333333333332,35.09166666666667,433.625,0.0,22.004166666666666,55.708333333333336,3.2708333333333335,133.625,0.0,994.1333333333333,24
2023-03-01,28.816666666666666,41.75416666666667,472.5,0.125,23.508333333333336,60.791666666666664,3.2708333333333335,144.66666666666666,0.0,992.65,24
2023-03-02,25.133333333333336,36.7125,410.4166666666667,0.0,24.287499999999998,57.166666666666664,5.520833333333333,172.91666666666666,0.0,992.7375000000001,24
2023-03-03,25.075,36.525,351.2916666666667,0.0,24.870833333333334,54.25,6.041666666666667,177.58333333333334,0.0,993.7125,24
2023-03-04,31.224999999999998,45.84583333333333,396.625,0.0,23.795833333333334,58.875,4.7875000000000005,165.04166666666666,0.0,994.6625,24
2023-03-05,49.8125,72.42916666666666,508.5833333333333,0.0,23.6375,63.0,4.266666666666667,171.125,0.0,993.7875,24
2023-03-06,44.987500000000004,65.47916666666667,607.25,0.0,24.15416666666667,61.5,4.533333333333333,152.20833333333334,0.0,991.9958333333334,24
2023-03-07,46.99583333333334,67.99583333333334,616.6666666666666,0.0,24.65416666666667,61.125,4.016666666666667,175.95833333333334,0.0,990.9791666666666,24
2023-03-08,48.71666666666667,70.46666666666667,659.2083333333334,0.0,25.429166666666664,59.583333333333336,3.279166666666667,157.29166666666666,0.0,990.4833333333332,24
2023-03-09,44.74166666666667,64.90416666666667,579.8333333333334,0.0,25.8625,61.208333333333336,4.4875,153.375,0.0,989.6041666666666,24
2023-03-10,41.199999999999996,59.82916666666667,567.1666666666666,0.0,26.679166666666664,60.375,4.75,167.83333333333334,0.0,988.8249999999999,24
2023-03-11,55.4625,79.85833333333333,632.9583333333334,0.0,27.25,60.5,3.795833333333333,191.875,0.0,988.4083333333333,24
2023-03-12,54.1,78.0125,571.0833333333334,0.0,26.90416666666667,62.375,5.2625,154.41666666666666,5.8,988.9916666666667,24
2023-03-13,44.5625,64.6125,489.0416666666667,0.0,22.679166666666664,83.29166666666667,5.0,182.0,2.7,991.8458333333333,24
2023-03-14,39.791666666666664,57.32916666666667,692.8333333333334,0.0,23.537499999999998,71.16666666666667,4.3875,113.5,0.0,989.125,24
2023-03-15,29.808333333333334,43.1,658.75,0.0,25.09583333333333,65.45833333333333,3.8041666666666667,192.33333333333334,0.0,987.4791666666666,24
2023-03-16,27.129166666666666,39.50416666666667,601.875,0.0,25.537499999999998,66.33333333333333,5.129166666666666,175.45833333333334,3.0,989.1041666666666,24
2023-03-17,44.85833333333333,64.85,680.6666666666666,0.25,25.683333333333334,68.33333333333333,4.533333333333333,181.20833333333334,0.7,988.4125,24
2023-03-18,38.358333333333334,55.64166666666667,583.875,0.0,27.191666666666666,61.375,5.175,159.79166666666666,0.1,987.0333333333333,24
2023-03-19,35.74166666666667,51.887499999999996,466.5833333333333,0.0,26.474999999999998,67.16666666666667,4.7375,149.75,0.5,986.2208333333333,24
2023-03-20,28.858333333333334,41.958333333333336,433.125,0.0,26.820833333333336,64.79166666666667,5.158333333333333,185.5,0.5,985.4791666666666,24
2023-03-21,23.72083333333333,34.62083333333333,369.5833333333333,0.0,26.21666666666667,67.54166666666667,4.258333333333334,208.75,0.8999999999999999,984.8625000000001,24
2023-03-22,16.004166666666666,23.53333333333333,268.2083333333333,0.125,27.4875,58.541666666666664,6.066666666666666,243.20833333333334,0.0,983.1166666666667,24
2023-03-23,14.883333333333333,21.854166666666668,267.0416666666667,0.25,28.554166666666664,48.25,6.129166666666666,212.45833333333334,0.1,982.6833333333334,24
2023-03-24,26.325,38.295833333333334,303.6666666666667,0.875,28.5,48.416666666666664,5.2,216.66666666666666,0.0,983.7958333333332,24
2023-03-25,37.204166666666666,53.67916666666667,391.4583333333333,0.4583333333333333,28.741666666666664,45.666666666666664,4.816666666666666,201.83333333333334,0.0,984.2875,24
2023-03-26,39.875,57.525,394.6666666666667,0.4583333333333333,28.4375,47.75,5.375,203.29166666666666,0.0,983.7666666666668,24
2023-03-27,38.733333333333334,55.93333333333334,411.3333333333333,0.3333333333333333,28.325,48.083333333333336,6.05,178.625,0.0,984.1125000000001,24
2023-03-28,55.9,80.575,590.2916666666666,0.0,28.420833333333334,50.833333333333336,7.454166666666667,195.875,0.0,985.6208333333334,24
2023-03-29,70.79583333333333,102.0,630.25,0.25,29.049999999999997,50.166666666666664,7.8999999999999995,179.83333333333334,0.0,985.975,24
2023-03-30,85.00416666666668,122.29583333333333,725.3333333333334,0.3333333333333333,28.004166666666666,55.416666666666664,5.816666666666666,165.41666666666666,0.0,984.6583333333333,24
2023-03-31,64.89166666666667,93.45833333333333,568.5416666666666,0.75,28.2375,51.291666666666664,4.420833333333333,148.45833333333334,0.0,984.2708333333334,24
2023-04-01,51.9,75.00833333333334,509.125,0.375,28.71666666666667,48.458333333333336,6.529166666666666,153.91666666666666,0.0,983.9333333333334,24
2023-04-02,33.1625,48.25416666666666,377.1666666666667,0.375,29.150000000000002,50.041666666666664,7.958333333333333,194.375,0.0,983.2833333333333,24
2023-04-03,25.916666666666668,37.766666666666666,291.75,0.125,28.258333333333336,47.625,7.554166666666667,197.83333333333334,0.0,982.725,24
2023-04-04,44.0875,63.8375,418.7083333333333,1.0,28.433333333333334,47.083333333333336,5.8875,224.66666666666666,0.0,982.6333333333333,24
2023-04-05,78.45833333333333,112.90833333333335,595.6666666666666,0.9583333333333334,28.895833333333332,46.666666666666664,3.1791666666666667,203.91666666666666,0.0,983.3375,24
2023-04-06,131.92083333333332,189.27083333333334,967.2083333333334,1.0416666666666667,28.3125,48.375,3.029166666666667,192.29166666666666,0.0,984.3291666666668,24
2023-04-07,108.72083333333335,155.96666666666667,941.5416666666666,0.7083333333333334,28.491666666666664,51.583333333333336,4.795833333333333,205.875,0.0,985.4833333333332,24
2023-04-08,87.71249999999999,126.09166666666665,847.8333333333334,0.375,28.941666666666666,56.041666666666664,6.266666666666667,183.0,0.2,987.9291666666667,24
2023-04-09,43.07083333333333,62.36666666666667,513.875,0.0,29.679166666666664,59.583333333333336,7.754166666666666,200.875,0.8999999999999999,988.2333333333332,24
2023-04-10,44.82083333333333,64.87916666666666,521.2916666666666,0.25,30.3875,54.333333333333336,6.266666666666667,191.70833333333334,0.0,985.6999999999999,24
2023-04-11,40.25416666666667,58.18333333333334,496.0416666666667,0.25,30.754166666666666,48.416666666666664,4.770833333333333,199.95833333333334,0.0,984.4083333333333,24
2023-04-12,56.862500000000004,81.83749999999999,595.2083333333334,0.125,31.075,48.958333333333336,3.670833333333333,175.125,0.0,983.5458333333332,24
2023-04-13,54.487500000000004,78.55416666666666,650.375,0.25,31.229166666666668,48.208333333333336,4.725,189.29166666666666,0.0,983.1791666666667,24
2023-04-14,42.37083333333333,61.31666666666666,589.0,0.0,31.045833333333334,53.083333333333336,3.525,183.70833333333334,0.0,983.0916666666667,24
2023-04-15,36.987500000000004,53.55416666666667,510.75,0.0,30.90833333333333,51.458333333333336,3.9625,211.75,0.0,982.9375,24
2023-04-16,36.61666666666667,53.09583333333333,510.5833333333333,0.0,30.625,56.166666666666664,7.708333333333333,188.41666666666666,0.0,983.3125,24
2023-04-17,45.24583333333334,65.86666666666666,512.4583333333334,0.0,31.066666666666666,54.333333333333336,7.675,186.95833333333334,0.0,983.8249999999999,24
2023-04-18,36.4125,53.04583333333333,447.0,0.0,31.258333333333336,50.875,5.9750000000000005,201.29166666666666,0.0,983.6666666666666,24
2023-04-19,32.275,46.98333333333333,435.0,0.0,31.683333333333334,50.125,6.270833333333333,205.58333333333334,0.0,980.9333333333334,24
2023-04-20,39.22083333333333,56.875,424.3333333333333,0.25,30.820833333333336,56.0,6.425,201.25,0.6,979.5666666666666,24
2023-04-21,34.86666666666667,50.770833333333336,381.0,0.25,30.25,56.166666666666664,4.4875,218.79166666666666,0.0,980.6666666666666,24
2023-04-22,36.3125,52.97083333333333,353.0,0.375,30.337500000000002,54.375,4.704166666666667,209.75,0.0,981.6458333333334,24
2023-04-23,29.633333333333336,43.60833333333333,376.4583333333333,0.0,30.0125,54.625,6.304166666666667,219.08333333333334,0.0,983.9458333333333,24
2023-04-24,27.020833333333332,40.020833333333336,420.0833333333333,0.0,28.3625,68.0,5.345833333333334,160.625,14.899999999999999,987.2375000000001,24
2023-04-25,24.55,36.09166666666666,414.1666666666667,0.125,29.775000000000002,59.791666666666664,4.170833333333333,147.25,0.0,985.0583333333334,24
2023-04-26,24.545833333333334,35.77916666666667,347.7083333333333,0.0,27.9875,67.41666666666667,7.545833333333333,180.95833333333334,9.4,986.275,24
2023-04-27,26.329166666666666,38.208333333333336,360.25,0.0,27.866666666666664,70.625,6.341666666666666,158.08333333333334,15.5,986.6958333333333,24
2023-04-28,23.96666666666667,34.920833333333334,350.875,0.125,29.729166666666668,63.708333333333336,4.5125,206.83333333333334,0.2,985.2375000000001,24
2023-04-29,21.8875,32.12083333333333,309.0416666666667,0.0,30.40416666666667,57.291666666666664,6.008333333333333,159.91666666666666,0.8,984.125,24
2023-04-30,20.025000000000002,29.041666666666668,368.0833333333333,0.0,25.825,81.95833333333333,5.5874999999999995,188.54166666666666,30.0,986.4125,24
2023-05-01,17.154166666666665,24.945833333333336,358.4166666666667,0.0,27.02916666666667,75.83333333333333,4.216666666666667,135.875,11.799999999999999,986.5916666666667,24
2023-05-02,20.479166666666668,29.679166666666664,370.7916666666667,0.0,27.954166666666666,77.45833333333333,4.308333333333334,184.125,0.5,986.6,24
2023-05-03,24.445833333333336,35.30416666666667,346.25,0.0,27.8625,78.66666666666667,4.129166666666666,192.75,11.700000000000001,987.0541666666667,24
2023-05-04,22.516666666666666,32.800000000000004,341.0833333333333,0.0,30.070833333333336,65.25,5.083333333333333,220.79166666666666,0.0,983.85,24
2023-05-05,21.004166666666666,30.75,311.6666666666667,0.0,30.920833333333334,62.166666666666664,5.875,197.33333333333334,0.30000000000000004,980.8666666666667,24
2023-05-06,19.366666666666667,28.462500000000002,307.5833333333333,0.0,31.858333333333334,57.375,5.55,205.0,0.1,979.4875000000001,24
2023-05-07,14.070833333333333,20.683333333333334,276.5833333333333,0.0,32.05416666666667,55.125,5.304166666666666,227.70833333333334,0.1,979.4041666666667,24
2023-05-08,22.741666666666664,33.02916666666667,329.7916666666667,0.0,28.820833333333336,73.45833333333333,5.270833333333333,208.83333333333334,9.3,982.15,24
2023-05-09,21.224999999999998,30.583333333333332,337.875,0.0,28.420833333333334,78.41666666666667,3.65,215.75,1.2,984.3916666666668,24
2023-05-10,21.775000000000002,31.6125,378.5416666666667,0.0,27.46666666666667,74.83333333333333,5.629166666666666,169.95833333333334,16.9,985.6291666666666,24
2023-05-11,14.633333333333333,21.141666666666666,408.5416666666667,0.0,28.358333333333334,68.83333333333333,5.4125000000000005,149.125,0.0,986.4083333333333,24
2023-05-12,9.258333333333333,13.254166666666668,334.8333333333333,0.0,26.166666666666668,86.04166666666667,4.058333333333334,130.54166666666666,22.4,987.1875,24
2023-05-13,7.0125,10.016666666666667,312.625,0.0,25.65833333333333,88.54166666666667,4.5249999999999995,162.125,10.4,986.7916666666666,24
2023-05-14,8.4375,12.666666666666666,273.0416666666667,0.0,26.166666666666668,83.75,7.666666666666667,172.75,25.2,985.7708333333334,24
2023-05-15,13.1,20.087500000000002,272.625,0.125,25.65416666666667,86.79166666666667,6.8999999999999995,195.58333333333334,5.6,985.8583333333332,24
2023-05-16,13.279166666666667,20.308333333333334,248.16666666666666,0.25,26.837500000000002,81.79166666666667,5.558333333333334,195.625,1.1,986.1416666666668,24
2023-05-17,14.933333333333332,22.608333333333334,257.7916666666667,1.0416666666666667,27.974999999999998,74.625,5.391666666666667,213.79166666666666,0.0,986.0124999999999,24
2023-05-18,15.625,23.837500000000002,288.5,1.1666666666666667,29.295833333333334,66.66666666666667,5.341666666666666,227.29166666666666,0.0,984.7791666666667,24
2023-05-19,17.474999999999998,26.683333333333334,296.25,1.7083333333333333,29.47083333333333,64.58333333333333,5.008333333333334,215.5,0.0,983.0333333333333,24
2023-05-20,14.679166666666667,22.325,254.16666666666666,0.8333333333333334,29.979166666666668,64.625,4.8999999999999995,208.54166666666666,0.1,982.6791666666667,24
2023-05-21,15.424999999999999,23.958333333333332,215.95833333333334,2.9583333333333335,30.287499999999998,66.95833333333333,5.05,184.0,0.2,983.7624999999999,24
2023-05-22,15.799999999999999,24.320833333333336,224.29166666666666,2.375,30.320833333333336,65.91666666666667,5.258333333333334,202.20833333333334,0.30000000000000004,984.4416666666666,24
2023-05-23,15.566666666666668,23.329166666666666,242.125,1.2083333333333333,29.05,71.41666666666667,6.579166666666667,170.79166666666666,0.5,984.4833333333332,24
2023-05-24,16.3,24.1125,255.125,0.4583333333333333,28.570833333333336,71.625,6.454166666666667,178.70833333333334,3.5,983.9291666666667,24
2023-05-25,14.783333333333333,21.766666666666666,255.54166666666666,0.5,26.954166666666666,80.0,5.770833333333333,185.29166666666666,14.299999999999999,984.6708333333332,24
2023-05-26,17.766666666666666,26.816666666666666,267.1666666666667,1.5416666666666667,28.77916666666667,70.08333333333333,6.166666666666667,173.375,1.5,984.5916666666667,24
2023-05-27,19.954166666666666,30.083333333333332,272.7083333333333,2.25,29.079166666666666,70.33333333333333,4.479166666666667,185.41666666666666,1.8,983.2333333333332,24
2023-05-28,18.791666666666668,27.5625,300.9583333333333,1.0833333333333333,29.1125,71.25,4.5874999999999995,177.33333333333334,3.5,983.1416666666668,24
2023-05-29,7.920833333333333,11.391666666666666,247.79166666666666,0.0,27.366666666666664,84.95833333333333,3.516666666666667,161.75,16.2,984.5208333333334,24
2023-05-30,8.7875,12.833333333333334,247.95833333333334,0.0,29.045833333333334,76.5,4.3875,169.375,0.6,983.6208333333334,24
2023-05-31,10.762500000000001,15.608333333333334,266.0,0.0,28.6875,77.54166666666667,4.916666666666667,183.375,5.9,982.3958333333334,24
2023-06-01,7.054166666666667,10.175,238.75,0.0,28.77916666666667,77.20833333333333,5.004166666666666,205.16666666666666,1.4,981.1333333333333,24
2023-06-02,9.866666666666667,14.258333333333333,252.04166666666666,0.0,29.254166666666666,68.29166666666667,6.754166666666666,168.20833333333334,0.2,981.7041666666668,24
2023-06-03,9.85,14.916666666666666,210.04166666666666,0.5416666666666666,28.6125,76.70833333333333,5.358333333333333,200.70833333333334,2.0,983.0666666666666,24
2023-06-04,11.741666666666667,17.658333333333335,201.375,0.75,28.3625,79.45833333333333,5.754166666666666,209.58333333333334,4.9,983.0,24
2023-06-05,7.745833333333334,11.379166666666668,196.375,0.0,26.7,90.41666666666667,4.3374999999999995,155.41666666666666,29.0,982.6,24
2023-06-06,9.1,13.325000000000001,215.29166666666666,0.0,26.412499999999998,88.875,4.241666666666666,202.25,8.8,981.9666666666667,24
2023-06-07,9.325000000000001,13.379166666666668,271.5833333333333,0.0,26.27916666666667,88.79166666666667,4.095833333333333,162.70833333333334,11.5,982.9458333333333,24
2023-06-08,7.154166666666666,10.275,269.75,0.0,26.458333333333332,87.29166666666667,6.470833333333334,175.70833333333334,11.7,983.1166666666667,24
2023-06-09,7.920833333333333,11.420833333333334,263.8333333333333,0.0,26.229166666666668,89.54166666666667,3.6208333333333336,149.29166666666666,16.0,982.2708333333334,24
2023-06-10,10.816666666666668,15.725000000000001,305.7916666666667,0.0,25.47083333333333,93.08333333333333,3.6333333333333333,203.08333333333334,21.9,981.5208333333334,24
2023-06-11,9.608333333333333,14.0625,273.25,0.0,26.741666666666664,88.04166666666667,4.095833333333333,125.83333333333333,12.6,980.5999999999999,24
2023-06-12,10.6625,15.566666666666668,236.625,0.0,28.162499999999998,76.29166666666667,9.4125,179.125,5.5,980.7083333333334,24
2023-06-13,6.716666666666666,9.720833333333333,182.25,0.0,27.308333333333334,81.45833333333333,7.920833333333333,174.25,12.9,981.475,24
2023-06-14,6.033333333333334,8.75,166.20833333333334,0.0,26.650000000000002,83.33333333333333,9.179166666666667,182.83333333333334,8.5,983.1583333333333,24
2023-06-15,7.020833333333333,10.183333333333334,168.625,0.0,26.425,87.04166666666667,5.591666666666666,148.58333333333334,6.1,983.1958333333333,24
2023-06-16,6.983333333333333,10.225,164.95833333333334,0.125,27.599999999999998,79.41666666666667,5.191666666666666,169.04166666666666,1.5,982.5124999999999,24
2023-06-17,9.316666666666666,13.9125,181.58333333333334,0.7083333333333334,28.483333333333334,76.95833333333333,6.670833333333333,185.375,1.2,982.9166666666666,24
2023-06-18,8.404166666666667,12.225,172.08333333333334,0.4583333333333333,26.22083333333333,89.54166666666667,5.55,161.625,34.2,983.6041666666666,24
2023-06-19,7.679166666666667,11.0375,181.75,0.125,26.195833333333336,90.79166666666667,4.3374999999999995,193.70833333333334,14.5,983.3541666666666,24
2023-06-20,7.4750000000000005,10.762500000000001,168.29166666666666,0.0,26.224999999999998,88.125,4.4875,179.91666666666666,13.9,983.8125,24
2023-06-21,7.420833333333333,10.704166666666666,158.33333333333334,0.0,27.295833333333334,81.375,5.9750000000000005,199.41666666666666,0.6,984.5500000000001,24
2023-06-22,7.8625,11.504166666666668,186.95833333333334,0.0,27.02916666666667,83.125,5.425,168.75,5.3999999999999995,984.5833333333334,24
2023-06-23,8.041666666666666,11.879166666666668,188.41666666666666,0.0,28.125,77.625,5.429166666666667,210.20833333333334,2.1,983.225,24
2023-06-24,6.966666666666668,10.091666666666667,166.54166666666666,0.0,27.433333333333334,81.16666666666667,5.729166666666667,168.33333333333334,11.9,982.3666666666667,24
2023-06-25,7.329166666666667,10.4875,171.75,0.0,25.116666666666664,95.75,4.875,165.375,29.8,983.2583333333333,24
2023-06-26,8.674999999999999,12.299999999999999,197.91666666666666,0.0,25.045833333333334,93.875,4.691666666666666,151.41666666666666,44.7,983.3583333333332,24
2023-06-27,7.941666666666666,11.354166666666666,186.625,0.0,24.962500000000002,93.70833333333333,4.279166666666667,141.70833333333334,24.7,984.025,24
2023-06-28,8.270833333333334,11.6625,193.54166666666666,0.0,25.5125,92.5,2.8958333333333335,126.375,20.9,985.3791666666666,24
2023-06-29,13.325000000000001,18.883333333333333,227.5,0.5416666666666666,27.516666666666666,85.95833333333333,3.2375000000000003,183.41666666666666,7.9,983.4250000000001,24
2023-06-30,9.983333333333333,14.262500000000001,186.625,0.6666666666666666,27.116666666666664,88.58333333333333,4.4624999999999995,185.58333333333334,19.7,982.475,24
2023-07-01,10.604166666666666,15.154166666666667,194.75,0.75,27.891666666666666,82.66666666666667,4.5625,171.83333333333334,12.3,982.5083333333333,24
2023-07-02,9.6,13.716666666666667,176.29166666666666,1.1666666666666667,26.825,88.125,4.941666666666666,142.41666666666666,23.6,983.5375,24
2023-07-03,7.175,10.120833333333334,151.83333333333334,0.0,26.2375,86.83333333333333,7.6375,170.95833333333334,14.1,984.2875,24
2023-07-04,5.116666666666666,7.233333333333333,145.54166666666666,0.0,25.520833333333332,87.29166666666667,8.729166666666666,174.95833333333334,16.400000000000002,984.5958333333333,24
2023-07-05,6.433333333333334,9.225,157.29166666666666,0.0,26.087500000000002,87.29166666666667,5.816666666666666,174.75,17.5,984.5666666666666,24
2023-07-06,7.116666666666667,10.241666666666667,168.58333333333334,0.0,27.491666666666664,82.75,4.716666666666667,175.33333333333334,0.30000000000000004,985.1166666666667,24
2023-07-07,8.708333333333334,12.716666666666667,188.875,0.3333333333333333,28.304166666666664,81.04166666666667,3.6166666666666667,164.45833333333334,0.4,984.75,24
2023-07-08,10.654166666666667,15.233333333333334,212.45833333333334,0.25,28.933333333333334,77.75,4.958333333333333,193.79166666666666,1.0999999999999999,984.6125000000001,24
2023-07-09,5.770833333333333,8.154166666666667,173.54166666666666,0.0,26.712500000000002,87.125,4.5625,174.70833333333334,12.1,985.0875,24
2023-07-10,6.633333333333333,9.454166666666667,204.08333333333334,0.0,26.058333333333334,90.79166666666667,3.8541666666666665,183.54166666666666,18.2,985.3208333333333,24
2023-07-11,8.137500000000001,11.512500000000001,179.66666666666666,0.0,26.65833333333333,85.0,4.633333333333334,160.79166666666666,4.2,985.1916666666666,24
2023-07-12,8.887500000000001,12.6625,192.29166666666666,0.0,26.170833333333334,86.375,3.6999999999999997,188.0,6.5,985.5458333333332,24
2023-07-13,9.129166666666666,13.2125,208.04166666666666,0.0,26.53333333333333,89.45833333333333,3.725,196.91666666666666,4.6,984.6875,24
2023-07-14,8.362499999999999,12.070833333333333,179.16666666666666,0.25,27.53333333333333,81.58333333333333,5.141666666666667,181.375,0.5,983.4833333333332,24
2023-07-15,11.779166666666667,16.520833333333332,200.45833333333334,0.4583333333333333,26.78333333333333,86.16666666666667,5.0,155.66666666666666,16.900000000000002,982.1750000000001,24
2023-07-16,10.5625,14.783333333333333,216.66666666666666,0.4166666666666667,26.116666666666664,90.58333333333333,3.733333333333333,196.91666666666666,6.9,980.9583333333334,24
2023-07-17,14.174999999999999,20.4875,228.66666666666666,2.1666666666666665,26.820833333333336,88.54166666666667,3.5833333333333335,219.79166666666666,8.1,979.375,24
2023-07-18,14.454166666666666,21.045833333333334,248.79166666666666,2.0416666666666665,28.004166666666666,84.79166666666667,2.9875000000000003,198.79166666666666,1.7000000000000002,978.8833333333333,24
2023-07-19,10.270833333333334,14.791666666666666,213.70833333333334,0.875,26.724999999999998,87.75,4.479166666666667,165.04166666666666,10.3,979.875,24
2023-07-20,8.7125,12.529166666666667,213.41666666666666,0.7083333333333334,26.129166666666666,89.875,3.358333333333333,171.45833333333334,6.4,982.0541666666667,24
2023-07-21,8.612499999999999,12.170833333333334,236.33333333333334,0.16666666666666666,26.787499999999998,89.625,2.783333333333333,176.04166666666666,20.0,984.4083333333333,24
2023-07-22,6.0375000000000005,8.591666666666667,224.08333333333334,0.0,27.958333333333332,86.33333333333333,3.5708333333333333,161.33333333333334,2.9000000000000004,985.3416666666667,24
2023-07-23,5.654166666666666,8.091666666666667,199.04166666666666,0.0,27.675,84.83333333333333,3.7083333333333335,175.66666666666666,25.2,985.2166666666667,24
2023-07-24,7.175,10.279166666666667,220.08333333333334,0.0,26.84166666666667,85.125,3.345833333333333,179.375,0.8,983.8625000000001,24
2023-07-25,7.6125,10.933333333333332,207.16666666666666,0.0,27.491666666666664,83.29166666666667,4.129166666666666,227.125,6.6000000000000005,983.8833333333333,24
2023-07-26,11.987499999999999,17.224999999999998,206.5,0.0,27.704166666666666,82.83333333333333,3.4291666666666667,196.125,2.7,983.6,24
2023-07-27,9.254166666666666,13.183333333333332,170.20833333333334,0.125,28.95,76.25,5.516666666666667,205.125,0.0,981.3791666666666,24
2023-07-28,6.983333333333333,10.025,171.20833333333334,0.25,28.370833333333334,76.45833333333333,6.391666666666667,177.16666666666666,0.7,978.9625,24
2023-07-29,6.208333333333333,8.875,174.20833333333334,0.0,25.462500000000002,97.33333333333333,4.8374999999999995,154.79166666666666,45.4,979.4041666666667,24
2023-07-30,5.491666666666667,7.833333333333333,161.08333333333334,0.0,25.7,93.125,6.558333333333334,168.41666666666666,29.900000000000002,980.0666666666666,24
2023-07-31,5.420833333333333,7.758333333333333,164.875,0.20833333333333334,25.224999999999998,93.79166666666667,5.8125,162.875,15.8,982.1958333333333,24
2023-08-01,7.120833333333334,10.358333333333333,177.16666666666666,0.7916666666666666,25.412499999999998,93.41666666666667,4.445833333333334,179.83333333333334,16.2,982.8000000000001,24
2023-08-02,7.829166666666667,11.429166666666667,185.875,1.2916666666666667,25.3,95.58333333333333,5.6000000000000005,174.75,13.0,982.6374999999999,24
2023-08-03,4.254166666666666,6.091666666666666,169.66666666666666,0.25,25.566666666666666,93.45833333333333,6.570833333333333,172.16666666666666,22.900000000000002,981.9166666666666,24
2023-08-04,5.395833333333333,7.958333333333333,178.95833333333334,1.25,24.929166666666664,97.29166666666667,6.829166666666667,170.45833333333334,35.8,983.9375,24
2023-08-05,5.8625,8.429166666666667,175.20833333333334,1.25,24.40416666666667,97.125,8.166666666666666,169.08333333333334,31.3,984.9333333333334,24
2023-08-06,5.891666666666667,8.520833333333334,177.70833333333334,1.375,24.099999999999998,98.875,7.958333333333333,168.95833333333334,16.9,983.0500000000001,24
2023-08-07,4.2375,5.983333333333333,167.0,0.16666666666666666,24.412499999999998,93.625,9.741666666666665,175.83333333333334,11.5,981.8416666666667,24
2023-08-08,4.404166666666667,6.254166666666666,162.375,0.25,24.27916666666667,96.20833333333333,8.054166666666667,173.04166666666666,16.5,983.0500000000001,24
2023-08-09,4.170833333333333,5.9624999999999995,155.25,0.25,25.083333333333332,91.125,6.016666666666667,164.04166666666666,7.8,984.6791666666667,24
2023-08-10,7.983333333333333,11.4125,184.16666666666666,0.625,25.770833333333332,88.08333333333333,5.820833333333333,171.79166666666666,5.4,984.5791666666668,24
2023-08-11,11.258333333333333,16.337500000000002,191.04166666666666,3.25,27.03333333333333,82.875,6.204166666666667,178.70833333333334,1.3,982.8249999999999,24
2023-08-12,14.479166666666666,21.495833333333334,195.75,5.875,26.708333333333332,85.125,6.279166666666666,171.125,1.6,981.8083333333334,24
2023-08-13,14.0875,21.925,201.91666666666666,8.208333333333334,26.808333333333334,85.58333333333333,5.2875000000000005,183.45833333333334,1.2,981.9,24
2023-08-14,15.854166666666666,23.3125,221.625,5.708333333333333,26.395833333333332,89.0,4.383333333333334,170.0,6.5,982.225,24
2023-08-15,10.529166666666667,15.241666666666667,212.75,2.2916666666666665,25.420833333333334,92.45833333333333,3.8166666666666664,130.0,33.1,982.9666666666667,24
2023-08-16,7.270833333333333,10.229166666666666,189.95833333333334,1.0,26.45,87.29166666666667,4.2875000000000005,197.0,7.3,983.7666666666668,24
2023-08-17,9.0375,12.679166666666667,202.33333333333334,0.125,27.2625,83.5,3.966666666666667,180.66666666666666,0.9,984.15,24
2023-08-18,12.379166666666668,17.554166666666667,224.41666666666666,0.4583333333333333,27.758333333333336,85.70833333333333,3.170833333333333,199.20833333333334,0.2,983.2125,24
2023-08-19,17.454166666666666,24.691666666666666,283.4166666666667,1.625,28.150000000000002,85.41666666666667,2.8166666666666664,193.95833333333334,0.30000000000000004,982.9,24
2023-08-20,20.108333333333334,28.133333333333336,294.2916666666667,1.4166666666666667,27.9375,85.41666666666667,2.6458333333333335,240.0,7.8,982.3333333333334,24
2023-08-21,15.345833333333333,21.395833333333332,251.375,0.7083333333333334,26.579166666666666,90.08333333333333,3.6625,154.54166666666666,5.9,983.4875000000001,24
2023-08-22,11.183333333333332,15.725,225.45833333333334,0.3333333333333333,26.72083333333333,86.33333333333333,4.416666666666667,156.95833333333334,8.2,983.8874999999999,24
2023-08-23,10.408333333333333,14.875,199.625,0.9166666666666666,26.025000000000002,89.5,4.166666666666667,190.95833333333334,18.0,983.0625,24
2023-08-24,9.183333333333334,13.270833333333334,187.75,1.125,26.40833333333333,88.08333333333333,5.0625,181.0,12.2,982.8375,24
2023-08-25,8.604166666666666,12.375,197.91666666666666,1.0,26.016666666666666,91.95833333333333,3.8333333333333335,176.25,10.0,983.4791666666666,24
2023-08-26,9.283333333333333,13.404166666666667,199.58333333333334,1.1666666666666667,25.683333333333334,92.20833333333333,4.954166666666667,168.95833333333334,7.0,983.3916666666668,24
2023-08-27,8.775,13.0,186.41666666666666,1.5833333333333333,25.483333333333334,93.33333333333333,5.3875,169.875,6.6,982.3625000000001,24
2023-08-28,11.216666666666667,16.525000000000002,206.08333333333334,1.2083333333333333,26.229166666666668,89.95833333333333,3.2083333333333335,146.875,10.7,981.2958333333332,24
2023-08-29,10.295833333333333,14.7125,239.33333333333334,0.0,26.416666666666668,90.95833333333333,2.5375,175.91666666666666,10.700000000000001,981.75,24
2023-08-30,6.4875,9.204166666666667,215.29166666666666,0.0,25.504166666666666,93.5,4.329166666666667,173.91666666666666,31.2,983.8208333333333,24
2023-08-31,8.258333333333333,11.775,310.5416666666667,0.0,26.1125,92.25,3.1875,166.16666666666666,27.900000000000002,983.9125,24
2023-09-01,9.5625,13.666666666666666,360.75,0.0,27.391666666666666,86.45833333333333,2.795833333333333,189.04166666666666,14.0,982.9916666666667,24
2023-09-02,8.033333333333333,11.533333333333333,332.9583333333333,0.0,26.766666666666666,89.75,3.5999999999999996,155.95833333333334,6.8,982.1291666666666,24
2023-09-03,14.0,20.120833333333334,371.9583333333333,0.0,27.2625,85.33333333333333,2.966666666666667,191.66666666666666,0.4,980.7916666666666,24
2023-09-04,12.612499999999999,18.195833333333333,312.3333333333333,0.0,27.162499999999998,88.0,4.3125,173.75,5.7,980.3249999999999,24
2023-09-05,8.299999999999999,11.870833333333332,291.7083333333333,0.0,25.6375,92.95833333333333,3.6999999999999997,143.58333333333334,35.1,982.8125,24
2023-09-06,7.2,10.2375,246.41666666666666,0.0,25.483333333333334,92.83333333333333,3.4625,159.375,39.7,984.8583333333332,24
2023-09-07,11.316666666666668,16.150000000000002,255.79166666666666,0.0,25.708333333333332,92.04166666666667,3.0875,196.5,17.099999999999998,985.1333333333333,24
2023-09-08,6.079166666666667,8.708333333333334,240.16666666666666,0.0,26.6375,87.33333333333333,3.9166666666666665,190.83333333333334,8.7,984.4250000000001,24
2023-09-09,6.0625,8.658333333333333,221.45833333333334,0.0,26.104166666666668,91.0,3.2083333333333335,174.375,20.7,982.6458333333334,24
2023-09-10,4.370833333333334,6.241666666666667,233.41666666666666,0.0,25.066666666666666,95.70833333333333,3.904166666666667,175.91666666666666,31.2,982.4083333333333,24
2023-09-11,6.083333333333333,8.6625,194.58333333333334,0.0,25.162499999999998,92.125,4.383333333333334,175.75,31.5,982.9166666666666,24
2023-09-12,5.6125,7.983333333333333,170.95833333333334,0.0,24.995833333333334,92.625,5.679166666666667,157.54166666666666,22.3,983.7375000000001,24
2023-09-13,7.4875,10.716666666666667,200.70833333333334,0.0,24.541666666666668,95.875,4.0625,167.875,31.900000000000002,984.5375,24
2023-09-14,12.579166666666666,17.991666666666667,253.20833333333334,0.0,25.27916666666667,93.375,2.4916666666666667,160.0,21.0,984.1750000000001,24
2023-09-15,8.458333333333334,12.025,278.625,0.0,25.15416666666667,94.0,2.8625000000000003,151.625,64.1,983.5333333333333,24
2023-09-16,6.783333333333334,9.670833333333333,261.3333333333333,0.0,25.15416666666667,94.0,4.583333333333333,138.58333333333334,20.099999999999998,983.8583333333332,24
2023-09-17,5.533333333333334,7.891666666666667,231.75,0.0,24.400000000000002,95.58333333333333,3.0124999999999997,171.25,25.2,984.5208333333334,24
2023-09-18,7.454166666666667,10.683333333333332,226.91666666666666,0.0,25.03333333333333,92.95833333333333,3.4291666666666667,189.41666666666666,15.1,986.1166666666667,24
2023-09-19,9.174999999999999,13.179166666666667,240.375,0.0,25.84583333333333,87.79166666666667,3.341666666666667,183.66666666666666,4.5,987.6666666666666,24
2023-09-20,9.208333333333334,13.204166666666666,252.20833333333334,0.0,26.179166666666664,86.83333333333333,2.6958333333333333,210.54166666666666,1.8,987.0916666666667,24
2023-09-21,11.291666666666666,16.183333333333334,273.1666666666667,0.0,27.05,88.04166666666667,2.5208333333333335,191.125,2.6,986.4833333333332,24
2023-09-22,7.745833333333334,11.0875,244.41666666666666,0.0,27.454166666666666,86.125,2.8625000000000003,176.08333333333334,4.0,986.1083333333332,24
2023-09-23,10.933333333333332,15.704166666666667,267.3333333333333,0.0,27.037499999999998,85.70833333333333,3.1,149.25,0.6000000000000001,986.1625,24
2023-09-24,8.766666666666667,12.549999999999999,237.625,0.0,27.416666666666668,84.54166666666667,2.5416666666666665,132.16666666666666,0.4,984.7875,24
2023-09-25,6.8999999999999995,10.049999999999999,203.875,0.0,26.879166666666666,84.70833333333333,3.983333333333333,130.54166666666666,4.199999999999999,984.025,24
2023-09-26,10.654166666666667,15.6875,202.875,0.0,26.96666666666667,85.25,4.991666666666666,189.20833333333334,0.0,983.0,24
2023-09-27,12.195833333333333,17.6125,224.16666666666666,0.0,25.708333333333332,91.75,3.595833333333333,131.125,16.3,982.225,24
2023-09-28,7.016666666666667,10.016666666666667,232.33333333333334,0.0,25.1125,93.95833333333333,3.4,202.41666666666666,26.4,984.5083333333333,24
2023-09-29,5.704166666666667,8.141666666666667,207.0,0.0,24.21666666666667,96.0,3.2083333333333335,186.16666666666666,24.6,987.0708333333333,24
2023-09-30,7.854166666666667,11.266666666666667,204.08333333333334,0.0,24.4875,94.5,2.7875,168.66666666666666,17.1,987.9166666666666,24
2023-10-01,7.25,10.35,214.25,0.0,25.5,90.70833333333333,3.275,232.625,5.3999999999999995,986.2875,24
2023-10-02,8.379166666666666,11.991666666666667,224.04166666666666,0.0,26.55,87.5,3.970833333333333,236.95833333333334,1.8,986.6416666666668,24
2023-10-03,8.258333333333333,11.820833333333333,246.25,0.0,27.05,88.375,3.1041666666666665,199.79166666666666,4.0,986.8041666666667,24
2023-10-04,5.004166666666666,7.158333333333334,214.5,0.0,27.40416666666667,86.25,2.4791666666666665,152.125,10.8,986.5583333333334,24
2023-10-05,8.358333333333333,11.9625,277.5,0.0,26.766666666666666,90.58333333333333,2.720833333333333,148.33333333333334,8.3,985.6416666666668,24
2023-10-06,6.495833333333334,9.291666666666666,258.9583333333333,0.0,26.020833333333332,91.83333333333333,4.320833333333334,162.125,21.8,985.275,24
2023-10-07,4.354166666666667,6.229166666666667,199.91666666666666,0.0,24.945833333333336,93.41666666666667,2.7708333333333335,162.33333333333334,14.700000000000001,986.1791666666667,24
2023-10-08,4.133333333333334,5.891666666666667,216.29166666666666,0.0,24.395833333333332,94.83333333333333,3.4416666666666664,139.75,66.4,987.5166666666668,24
2023-10-09,10.970833333333333,15.733333333333334,371.875,0.0,25.241666666666664,87.70833333333333,4.195833333333334,162.33333333333334,62.1,988.4541666666668,24
2023-10-10,14.4125,20.679166666666667,383.75,0.0,25.508333333333336,86.95833333333333,3.6916666666666664,175.95833333333334,2.3,989.1333333333333,24
2023-10-11,11.325000000000001,16.266666666666666,353.25,0.0,24.566666666666666,93.04166666666667,3.7541666666666664,137.75,8.2,990.0708333333333,24
2023-10-12,10.891666666666666,15.6,343.375,0.0,24.958333333333332,92.25,3.6125000000000003,141.33333333333334,4.6,990.8583333333332,24
2023-10-13,11.783333333333333,17.020833333333332,344.875,0.0,25.349999999999998,91.79166666666667,2.591666666666667,140.58333333333334,5.5,990.1750000000001,24
2023-10-14,12.808333333333332,18.474999999999998,344.5416666666667,0.0,24.724999999999998,94.33333333333333,2.375,135.95833333333334,8.5,988.3416666666667,24
2023-10-15,8.470833333333333,12.145833333333334,304.8333333333333,0.0,24.808333333333334,92.58333333333333,3.4625,146.41666666666666,21.8,987.4708333333333,24
2023-10-16,9.720833333333333,13.941666666666668,310.0416666666667,0.0,25.15833333333333,88.875,4.258333333333334,166.66666666666666,5.2,988.5458333333332,24
2023-10-17,11.604166666666666,16.7375,374.625,0.0,25.40416666666667,88.04166666666667,3.0583333333333336,146.5,2.0,988.9083333333333,24
2023-10-18,16.741666666666667,24.037499999999998,429.125,0.0,25.445833333333336,86.95833333333333,3.2375000000000003,148.79166666666666,0.1,988.7125,24
2023-10-19,19.1375,27.379166666666666,443.0,0.0,25.891666666666666,86.95833333333333,3.0208333333333335,218.66666666666666,7.2,988.3708333333334,24
2023-10-20,11.987499999999999,17.191666666666666,332.875,0.0,25.575,90.875,2.9291666666666667,176.5,6.8,989.525,24
2023-10-21,8.733333333333333,12.487499999999999,297.625,0.0,24.900000000000002,91.875,4.1875,157.0,16.2,991.3416666666667,24
2023-10-22,8.629166666666666,12.320833333333333,323.5833333333333,0.0,25.22083333333333,89.0,2.7583333333333333,173.29166666666666,0.6,991.5375,24
2023-10-23,13.733333333333334,19.666666666666668,397.2083333333333,0.0,25.370833333333334,85.91666666666667,3.1666666666666665,120.91666666666667,0.1,990.6291666666666,24
2023-10-24,11.658333333333333,16.766666666666666,398.625,0.0,25.724999999999998,85.83333333333333,2.6999999999999997,131.16666666666666,8.2,990.0500000000001,24
2023-10-25,11.725,17.045833333333334,352.125,0.0,25.504166666666666,89.79166666666667,2.4791666666666665,189.08333333333334,4.3,989.7833333333333,24
2023-10-26,8.3875,12.091666666666667,337.7083333333333,0.0,25.566666666666666,91.75,2.5458333333333334,99.25,5.8999999999999995,989.2125,24
2023-10-27,6.216666666666666,8.941666666666666,225.625,0.0,25.741666666666664,90.04166666666667,3.141666666666667,142.5,17.1,988.8125,24
2023-10-28,5.495833333333334,7.833333333333333,218.08333333333334,0.0,25.0,92.0,2.3041666666666667,192.83333333333334,22.6,988.9708333333333,24
2023-10-29,5.366666666666667,7.670833333333333,236.20833333333334,0.0,24.97083333333333,91.5,3.1374999999999997,186.91666666666666,5.0,989.1458333333334,24
2023-10-30,7.270833333333333,10.420833333333333,233.79166666666666,0.0,24.454166666666666,92.91666666666667,3.358333333333333,192.0,21.8,990.5,24
2023-10-31,9.708333333333334,13.904166666666667,288.6666666666667,0.0,23.754166666666666,92.875,3.3874999999999997,160.41666666666666,15.5,992.0208333333334,24
2023-11-01,14.4,20.7,393.625,0.0,24.833333333333332,87.91666666666667,2.8083333333333336,72.45833333333333,0.6000000000000001,991.5916666666667,24
2023-11-02,13.525,19.491666666666667,412.5,0.0,24.608333333333334,85.66666666666667,2.9125,117.875,0.0,989.7583333333333,24
2023-11-03,14.674999999999999,21.116666666666667,422.5416666666667,0.0,25.53333333333333,85.70833333333333,1.9791666666666667,179.79166666666666,0.0,987.4791666666666,24
2023-11-04,15.545833333333334,22.291666666666668,395.375,0.0,25.383333333333336,90.625,2.325,175.625,7.3999999999999995,987.8041666666667,24
2023-11-05,14.0375,20.241666666666667,349.875,0.0,25.84166666666667,87.33333333333333,2.620833333333333,144.33333333333334,0.3,988.8458333333333,24
2023-11-06,10.870833333333332,15.816666666666665,303.5833333333333,0.0,26.041666666666668,85.0,2.8874999999999997,167.41666666666666,2.8,989.2458333333334,24
2023-11-07,8.8125,12.866666666666667,285.0,0.0,25.224999999999998,88.625,3.5583333333333336,129.16666666666666,10.200000000000001,989.775,24
2023-11-08,12.533333333333333,18.166666666666668,309.1666666666667,0.0,25.837500000000002,85.25,3.4499999999999997,166.5,0.30000000000000004,988.6750000000001,24
2023-11-09,16.041666666666668,23.21666666666667,359.9583333333333,0.0,25.854166666666668,87.125,3.1166666666666667,140.875,5.7,988.9666666666667,24
2023-11-10,13.645833333333334,19.825,359.25,0.0,26.45,83.375,2.3208333333333333,118.04166666666667,0.0,990.0166666666668,24
2023-11-11,13.195833333333333,19.1125,361.5833333333333,0.0,26.445833333333336,84.25,3.0708333333333333,148.25,0.0,990.5749999999999,24
2023-11-12,11.633333333333333,16.791666666666668,314.4166666666667,0.0,25.7375,88.91666666666667,3.7916666666666665,114.95833333333333,3.8000000000000003,991.2166666666667,24
2023-11-13,6.125,8.858333333333333,204.58333333333334,0.0,24.991666666666664,89.41666666666667,5.241666666666666,123.79166666666667,8.9,991.9125,24
2023-11-14,7.433333333333334,10.791666666666666,295.2083333333333,0.0,24.675,86.70833333333333,3.6166666666666667,149.75,0.1,992.9375,24
2023-11-15,10.3875,14.995833333333335,408.7083333333333,0.0,24.7625,85.25,3.654166666666667,102.54166666666667,0.3,992.8083333333334,24
2023-11-16,8.991666666666667,13.020833333333334,391.875,0.0,24.420833333333334,88.20833333333333,4.454166666666667,82.95833333333333,3.4,994.1374999999999,24
2023-11-17,6.1499999999999995,8.804166666666667,356.625,0.0,22.40833333333333,70.75,8.758333333333333,162.5,0.6,996.0500000000001,24
2023-11-18,7.741666666666667,11.083333333333334,358.875,0.0,21.25,69.70833333333333,4.529166666666667,142.875,0.0,994.6750000000001,24
2023-11-19,9.125,13.179166666666667,343.75,0.0,21.275000000000002,70.91666666666667,4.641666666666667,118.54166666666667,0.0,993.6208333333334,24
2023-11-20,11.2875,16.270833333333332,327.125,0.0,21.183333333333334,71.45833333333333,4.2375,93.83333333333333,0.0,992.65,24
2023-11-21,11.012500000000001,15.833333333333334,349.875,0.0,21.508333333333336,77.5,3.545833333333333,130.95833333333334,0.0,990.4666666666667,24
2023-11-22,13.016666666666666,18.770833333333332,369.3333333333333,0.0,21.9375,78.375,2.9625,135.83333333333334,0.0,989.0416666666666,24
2023-11-23,15.683333333333332,23.120833333333334,396.0416666666667,0.0,22.400000000000002,79.08333333333333,3.516666666666667,100.25,0.0,989.5083333333333,24
2023-11-24,11.458333333333334,17.116666666666667,372.6666666666667,0.25,23.145833333333332,78.625,3.4375,60.708333333333336,0.0,991.1125000000001,24
2023-11-25,11.904166666666667,17.575,350.5416666666667,0.125,23.645833333333332,78.83333333333333,2.9791666666666665,96.58333333333333,0.0,991.5833333333334,24
2023-11-26,14.325000000000001,21.254166666666666,311.1666666666667,0.25,22.775000000000002,75.33333333333333,4.770833333333333,132.91666666666666,0.0,992.2208333333333,24
2023-11-27,10.004166666666666,15.141666666666666,272.5,0.0,23.020833333333332,72.79166666666667,4.7,96.41666666666667,0.0,991.9250000000001,24
2023-11-28,12.804166666666667,18.879166666666666,335.2916666666667,0.0,22.833333333333332,72.33333333333333,3.1666666666666665,117.875,0.0,991.0833333333334,24
2023-11-29,15.983333333333334,23.295833333333334,392.75,0.0,22.879166666666666,71.875,3.7624999999999997,173.83333333333334,0.0,991.0375,24
2023-11-30,15.145833333333334,22.066666666666666,378.2916666666667,0.0,24.2625,72.79166666666667,5.033333333333333,179.5,0.0,991.7125,24
2023-12-01,14.833333333333334,21.650000000000002,358.3333333333333,0.0,24.224999999999998,79.45833333333333,3.8874999999999997,100.70833333333333,1.0,991.4125,24
2023-12-02,7.325,10.575000000000001,336.3333333333333,0.0,24.212500000000002,87.04166666666667,4.6875,168.625,1.7,991.5291666666667,24
2023-12-03,6.654166666666666,9.766666666666667,376.6666666666667,0.0,24.829166666666666,80.16666666666667,4.208333333333333,154.25,0.30000000000000004,991.4875000000001,24
2023-12-04,8.958333333333334,13.245833333333332,414.4583333333333,0.0,25.087500000000002,77.54166666666667,3.525,117.25,0.0,990.2208333333333,24
2023-12-05,8.770833333333334,12.8125,408.5416666666667,0.0,24.90833333333333,80.125,3.3666666666666667,146.04166666666666,0.0,989.1374999999999,24
2023-12-06,7.954166666666667,11.558333333333332,355.5,0.0,25.558333333333334,77.75,3.275,143.25,1.3,990.2541666666666,24
2023-12-07,8.795833333333333,12.629166666666668,393.5416666666667,0.0,25.004166666666666,79.875,4.45,149.08333333333334,19.4,990.8583333333332,24
2023-12-08,12.720833333333333,18.241666666666667,462.75,0.0,24.8,77.66666666666667,4.1499999999999995,154.79166666666666,0.30000000000000004,989.6583333333333,24
2023-12-09,12.375,17.837500000000002,406.5,0.0,25.775000000000002,73.125,3.2375000000000003,143.125,0.0,988.2541666666666,24
2023-12-10,12.283333333333333,17.720833333333335,397.25,0.0,26.441666666666666,72.79166666666667,2.954166666666667,208.79166666666666,0.30000000000000004,986.9333333333334,24
2023-12-11,12.5875,18.195833333333333,393.2916666666667,0.0,26.3125,76.25,3.5208333333333335,201.08333333333334,0.0,988.0500000000001,24
2023-12-12,16.045833333333334,23.170833333333334,386.3333333333333,0.0,26.6125,69.95833333333333,4.625,149.33333333333334,0.0,988.3541666666666,24
2023-12-13,8.5,14.045833333333334,270.9583333333333,0.0,25.554166666666664,67.04166666666667,5.066666666666666,145.70833333333334,0.0,990.125,24
2023-12-14,8.137500000000001,12.583333333333334,247.20833333333334,0.0,24.383333333333336,71.125,3.2458333333333336,112.83333333333333,0.0,990.9875000000001,24
2023-12-15,9.299999999999999,15.245833333333332,262.7083333333333,0.0,24.15833333333333,73.08333333333333,3.1374999999999997,111.0,0.0,990.2624999999999,24
2023-12-16,7.2875000000000005,10.6875,283.5833333333333,0.0,23.912499999999998,72.125,3.920833333333333,117.0,0.0,990.1083333333332,24
2023-12-17,6.470833333333334,9.545833333333333,299.1666666666667,0.0,23.925,71.91666666666667,3.9416666666666664,155.625,0.0,991.5749999999999,24
2023-12-18,5.970833333333334,8.725,388.125,0.0,23.837500000000002,71.58333333333333,3.1666666666666665,135.95833333333334,0.0,992.1999999999999,24
2023-12-19,7.020833333333333,10.170833333333333,418.0416666666667,0.0,23.354166666666668,71.95833333333333,3.1750000000000003,114.91666666666667,0.0,991.9416666666666,24
2023-12-20,9.266666666666667,13.875,403.9583333333333,0.25,23.233333333333334,72.75,3.7708333333333335,137.33333333333334,0.0,991.6166666666667,24
2023-12-21,5.833333333333333,8.4125,340.375,0.0,22.820833333333336,65.0,5.579166666666667,165.83333333333334,0.0,993.0500000000001,24
2023-12-22,14.141666666666666,20.716666666666665,368.2916666666667,0.0,20.891666666666666,56.458333333333336,6.379166666666666,153.25,0.0,996.2833333333333,24
2023-12-23,9.533333333333333,14.0875,428.4583333333333,0.0,18.7,69.91666666666667,4.4125000000000005,133.08333333333334,0.0,997.7958333333332,24
2023-12-24,10.725,16.162499999999998,377.8333333333333,0.0,18.070833333333333,69.70833333333333,3.9250000000000003,55.75,0.0,998.0124999999999,24
2023-12-25,15.15,22.3,434.1666666666667,0.0,18.091666666666665,73.625,3.4791666666666665,157.91666666666666,0.0,996.6625,24
2023-12-26,14.979166666666666,21.941666666666666,472.5833333333333,0.0,19.3625,74.20833333333333,3.0833333333333335,110.45833333333333,0.0,995.6458333333334,24
2023-12-27,9.754166666666666,14.137500000000001,413.3333333333333,0.0,20.141666666666666,71.95833333333333,3.858333333333333,157.0,0.0,995.3416666666667,24
2023-12-28,7.112500000000001,10.275,358.7083333333333,0.125,20.766666666666666,70.125,3.220833333333333,158.375,0.0,993.75,24
2023-12-29,7.895833333333333,11.416666666666666,328.5416666666667,0.25,21.120833333333334,71.95833333333333,2.85,114.04166666666667,0.0,992.4625,24
2023-12-30,8.924999999999999,13.012500000000001,317.25,0.25,21.3,72.91666666666667,3.8874999999999997,143.875,0.0,991.1041666666666,24
2023-12-31,8.595833333333333,12.545833333333334,313.7083333333333,0.125,21.337500000000002,75.83333333333333,3.9458333333333333,131.75,0.0,990.9333333333334,24
2024-01-01,8.091666666666667,11.779166666666667,316.2083333333333,0.0,21.666666666666668,75.375,4.004166666666666,144.75,0.0,990.4458333333333,24
2024-01-02,7.6625000000000005,11.058333333333332,317.9583333333333,0.0,22.291666666666668,73.875,3.216666666666667,135.45833333333334,0.0,990.1333333333333,24
2024-01-03,8.2125,11.929166666666667,308.5416666666667,0.0,22.099999999999998,70.45833333333333,3.75,126.25,0.0,990.5625,24
2024-01-04,5.091666666666667,7.579166666666667,315.7916666666667,0.0,22.045833333333334,70.625,4.725,128.20833333333334,0.1,990.9833333333332,24
2024-01-05,7.4750000000000005,10.904166666666667,390.5,0.0,21.804166666666664,73.0,3.8333333333333335,129.58333333333334,0.0,990.9916666666667,24
2024-01-06,6.1375,8.958333333333334,392.7083333333333,0.0,22.3125,72.20833333333333,3.6458333333333335,143.0,0.0,991.2541666666666,24
2024-01-07,8.575000000000001,12.945833333333333,354.75,0.0,21.866666666666664,77.29166666666667,3.5749999999999997,115.29166666666667,0.5,991.4041666666667,24
2024-01-08,9.737499999999999,14.383333333333333,348.875,0.0,23.02916666666667,72.75,2.5833333333333335,144.25,0.0,990.4708333333333,24
2024-01-09,10.924999999999999,15.958333333333334,382.8333333333333,0.0,23.670833333333334,73.45833333333333,3.7375000000000003,126.54166666666667,0.0,988.9499999999999,24
2024-01-10,12.65,18.412499999999998,349.3333333333333,0.0,24.483333333333334,73.375,4.295833333333333,135.29166666666666,0.1,988.1333333333333,24
2024-01-11,21.275,30.849999999999998,335.7083333333333,0.0,23.879166666666666,82.58333333333333,4.2,138.41666666666666,1.0,988.875,24
2024-01-12,18.5125,26.9375,347.9583333333333,0.0,23.59166666666667,85.375,4.245833333333334,170.29166666666666,3.9,988.5666666666666,24
2024-01-13,17.491666666666667,25.633333333333336,347.2083333333333,0.0,22.333333333333332,88.125,4.270833333333333,147.75,5.5,989.8333333333334,24
2024-01-14,11.308333333333332,16.462500000000002,338.375,0.0,23.516666666666666,76.375,4.05,129.20833333333334,0.1,991.1875,24
2024-01-15,7.545833333333333,11.408333333333333,294.5,0.0,24.0,68.625,5.479166666666667,190.25,0.5,991.2791666666667,24
2024-01-16,6.908333333333334,10.541666666666666,265.6666666666667,0.0,23.754166666666666,64.25,5.5125,130.58333333333334,0.0,990.5583333333334,24
2024-01-17,9.479166666666666,14.4,310.9583333333333,0.0,23.691666666666666,62.041666666666664,4.408333333333333,173.79166666666666,0.0,990.0416666666666,24
2024-01-18,13.0625,19.5,347.1666666666667,0.0,23.358333333333334,64.79166666666667,3.1458333333333335,128.625,0.1,989.6374999999999,24
2024-01-19,12.241666666666667,18.091666666666665,325.4583333333333,0.0,23.7,62.666666666666664,4.75,143.95833333333334,0.0,988.625,24
2024-01-20,12.266666666666666,17.991666666666667,342.2916666666667,0.0,23.445833333333336,59.625,5.016666666666667,175.5,0.0,988.8333333333334,24
2024-01-21,12.9375,18.754166666666666,320.9166666666667,0.0,23.316666666666666,57.75,5.825,172.75,0.0,989.2041666666668,24
2024-01-22,11.345833333333333,16.516666666666666,324.5,0.20833333333333334,23.0125,59.958333333333336,4.6499999999999995,176.20833333333334,0.0,990.35,24
2024-01-23,13.316666666666668,19.599999999999998,425.5833333333333,0.0,22.40416666666667,64.66666666666667,7.129166666666666,175.41666666666666,0.0,992.275,24
2024-01-24,15.154166666666667,22.025000000000002,486.9166666666667,0.0,21.425,61.458333333333336,6.845833333333334,174.66666666666666,0.0,994.2458333333334,24
2024-01-25,12.975,18.787499999999998,458.75,0.0,21.479166666666668,63.375,6.8625,176.20833333333334,0.0,995.725,24
2024-01-26,12.770833333333334,18.5125,407.125,0.0,20.070833333333333,75.875,5.008333333333334,171.375,0.1,996.2125,24
2024-01-27,14.137500000000001,20.458333333333332,410.5416666666667,0.0,21.8875,79.16666666666667,4.958333333333333,157.95833333333334,1.0,994.6374999999999,24
2024-01-28,12.375,18.095833333333335,377.2916666666667,0.0,21.433333333333334,79.29166666666667,5.7875000000000005,163.25,3.2,994.2083333333334,24
2024-01-29,18.558333333333334,27.162499999999998,415.5833333333333,0.0,20.599999999999998,82.375,5.145833333333333,189.375,5.7,993.8791666666666,24
2024-01-30,20.925,30.483333333333334,408.875,0.0,22.40416666666667,79.75,4.770833333333333,191.75,0.9,992.6166666666667,24
2024-01-31,14.033333333333333,20.170833333333334,390.375,0.0,23.175,76.83333333333333,3.3000000000000003,212.0,0.1,991.8583333333332,24
2024-02-01,9.008333333333333,12.995833333333332,311.1666666666667,0.0,23.1125,67.95833333333333,3.8791666666666664,218.875,0.0,991.2666666666668,24
2024-02-02,7.033333333333334,10.191666666666666,303.5416666666667,0.0,23.2375,63.333333333333336,4.0,230.91666666666666,0.0,990.0666666666666,24
2024-02-03,8.870833333333334,12.845833333333333,299.5833333333333,0.0,23.90416666666667,60.75,4.883333333333334,270.0416666666667,0.0,989.6833333333334,24
2024-02-04,17.104166666666668,25.366666666666664,360.4166666666667,0.4166666666666667,22.9875,57.375,3.9458333333333333,258.875,0.0,990.3874999999999,24
2024-02-05,15.4125,23.175,359.5416666666667,0.9166666666666666,22.620833333333334,59.791666666666664,3.8333333333333335,204.83333333333334,0.0,990.375,24
2024-02-06,12.016666666666666,18.129166666666666,335.9583333333333,1.4166666666666667,23.245833333333334,54.0,3.725,204.875,0.0,990.5625,24
2024-02-07,14.775,22.587500000000002,333.2083333333333,3.4166666666666665,23.429166666666664,59.583333333333336,3.7125,175.41666666666666,0.0,989.3208333333333,24
2024-02-08,14.875,22.84583333333333,340.5,3.5416666666666665,23.933333333333334,63.791666666666664,4.345833333333333,187.83333333333334,0.0,987.7375000000001,24
2024-02-09,16.808333333333334,24.883333333333336,386.8333333333333,1.4166666666666667,24.820833333333336,63.791666666666664,6.0375000000000005,159.0,0.0,989.5333333333333,24
2024-02-10,26.258333333333336,38.22083333333333,456.375,0.0,23.5625,66.5,7.625,162.45833333333334,0.0,994.3291666666668,24
2024-02-11,31.587500000000002,46.63333333333333,483.0833333333333,0.7083333333333334,21.8125,67.41666666666667,6.058333333333334,129.41666666666666,1.1,997.2791666666667,24
2024-02-12,25.666666666666668,37.69583333333333,556.8333333333334,0.9166666666666666,21.945833333333336,71.75,3.704166666666667,137.83333333333334,0.0,995.3166666666666,24
2024-02-13,17.3125,25.370833333333334,502.875,0.4166666666666667,23.5625,65.125,2.8833333333333333,123.08333333333333,0.0,992.9499999999999,24
2024-02-14,14.758333333333333,21.625,455.3333333333333,0.375,24.308333333333334,61.5,3.858333333333333,146.33333333333334,0.0,991.0,24
2024-02-15,15.862499999999999,23.191666666666666,449.6666666666667,0.25,24.837500000000002,61.083333333333336,2.7624999999999997,156.66666666666666,0.0,990.9666666666667,24
2024-02-16,17.9875,26.27916666666667,419.1666666666667,0.0,24.84166666666667,61.958333333333336,4.991666666666666,136.125,0.0,990.5500000000001,24
2024-02-17,25.120833333333334,36.49166666666667,442.4166666666667,0.125,26.254166666666666,59.583333333333336,5.879166666666666,167.45833333333334,0.0,988.0458333333332,24
2024-02-18,25.795833333333334,37.44166666666667,408.8333333333333,0.25,26.308333333333334,59.916666666666664,6.737500000000001,199.45833333333334,0.0,987.7583333333333,24
2024-02-19,19.841666666666665,29.066666666666666,376.875,0.0,26.333333333333332,60.291666666666664,6.495833333333334,240.5,0.0,987.9499999999999,24
2024-02-20,17.379166666666666,25.795833333333334,301.8333333333333,0.0,27.008333333333336,61.083333333333336,7.370833333333334,198.41666666666666,0.0,986.7833333333333,24
2024-02-21,15.575000000000001,23.22083333333333,274.4583333333333,0.5,26.741666666666664,58.708333333333336,5.808333333333334,217.33333333333334,0.0,986.85,24
2024-02-22,16.537499999999998,24.65833333333333,309.5416666666667,0.5416666666666666,25.883333333333336,59.583333333333336,5.2375,234.25,0.0,988.0833333333334,24
2024-02-23,15.445833333333333,22.8625,298.3333333333333,0.0,26.099999999999998,62.5,5.05,239.75,0.0,989.0208333333334,24
2024-02-24,14.341666666666667,21.304166666666667,308.0833333333333,0.125,26.412499999999998,62.375,5.645833333333333,204.5,0.0,988.9875000000001,24
2024-02-25,28.804166666666664,42.19166666666667,450.9583333333333,0.0,26.25,73.5,4.908333333333333,170.79166666666666,1.7,989.7375000000001,24
2024-02-26,27.170833333333334,39.858333333333334,435.3333333333333,0.0,26.916666666666668,66.58333333333333,4.283333333333333,148.08333333333334,0.0,989.6625,24
2024-02-27,19.758333333333333,29.2,444.9583333333333,0.0,26.7,66.20833333333333,5.383333333333333,178.45833333333334,0.8999999999999999,989.0458333333332,24
2024-02-28,22.895833333333332,33.59166666666667,412.4166666666667,0.0,26.429166666666664,69.33333333333333,6.420833333333333,175.75,1.4000000000000001,987.7333333333332,24
2024-02-29,24.175,35.237500000000004,412.6666666666667,0.0,28.245833333333334,55.916666666666664,6.108333333333333,185.41666666666666,0.0,986.8000000000001,24
2024-03-01,24.420833333333334,35.512499999999996,420.7916666666667,0.0,27.120833333333334,64.70833333333333,5.920833333333333,161.66666666666666,0.0,988.0458333333332,24
2024-03-02,26.0,37.84583333333333,500.75,0.0,26.983333333333334,62.625,8.216666666666667,178.0,0.2,988.7208333333333,24
2024-03-03,26.258333333333336,38.4625,456.125,0.3333333333333333,27.054166666666664,62.083333333333336,7.291666666666667,195.70833333333334,0.4,987.8874999999999,24
2024-03-04,20.054166666666667,29.512500000000003,402.0833333333333,0.4166666666666667,28.458333333333332,55.416666666666664,4.829166666666667,212.08333333333334,0.0,985.6541666666667,24
2024-03-05,21.883333333333336,32.74166666666667,367.0416666666667,1.2083333333333333,28.650000000000002,45.875,3.775,231.45833333333334,0.0,984.9291666666667,24
2024-03-06,27.733333333333334,41.18333333333333,463.25,1.75,26.520833333333332,52.375,3.9625,205.29166666666666,0.0,984.3791666666666,24
2024-03-07,36.97083333333333,54.84583333333333,507.3333333333333,1.7083333333333333,26.204166666666666,59.666666666666664,3.5041666666666664,206.04166666666666,0.0,984.5916666666667,24
2024-03-08,38.5625,56.46666666666667,619.875,0.125,27.112499999999997,65.04166666666667,6.183333333333334,166.29166666666666,0.6,985.7916666666666,24
2024-03-09,33.37916666666667,49.31666666666666,512.0,0.125,27.525000000000002,67.04166666666667,6.970833333333334,180.08333333333334,0.2,986.7666666666668,24
2024-03-10,27.6375,40.670833333333334,491.2916666666667,0.5,27.541666666666668,62.958333333333336,5.9125000000000005,178.5,0.0,988.5041666666666,24
2024-03-11,31.933333333333334,46.78333333333333,486.5,0.125,27.462500000000002,65.41666666666667,4.695833333333334,172.54166666666666,0.1,989.5875,24
2024-03-12,40.725,59.69583333333333,511.875,0.0,26.97083333333333,68.08333333333333,7.3374999999999995,199.66666666666666,0.6000000000000001,989.0458333333332,24
2024-03-13,25.425,37.38333333333333,373.6666666666667,0.0,28.308333333333334,56.791666666666664,7.3500000000000005,178.45833333333334,0.0,987.5083333333333,24
2024-03-14,21.495833333333334,31.883333333333336,363.7083333333333,1.0,27.941666666666666,48.166666666666664,5.716666666666666,181.625,0.0,986.9875000000001,24
2024-03-15,40.291666666666664,60.333333333333336,589.5,2.75,26.754166666666666,53.208333333333336,3.875,198.75,0.0,987.1583333333333,24
2024-03-16,40.81666666666667,60.42916666666667,633.4583333333334,1.75,26.854166666666668,56.875,4.329166666666667,183.375,0.0,987.8958333333334,24
2024-03-17,47.145833333333336,70.75833333333334,538.1666666666666,0.75,28.020833333333332,62.166666666666664,5.75,216.33333333333334,0.0,988.1125000000001,24
2024-03-18,49.64166666666667,75.43333333333334,531.125,1.25,28.795833333333334,69.41666666666667,3.725,175.83333333333334,0.9,987.0708333333333,24
2024-03-19,45.979166666666664,68.27916666666667,559.0416666666666,0.25,26.575,78.20833333333333,4.8374999999999995,153.29166666666666,7.0,988.7666666666668,24
2024-03-20,27.566666666666666,39.979166666666664,466.5,0.0,24.645833333333332,79.125,5.95,170.54166666666666,2.3,992.6291666666666,24
2024-03-21,23.8625,34.69166666666667,499.2916666666667,0.0,25.4875,72.29166666666667,4.041666666666667,162.70833333333334,0.0,989.6625,24
2024-03-22,25.804166666666664,37.38333333333333,446.875,0.0,25.6375,76.79166666666667,5.170833333333333,163.125,2.3,985.6583333333333,24
2024-03-23,19.325,28.316666666666666,412.2916666666667,0.3333333333333333,26.52916666666667,67.33333333333333,6.5625,218.79166666666666,0.0,984.6416666666668,24
2024-03-24,14.766666666666666,22.370833333333334,295.6666666666667,1.4583333333333333,26.891666666666666,54.416666666666664,4.3374999999999995,219.83333333333334,0.0,986.4125,24
2024-03-25,15.262500000000001,22.925,309.625,1.5416666666666667,26.020833333333332,55.75,3.0500000000000003,177.04166666666666,0.0,987.1791666666667,24
2024-03-26,29.208333333333332,43.23333333333333,449.9166666666667,2.0,25.84166666666667,63.791666666666664,4.6375,190.41666666666666,0.4,988.8583333333332,24
2024-03-27,38.800000000000004,56.87916666666666,527.9583333333334,1.25,26.579166666666666,75.75,3.6166666666666667,152.91666666666666,0.8,990.1999999999999,24
2024-03-28,26.583333333333332,39.77916666666667,410.4166666666667,1.7083333333333333,27.358333333333334,71.04166666666667,3.8333333333333335,174.08333333333334,0.0,987.1125000000001,24
2024-03-29,29.954166666666666,45.09166666666667,374.75,1.25,27.270833333333332,67.79166666666667,6.570833333333333,181.16666666666666,0.7,986.8125,24
2024-03-30,21.541666666666668,32.6,322.4583333333333,1.4583333333333333,29.120833333333334,54.25,8.262500000000001,186.16666666666666,0.0,987.3416666666667,24
2024-03-31,28.645833333333332,47.416666666666664,325.9583333333333,7.0,29.741666666666664,51.666666666666664,6.45,191.625,0.0,986.4166666666666,24
2024-04-01,31.0,50.67916666666667,393.375,4.833333333333333,29.479166666666668,48.791666666666664,5.104166666666667,192.54166666666666,0.0,984.0333333333333,24
2024-04-02,35.30416666666667,56.74166666666667,435.9166666666667,4.916666666666667,30.020833333333332,47.25,5.625,202.91666666666666,0.0,982.7333333333332,24
2024-04-03,43.425000000000004,67.91666666666667,431.125,3.4166666666666665,30.141666666666666,50.041666666666664,5.941666666666666,214.95833333333334,0.0,983.4958333333334,24
2024-04-04,38.24583333333333,60.45416666666667,449.5416666666667,3.0416666666666665,30.766666666666666,53.583333333333336,4.529166666666667,175.5,0.0,983.4083333333333,24
2024-04-05,48.1875,75.39583333333333,463.4166666666667,3.25,31.045833333333334,56.0,6.420833333333333,204.95833333333334,0.0,982.8041666666667,24
2024-04-06,48.29583333333333,75.26666666666667,448.6666666666667,2.5,31.604166666666668,59.708333333333336,5.920833333333333,194.875,0.0,983.3666666666667,24
2024-04-07,45.43333333333334,70.35416666666667,443.0833333333333,1.4583333333333333,31.8625,59.791666666666664,6.520833333333333,198.875,0.0,983.2416666666667,24
2024-04-08,43.2875,66.60833333333333,430.4583333333333,1.2083333333333333,31.849999999999998,61.416666666666664,6.745833333333334,191.375,0.7,984.4666666666667,24
2024-04-09,46.71666666666667,70.375,537.625,0.5833333333333334,29.40833333333333,70.25,4.158333333333333,186.95833333333334,6.2,986.2041666666668,24
2024-04-10,39.020833333333336,56.958333333333336,538.5833333333334,0.125,27.71666666666667,76.20833333333333,3.2916666666666665,212.83333333333334,0.5,988.0625,24
2024-04-11,27.508333333333336,40.324999999999996,582.5,0.125,28.304166666666664,76.625,3.2916666666666665,134.29166666666666,0.9,988.1541666666667,24
2024-04-12,26.629166666666666,39.012499999999996,565.375,0.125,28.72083333333333,70.95833333333333,3.4166666666666665,211.54166666666666,1.1,987.0541666666667,24
2024-04-13,28.59583333333333,41.979166666666664,496.8333333333333,0.125,29.0125,66.79166666666667,5.1,154.875,0.1,985.9,24
2024-04-14,23.920833333333334,35.12916666666667,470.6666666666667,0.125,29.629166666666666,63.458333333333336,4.529166666666667,232.875,0.7999999999999999,986.0458333333332,24
2024-04-15,30.058333333333334,44.1625,467.1666666666667,0.25,27.866666666666664,73.25,4.9750000000000005,206.95833333333334,11.8,986.7083333333334,24
2024-04-16,26.65833333333333,39.28333333333333,477.2083333333333,0.4583333333333333,28.47083333333333,67.25,4.458333333333333,186.625,0.0,985.2375000000001,24
2024-04-17,22.666666666666668,34.30833333333333,375.375,1.1666666666666667,29.433333333333334,64.54166666666667,5.116666666666666,180.58333333333334,0.1,983.8083333333334,24
2024-04-18,26.183333333333334,40.112500000000004,396.875,1.625,30.020833333333332,58.875,4.895833333333333,236.79166666666666,0.0,982.5124999999999,24
2024-04-19,31.979166666666668,51.5625,390.0833333333333,5.0,29.5125,58.875,4.7625,219.875,0.1,981.375,24
2024-04-20,25.84583333333333,42.00416666666667,338.5833333333333,4.791666666666667,29.754166666666666,62.166666666666664,6.333333333333333,201.70833333333334,0.0,980.9541666666668,24
2024-04-21,24.733333333333334,42.483333333333334,302.9166666666667,12.791666666666666,30.629166666666666,53.375,6.0,208.20833333333334,0.0,981.7291666666666,24
2024-04-22,32.65416666666667,54.737500000000004,324.6666666666667,12.958333333333334,31.445833333333336,52.916666666666664,6.3125,211.45833333333334,0.0,981.7624999999999,24
2024-04-23,32.38333333333333,51.770833333333336,350.75,5.541666666666667,31.854166666666668,54.75,6.008333333333333,185.29166666666666,0.0,981.4208333333332,24
2024-04-24,28.679166666666664,45.2125,346.25,3.5416666666666665,31.941666666666666,53.75,5.879166666666666,210.66666666666666,0.1,981.8874999999999,24
2024-04-25,27.295833333333334,42.4625,329.75,2.0,31.46666666666667,56.083333333333336,4.395833333333333,208.5,0.0,982.2833333333333,24
2024-04-26,26.0125,40.583333333333336,359.8333333333333,2.5833333333333335,30.866666666666664,57.75,5.354166666666667,158.375,0.1,981.6333333333333,24
2024-04-27,30.7,48.02916666666667,339.0833333333333,3.1666666666666665,31.28333333333333,54.958333333333336,4.479166666666667,174.79166666666666,0.0,981.2791666666667,24
2024-04-28,34.09166666666667,53.07916666666667,357.7916666666667,2.6666666666666665,32.34583333333333,46.458333333333336,5.3625,190.29166666666666,0.0,981.9125,24
2024-04-29,33.770833333333336,53.01666666666667,346.7083333333333,3.4166666666666665,31.1375,56.916666666666664,5.816666666666666,200.25,0.8,982.6583333333333,24
2024-04-30,25.775000000000002,40.0,309.9583333333333,1.8333333333333333,31.912499999999998,56.625,4.808333333333334,178.25,0.0,979.9625,24
2024-05-01,32.045833333333334,49.56666666666666,322.7083333333333,2.2916666666666665,32.041666666666664,52.0,6.4875,196.45833333333334,0.0,979.5166666666668,24
2024-05-02,42.637499999999996,65.575,344.625,1.75,30.991666666666664,60.708333333333336,5.675,201.625,1.4000000000000001,981.0833333333334,24
2024-05-03,53.225,80.61666666666666,415.1666666666667,2.625,27.962500000000002,81.08333333333333,4.879166666666667,182.75,7.4,983.9250000000001,24
2024-05-04,41.56666666666667,62.9125,398.5,2.2083333333333335,29.204166666666666,70.5,4.970833333333333,217.70833333333334,0.0,982.9041666666667,24
2024-05-05,23.40833333333333,35.9125,288.9166666666667,1.5416666666666667,30.45,61.791666666666664,6.533333333333334,174.75,0.0,982.1166666666667,24
2024-05-06,34.61666666666667,52.925000000000004,341.7916666666667,3.5,29.808333333333334,64.29166666666667,5.716666666666666,151.5,0.0,984.6833333333334,24
2024-05-07,35.24583333333333,51.84166666666667,371.125,1.1666666666666667,27.849999999999998,78.04166666666667,5.170833333333333,200.875,24.7,987.6208333333334,24
2024-05-08,27.0125,39.704166666666666,352.5416666666667,1.125,27.054166666666664,80.41666666666667,4.3,206.54166666666666,11.1,987.4333333333334,24
2024-05-09,20.070833333333333,29.295833333333334,330.3333333333333,0.4166666666666667,27.2625,82.33333333333333,5.145833333333333,161.375,6.4,986.2708333333334,24
2024-05-10,11.416666666666666,16.395833333333332,284.1666666666667,0.0,26.729166666666668,84.04166666666667,4.925,181.375,43.4,987.2416666666667,24
2024-05-11,14.183333333333332,20.416666666666668,304.9166666666667,0.0,26.920833333333334,84.58333333333333,3.025,209.16666666666666,5.2,988.0166666666668,24
2024-05-12,10.612499999999999,15.354166666666666,322.1666666666667,0.0,28.333333333333332,81.95833333333333,3.9916666666666667,225.625,0.0,986.8333333333334,24
2024-05-13,16.224999999999998,23.59583333333333,325.625,0.375,28.55,76.75,4.9125000000000005,211.125,3.4,985.8041666666667,24
2024-05-14,13.066666666666668,18.941666666666666,313.6666666666667,0.4166666666666667,28.070833333333336,77.25,4.4625,186.20833333333334,7.8,986.5041666666666,24
2024-05-15,16.8125,24.245833333333334,341.25,0.125,28.258333333333336,82.54166666666667,4.041666666666667,178.25,5.1000000000000005,986.8458333333333,24
2024-05-16,21.712500000000002,31.266666666666666,407.6666666666667,0.25,28.458333333333332,81.45833333333333,3.8166666666666664,139.29166666666666,3.3,986.5458333333332,24
2024-05-17,18.720833333333335,26.858333333333334,399.4166666666667,0.0,27.45,85.95833333333333,4.075,195.29166666666666,18.2,985.7208333333333,24
2024-05-18,9.958333333333334,14.275,304.5,0.0,28.558333333333334,80.5,5.004166666666666,192.5,13.9,983.1833333333334,24
2024-05-19,14.004166666666668,20.304166666666667,274.3333333333333,0.125,28.358333333333334,81.66666666666667,4.3,188.54166666666666,11.3,981.4166666666666,24
2024-05-20,18.8125,27.474999999999998,285.7083333333333,0.5416666666666666,27.974999999999998,85.08333333333333,4.070833333333334,130.25,58.9,981.9875000000001,24
2024-05-21,18.883333333333333,27.141666666666666,356.125,0.2916666666666667,26.787499999999998,83.79166666666667,4.541666666666667,163.33333333333334,8.0,984.2416666666667,24
2024-05-22,17.404166666666665,24.97083333333333,374.8333333333333,0.25,27.0125,80.08333333333333,3.225,227.25,5.4,984.5083333333333,24
2024-05-23,12.241666666666667,17.508333333333333,300.9583333333333,0.0,26.041666666666668,89.875,3.4499999999999997,161.5,17.9,984.1708333333332,24
2024-05-24,4.916666666666667,7.020833333333333,214.625,0.0,25.775000000000002,90.66666666666667,4.583333333333333,222.0,25.099999999999998,984.1583333333333,24
2024-05-25,5.766666666666667,8.279166666666667,205.20833333333334,0.0,25.458333333333332,92.70833333333333,3.470833333333333,187.16666666666666,13.5,984.6750000000001,24
2024-05-26,6.145833333333333,8.875,185.91666666666666,0.0,26.1125,92.75,3.9416666666666664,168.875,9.5,984.9666666666667,24
2024-05-27,7.391666666666667,10.7125,187.20833333333334,0.0,27.1125,89.41666666666667,4.325,189.16666666666666,8.0,983.5541666666667,24
2024-05-28,9.779166666666667,14.354166666666666,194.25,0.5416666666666666,27.383333333333336,86.08333333333333,5.508333333333333,177.70833333333334,5.2,982.9541666666668,24
2024-05-29,9.308333333333334,13.529166666666667,192.5,0.4166666666666667,27.47083333333333,86.16666666666667,6.2,165.5,12.6,982.2833333333333,24
2024-05-30,11.887500000000001,18.283333333333335,205.70833333333334,2.9583333333333335,29.191666666666666,77.125,6.4624999999999995,190.20833333333334,0.5,981.2916666666666,24
2024-05-31,18.891666666666666,29.275000000000002,233.33333333333334,4.958333333333333,29.020833333333332,78.125,6.704166666666667,173.91666666666666,0.6,981.7333333333332,24
2024-06-01,11.283333333333333,16.591666666666665,227.66666666666666,1.7083333333333333,25.566666666666666,94.41666666666667,3.720833333333333,150.91666666666666,47.4,985.2166666666667,24
2024-06-02,9.508333333333333,13.674999999999999,196.25,0.08333333333333333,27.3125,80.875,6.3,176.04166666666666,1.8,986.2125,24
2024-06-03,5.0,7.133333333333333,154.75,0.0,26.770833333333332,84.375,7.491666666666667,168.04166666666666,11.799999999999999,984.6208333333334,24
2024-06-04,8.9625,13.108333333333334,199.41666666666666,1.2916666666666667,26.954166666666666,84.54166666666667,5.479166666666667,187.41666666666666,6.2,983.6291666666666,24
2024-06-05,13.233333333333334,19.2625,237.25,1.6666666666666667,27.520833333333332,83.79166666666667,5.954166666666667,167.375,4.3,983.7624999999999,24
2024-06-06,6.925,9.804166666666667,189.83333333333334,0.0,27.787499999999998,77.04166666666667,8.65,173.91666666666666,1.3,984.7333333333332,24
2024-06-07,7.4624999999999995,10.554166666666667,188.0,0.08333333333333333,27.337500000000002,81.95833333333333,6.808333333333334,173.79166666666666,15.6,983.1791666666667,24
2024-06-08,8.5625,12.220833333333333,211.5,0.5416666666666666,26.8,85.91666666666667,5.904166666666666,164.79166666666666,2.4,981.4,24
2024-06-09,10.362499999999999,14.875,234.79166666666666,1.25,26.733333333333334,88.83333333333333,2.9333333333333336,175.375,8.4,981.1791666666667,24
2024-06-10,8.308333333333334,11.895833333333334,217.45833333333334,1.0833333333333333,26.141666666666666,90.70833333333333,4.204166666666667,194.20833333333334,27.9,982.5875000000001,24
2024-06-11,8.670833333333333,12.275,192.91666666666666,0.125,26.395833333333332,88.83333333333333,5.320833333333334,176.08333333333334,20.2,983.8666666666667,24
2024-06-12,7.183333333333334,10.1625,169.0,0.0,26.729166666666668,84.58333333333333,6.95,179.5,5.8,985.3208333333333,24
2024-06-13,5.641666666666667,8.116666666666667,168.5,0.0,27.6875,77.375,7.8,184.45833333333334,2.4,984.1583333333333,24
2024-06-14,6.066666666666666,8.716666666666667,177.29166666666666,0.0,27.333333333333332,82.875,6.191666666666666,187.125,8.3,982.6208333333334,24
2024-06-15,8.0,11.5875,195.54166666666666,0.20833333333333334,27.5,82.16666666666667,6.6499999999999995,173.91666666666666,2.1,982.0708333333333,24
2024-06-16,10.625,15.533333333333333,206.41666666666666,0.4166666666666667,27.670833333333334,82.08333333333333,5.158333333333333,175.83333333333334,2.6,982.8541666666666,24
2024-06-17,7.7,11.012500000000001,190.04166666666666,0.125,27.516666666666666,83.54166666666667,5.983333333333333,176.70833333333334,4.8,982.9208333333332,24
2024-06-18,7.570833333333333,11.120833333333332,192.91666666666666,0.9583333333333334,27.208333333333332,83.625,6.554166666666667,184.58333333333334,3.8,982.2291666666666,24
2024-06-19,8.116666666666667,11.695833333333333,184.625,0.7083333333333334,27.804166666666664,74.79166666666667,8.291666666666666,184.75,2.2,981.6583333333333,24
2024-06-20,6.883333333333333,9.9,159.75,0.375,28.78333333333333,71.5,7.370833333333334,188.70833333333334,0.8,981.1166666666667,24
2024-06-21,7.783333333333334,11.304166666666667,191.83333333333334,0.0,28.662499999999998,77.75,4.816666666666667,163.33333333333334,0.30000000000000004,980.5041666666666,24
2024-06-22,11.866666666666667,17.333333333333332,227.54166666666666,0.375,29.633333333333336,73.25,4.591666666666667,174.33333333333334,0.5,979.8833333333333,24
2024-06-23,8.654166666666667,12.3375,195.0,0.0,27.333333333333332,86.08333333333333,3.6791666666666667,176.125,26.7,981.0875,24
2024-06-24,6.316666666666666,8.991666666666665,210.75,0.0,26.65833333333333,88.95833333333333,4.675,165.0,9.4,980.7791666666667,24
2024-06-25,7.4750000000000005,10.583333333333334,193.45833333333334,0.0,25.866666666666664,92.41666666666667,3.9125,160.33333333333334,19.2,981.0500000000001,24
2024-06-26,5.029166666666667,7.154166666666666,177.83333333333334,0.0,25.683333333333334,93.375,3.404166666666667,182.79166666666666,12.1,983.2291666666666,24
2024-06-27,5.7375,8.225,173.5,0.0,26.804166666666664,86.08333333333333,3.975,163.0,20.5,985.1916666666666,24
2024-06-28,9.558333333333334,13.85,192.58333333333334,0.0,27.370833333333334,85.75,2.920833333333333,131.125,22.0,984.0666666666666,24
2024-06-29,9.845833333333333,14.0625,192.16666666666666,0.0,27.72083333333333,81.5,5.425,169.54166666666666,7.1000000000000005,984.1083333333332,24
2024-06-30,8.200000000000001,11.6625,182.25,0.20833333333333334,26.116666666666664,91.95833333333333,4.8625,164.08333333333334,27.2,985.0708333333333,24
2024-07-01,8.4625,12.254166666666668,187.95833333333334,0.4583333333333333,25.954166666666666,88.45833333333333,7.916666666666667,165.58333333333334,2.7,983.8708333333334,24
2024-07-02,9.691666666666666,14.3375,181.29166666666666,1.5833333333333333,26.383333333333336,84.625,5.995833333333334,172.45833333333334,1.8,982.8249999999999,24
2024-07-03,9.762500000000001,14.495833333333332,200.04166666666666,2.4166666666666665,25.8,90.29166666666667,5.129166666666666,181.25,7.300000000000001,984.2166666666667,24
2024-07-04,9.395833333333334,13.754166666666668,177.0,2.2916666666666665,26.125,90.5,3.4499999999999997,142.04166666666666,16.8,985.8708333333334,24
2024-07-05,7.745833333333334,10.924999999999999,191.75,0.2916666666666667,26.02916666666667,90.04166666666667,3.5999999999999996,188.20833333333334,22.3,983.9166666666666,24
2024-07-06,7.075,10.0,199.25,0.041666666666666664,26.329166666666666,89.54166666666667,2.670833333333333,159.41666666666666,7.1,982.975,24
2024-07-07,6.479166666666667,9.2125,211.5,0.0,26.633333333333336,87.25,4.3374999999999995,155.41666666666666,20.3,983.525,24
2024-07-08,8.954166666666667,12.779166666666667,205.16666666666666,0.0,26.71666666666667,86.20833333333333,5.241666666666666,175.125,5.8,983.6541666666667,24
2024-07-09,10.245833333333334,14.570833333333333,201.45833333333334,0.4583333333333333,27.070833333333336,83.83333333333333,3.6,214.16666666666666,2.5,984.2833333333333,24
2024-07-10,10.916666666666666,15.429166666666667,202.20833333333334,1.0,26.3,88.625,4.820833333333334,175.83333333333334,10.5,984.6833333333334,24
2024-07-11,7.679166666666667,10.9,174.20833333333334,0.5416666666666666,25.95,90.41666666666667,5.095833333333333,165.5,19.2,983.1541666666667,24
2024-07-12,8.783333333333333,12.641666666666666,171.04166666666666,0.7083333333333334,26.45,84.91666666666667,5.795833333333333,169.66666666666666,0.4,981.3583333333332,24
2024-07-13,7.654166666666666,10.924999999999999,162.0,0.8333333333333334,27.183333333333334,82.79166666666667,5.670833333333333,168.58333333333334,1.2,979.7291666666666,24
2024-07-14,6.116666666666666,8.604166666666666,159.25,0.0,27.508333333333336,81.41666666666667,6.4624999999999995,171.0,0.9,980.8208333333333,24
2024-07-15,4.445833333333334,6.316666666666666,170.45833333333334,0.0,26.46666666666667,90.04166666666667,2.8666666666666667,226.16666666666666,9.4,982.3874999999999,24
2024-07-16,7.604166666666667,10.870833333333332,213.125,0.0,26.7625,89.5,3.408333333333333,235.45833333333334,15.4,981.2958333333332,24
2024-07-17,7.379166666666666,10.558333333333334,219.0,0.0,26.412499999999998,91.41666666666667,3.0416666666666665,139.25,26.5,981.1999999999999,24
2024-07-18,8.204166666666667,11.704166666666666,195.33333333333334,0.0,25.929166666666664,92.75,4.020833333333333,167.45833333333334,17.7,981.4166666666666,24
2024-07-19,6.95,9.908333333333333,173.66666666666666,0.0,25.508333333333336,93.625,5.370833333333334,158.875,27.3,981.2458333333334,24
2024-07-20,6.066666666666666,8.6625,159.91666666666666,0.0,25.84583333333333,90.83333333333333,5.933333333333334,163.79166666666666,15.8,982.8208333333333,24
2024-07-21,6.55,9.4,193.5,0.0,25.616666666666664,92.54166666666667,3.658333333333333,179.66666666666666,11.6,983.6125000000001,24
2024-07-22,8.799999999999999,12.6,213.16666666666666,0.0,25.8125,91.25,5.204166666666667,155.16666666666666,16.400000000000002,983.3000000000001,24
2024-07-23,8.841666666666667,12.658333333333333,187.66666666666666,0.20833333333333334,26.291666666666668,89.08333333333333,6.108333333333333,163.29166666666666,13.0,981.15,24
2024-07-24,5.829166666666667,8.404166666666667,162.33333333333334,0.4583333333333333,25.954166666666666,88.0,9.737499999999999,181.0,6.9,978.4375,24
2024-07-25,4.966666666666667,7.020833333333333,162.29166666666666,0.0,26.02916666666667,88.33333333333333,7.720833333333334,174.83333333333334,4.4,977.7375000000001,24
2024-07-26,4.991666666666666,7.1125,162.08333333333334,0.08333333333333333,26.150000000000002,88.0,7.229166666666667,176.95833333333334,16.8,979.3958333333334,24
2024-07-27,7.3125,10.4625,177.54166666666666,0.0,26.8,86.5,5.1000000000000005,182.20833333333334,1.5,981.6083333333332,24
2024-07-28,6.479166666666667,9.200000000000001,172.54166666666666,0.0,26.383333333333336,86.66666666666667,7.120833333333334,173.70833333333334,1.7,981.6625,24
2024-07-29,5.245833333333334,7.4750000000000005,169.54166666666666,0.0,25.729166666666668,91.16666666666667,6.420833333333333,174.33333333333334,26.8,981.3541666666666,24
2024-07-30,4.258333333333334,6.2749999999999995,172.08333333333334,1.0,24.625,95.625,6.720833333333334,156.58333333333334,12.7,982.6750000000001,24
2024-07-31,4.2250000000000005,5.983333333333333,168.20833333333334,0.375,24.704166666666666,94.75,7.875,165.66666666666666,15.5,984.0416666666666,24
2024-08-01,4.058333333333334,5.716666666666666,172.375,0.25,23.95,99.08333333333333,6.145833333333333,159.875,29.8,985.2791666666667,24
2024-08-02,5.233333333333333,7.383333333333333,183.16666666666666,0.125,24.020833333333332,97.95833333333333,7.4750000000000005,163.29166666666666,12.1,985.0416666666666,24
2024-08-03,6.7250000000000005,9.529166666666667,202.625,0.3333333333333333,24.691666666666666,95.33333333333333,5.508333333333333,164.29166666666666,34.8,985.2541666666666,24
2024-08-04,6.829166666666667,9.704166666666667,196.83333333333334,0.0,25.6375,91.08333333333333,4.091666666666667,163.91666666666666,23.8,985.1750000000001,24
2024-08-05,6.1499999999999995,8.729166666666666,188.75,0.08333333333333333,25.191666666666666,91.625,3.125,177.79166666666666,21.5,984.6666666666666,24
2024-08-06,7.816666666666666,10.779166666666667,189.25,0.20833333333333334,26.09583333333333,86.91666666666667,3.6750000000000003,161.91666666666666,12.2,983.9291666666667,24
2024-08-07,9.066666666666666,12.5875,200.41666666666666,0.125,27.170833333333334,81.95833333333333,5.366666666666667,202.58333333333334,1.0,984.2041666666668,24
2024-08-08,12.545833333333334,17.741666666666667,229.625,1.0,26.729166666666668,86.45833333333333,3.266666666666667,172.75,4.2,985.3583333333332,24
2024-08-09,12.366666666666667,17.695833333333333,219.125,0.8333333333333334,28.0125,79.33333333333333,5.0625,186.33333333333334,2.4,984.1,24
2024-08-10,10.549999999999999,15.395833333333334,204.79166666666666,0.875,28.416666666666668,78.79166666666667,5.8374999999999995,179.58333333333334,0.5,982.4166666666666,24
2024-08-11,13.862499999999999,20.1625,249.29166666666666,1.25,27.712500000000002,86.25,3.6625,171.75,1.3,981.0124999999999,24
2024-08-12,11.383333333333333,16.1375,223.125,0.7083333333333334,25.525000000000002,94.16666666666667,3.9416666666666664,172.70833333333334,17.2,981.0166666666668,24
2024-08-13,6.125,8.625,184.08333333333334,0.08333333333333333,25.2625,93.29166666666667,7.170833333333333,163.25,29.8,982.5124999999999,24
2024-08-14,8.616666666666667,12.174999999999999,199.25,0.2916666666666667,26.429166666666664,88.04166666666667,4.2749999999999995,222.25,4.6,983.5041666666666,24
2024-08-15,9.833333333333334,13.845833333333333,219.66666666666666,0.625,26.229166666666668,89.08333333333333,4.616666666666666,197.70833333333334,7.3,983.0583333333334,24
2024-08-16,7.716666666666666,10.879166666666668,202.29166666666666,0.0,26.1125,91.875,3.783333333333333,156.70833333333334,16.3,982.8291666666668,24
2024-08-17,8.316666666666666,11.804166666666667,230.625,0.0,26.349999999999998,90.70833333333333,3.0041666666666664,191.79166666666666,11.8,984.2708333333334,24
2024-08-18,9.545833333333333,13.549999999999999,241.04166666666666,0.0,26.52916666666667,90.04166666666667,3.8666666666666667,194.75,21.9,984.975,24
2024-08-19,7.925,11.329166666666666,198.66666666666666,0.0,26.054166666666664,92.375,3.704166666666667,147.79166666666666,31.7,984.3874999999999,24
2024-08-20,8.65,12.408333333333333,213.58333333333334,0.0,26.320833333333336,88.5,4.325,171.125,7.3,984.9625,24
2024-08-21,5.795833333333333,8.262500000000001,182.45833333333334,0.0,24.920833333333334,97.41666666666667,5.841666666666666,159.5,19.4,985.5208333333334,24
2024-08-22,6.5874999999999995,9.354166666666666,201.66666666666666,0.0,26.625,87.70833333333333,5.395833333333333,170.25,2.4,985.5749999999999,24
2024-08-23,7.983333333333333,11.266666666666666,214.08333333333334,0.0,25.270833333333332,92.45833333333333,3.3083333333333336,179.54166666666666,15.6,987.0833333333334,24
2024-08-24,9.191666666666666,13.0625,218.70833333333334,0.0,25.741666666666664,90.16666666666667,3.4375,163.04166666666666,9.5,986.7333333333332,24
2024-08-25,7.933333333333334,11.35,214.66666666666666,0.0,25.96666666666667,86.0,4.529166666666667,165.66666666666666,8.2,985.3708333333334,24
2024-08-26,7.7375,11.079166666666666,203.16666666666666,0.0,26.458333333333332,86.79166666666667,3.4250000000000003,165.875,3.8,984.4541666666668,24
2024-08-27,7.058333333333334,9.875,199.16666666666666,0.0,25.2,94.04166666666667,3.3666666666666667,205.70833333333334,29.8,984.85,24
2024-08-28,9.637500000000001,13.533333333333333,226.20833333333334,0.0,25.5,90.25,3.5083333333333333,206.66666666666666,11.2,983.9416666666666,24
2024-08-29,7.183333333333334,10.1625,211.83333333333334,0.0,26.6875,84.45833333333333,4.366666666666666,187.875,1.9000000000000001,983.6666666666666,24
2024-08-30,9.929166666666667,14.270833333333334,219.66666666666666,0.0,26.770833333333332,83.70833333333333,4.866666666666666,189.70833333333334,1.1,984.1666666666666,24
2024-08-31,10.379166666666666,14.991666666666667,228.29166666666666,0.0,26.570833333333336,87.25,4.5125,215.95833333333334,1.3,984.4,24
2024-09-01,8.504166666666666,12.154166666666667,249.29166666666666,0.0,26.491666666666664,90.08333333333333,2.875,189.91666666666666,5.0,983.9083333333333,24
2024-09-02,8.545833333333333,12.262500000000001,286.25,0.0,26.958333333333332,90.875,2.5208333333333335,174.04166666666666,6.699999999999999,984.1041666666666,24
2024-09-03,8.487499999999999,12.245833333333332,251.08333333333334,0.0,27.05,87.79166666666667,3.283333333333333,146.16666666666666,1.1,984.7208333333333,24
2024-09-04,8.716666666666667,12.616666666666667,236.125,0.0,26.679166666666664,89.0,3.266666666666667,193.625,3.7,982.6916666666666,24
2024-09-05,11.241666666666667,16.083333333333332,267.4166666666667,0.0,26.46666666666667,89.08333333333333,2.629166666666667,242.29166666666666,1.2,981.3249999999999,24
2024-09-06,12.904166666666667,18.495833333333334,261.7083333333333,0.0,27.099999999999998,84.20833333333333,3.6666666666666665,210.29166666666666,0.0,981.0375,24
2024-09-07,13.391666666666666,19.2625,223.16666666666666,0.125,27.65416666666667,81.5,7.145833333333333,194.04166666666666,0.6000000000000001,981.0583333333334,24
2024-09-08,5.870833333333334,8.4125,173.08333333333334,0.0,26.545833333333334,84.95833333333333,6.779166666666666,187.04166666666666,1.1,981.5833333333334,24
2024-09-09,4.029166666666667,5.7749999999999995,176.04166666666666,0.20833333333333334,25.03333333333333,96.20833333333333,8.883333333333333,170.83333333333334,19.400000000000002,981.4833333333332,24
2024-09-10,3.2458333333333336,4.5874999999999995,165.5,0.0,24.7,97.54166666666667,7.483333333333333,166.125,25.3,981.8625000000001,24
2024-09-11,6.2,8.875,187.91666666666666,0.3333333333333333,25.133333333333336,93.625,4.504166666666666,143.375,13.1,984.3458333333333,24
2024-09-12,9.1875,13.083333333333334,242.125,0.08333333333333333,26.379166666666666,86.25,2.975,191.29166666666666,0.9,984.7208333333333,24
2024-09-13,8.458333333333334,12.15,204.79166666666666,0.0,26.520833333333332,87.45833333333333,2.6958333333333333,165.54166666666666,1.3,983.3166666666666,24
2024-09-14,7.708333333333333,11.083333333333334,231.45833333333334,0.25,25.020833333333332,94.66666666666667,2.495833333333333,134.70833333333334,29.0,982.0916666666667,24
2024-09-15,13.441666666666668,19.4875,261.9583333333333,0.75,26.370833333333334,88.54166666666667,3.154166666666667,244.54166666666666,0.5,981.0875,24
2024-09-16,17.770833333333332,25.395833333333332,287.4166666666667,0.4166666666666667,27.0,88.04166666666667,3.0749999999999997,195.79166666666666,1.3,981.6458333333334,24
2024-09-17,18.208333333333332,25.879166666666666,320.5416666666667,0.0,27.208333333333332,88.875,2.654166666666667,146.91666666666666,8.7,981.4666666666667,24
2024-09-18,12.470833333333333,18.0125,319.75,0.0,26.40833333333333,91.375,3.7083333333333335,167.91666666666666,11.4,981.15,24
2024-09-19,12.683333333333332,18.379166666666666,305.7083333333333,0.0,27.09166666666667,86.5,4.3374999999999995,140.29166666666666,19.3,980.2791666666667,24
2024-09-20,15.429166666666667,22.141666666666666,318.0,0.0,25.375,94.95833333333333,2.775,187.75,5.2,980.0583333333334,24
2024-09-21,11.4,16.333333333333332,305.9583333333333,0.0,25.5,95.0,3.0124999999999997,206.08333333333334,26.9,980.8958333333334,24
2024-09-22,8.570833333333333,12.25,247.91666666666666,0.0,25.833333333333332,93.375,3.2458333333333336,183.45833333333334,22.7,982.1666666666666,24
2024-09-23,4.675,6.666666666666667,246.41666666666666,0.0,24.1375,99.41666666666667,1.7958333333333334,143.70833333333334,39.4,985.2708333333334,24
2024-09-24,5.804166666666667,8.283333333333333,272.2916666666667,0.0,23.97083333333333,96.20833333333333,2.6999999999999997,197.95833333333334,15.4,987.1541666666667,24
2024-09-25,7.4125000000000005,10.6,263.2083333333333,0.0,24.566666666666666,89.125,3.904166666666667,180.04166666666666,7.0,987.9041666666667,24
2024-09-26,11.283333333333333,16.116666666666667,316.2916666666667,0.0,25.7625,88.29166666666667,2.2041666666666666,189.75,1.4000000000000001,988.0375,24
2024-09-27,10.516666666666667,15.025,279.7916666666667,0.0,26.8,84.625,2.1708333333333334,142.625,0.0,987.4875000000001,24
2024-09-28,14.424999999999999,20.650000000000002,277.7083333333333,0.0,27.420833333333334,82.83333333333333,3.233333333333333,175.79166666666666,0.1,986.1875,24
2024-09-29,15.233333333333334,21.7375,256.9583333333333,0.0,26.504166666666666,90.25,3.3625000000000003,160.70833333333334,13.8,985.3291666666668,24
2024-09-30,14.004166666666668,19.933333333333334,262.5416666666667,0.0,26.075,91.91666666666667,3.970833333333333,154.95833333333334,7.9,983.775,24
2024-10-01,9.625,13.625,222.25,0.0,25.054166666666664,95.54166666666667,3.5666666666666664,175.08333333333334,31.599999999999998,983.9291666666667,24
2024-10-02,6.854166666666667,9.783333333333333,249.125,0.0,25.3625,88.75,6.279166666666666,136.16666666666666,15.799999999999999,986.9666666666667,24
2024-10-03,10.541666666666666,15.25,240.5,0.0,25.65416666666667,82.54166666666667,5.258333333333334,131.5,1.1,988.1833333333334,24
2024-10-04,14.65,21.216666666666665,322.3333333333333,0.0,25.604166666666668,83.16666666666667,3.108333333333333,100.0,0.0,988.9875000000001,24
2024-10-05,15.333333333333334,22.175,367.5416666666667,0.0,25.670833333333334,88.70833333333333,2.4291666666666667,135.79166666666666,2.2,988.5916666666667,24
2024-10-06,18.358333333333334,26.425,381.625,0.0,26.145833333333332,87.08333333333333,2.8708333333333336,87.29166666666667,0.5,989.1166666666667,24
2024-10-07,15.883333333333333,22.729166666666668,394.2083333333333,0.0,25.84166666666667,82.83333333333333,3.2458333333333336,63.125,0.1,990.2166666666667,24
2024-10-08,15.854166666666666,22.724999999999998,352.7083333333333,0.0,25.6375,88.79166666666667,2.8666666666666667,118.91666666666667,3.0,989.8416666666667,24
2024-10-09,20.575,29.866666666666664,342.3333333333333,0.0,25.71666666666667,87.875,3.6833333333333336,132.70833333333334,9.0,988.5166666666668,24
2024-10-10,20.145833333333332,29.429166666666664,408.4166666666667,0.0,25.375,89.375,3.1625,149.54166666666666,2.0,988.1541666666667,24
2024-10-11,23.391666666666666,34.050000000000004,456.0833333333333,0.0,25.854166666666668,86.125,3.0124999999999997,109.625,0.2,987.7583333333333,24
2024-10-12,21.320833333333333,31.104166666666668,457.7083333333333,0.0,26.25,82.875,2.5,125.33333333333333,0.0,988.4,24
2024-10-13,16.474999999999998,24.333333333333332,413.9166666666667,0.0,26.441666666666666,82.70833333333333,3.295833333333333,96.625,0.30000000000000004,988.3916666666668,24
2024-10-14,15.983333333333334,23.191666666666666,407.25,0.0,26.412499999999998,84.91666666666667,2.775,176.04166666666666,1.9,987.8375,24
2024-10-15,17.95416666666667,26.245833333333334,377.875,0.0,25.808333333333334,86.375,2.625,130.58333333333334,0.9,987.8333333333334,24
2024-10-16,12.275,17.904166666666665,346.0416666666667,0.0,26.5625,84.5,2.3666666666666667,138.91666666666666,1.3,988.0208333333334,24
2024-10-17,10.783333333333333,15.5625,319.2916666666667,0.0,26.379166666666666,85.33333333333333,3.141666666666667,127.41666666666667,16.3,987.8958333333334,24
2024-10-18,15.825000000000001,22.766666666666666,374.125,0.0,26.962500000000002,83.625,2.6625,142.0,0.9,987.15,24
2024-10-19,7.8625,11.2875,267.2916666666667,0.0,26.629166666666666,84.375,3.783333333333333,120.91666666666667,11.1,988.15,24
2024-10-20,7.579166666666667,10.991666666666667,223.625,0.0,26.291666666666668,82.79166666666667,5.325,159.41666666666666,7.0,989.4875000000001,24
2024-10-21,8.4625,12.533333333333333,208.375,0.0,25.583333333333332,86.25,4.179166666666666,149.83333333333334,15.1,989.4,24
2024-10-22,9.058333333333334,13.041666666666666,235.08333333333334,0.0,25.59166666666667,90.0,3.7458333333333336,136.25,3.6,988.8666666666667,24
2024-10-23,9.549999999999999,13.862499999999999,249.45833333333334,0.0,25.754166666666666,85.75,3.908333333333333,190.5,0.1,989.4541666666668,24
2024-10-24,14.370833333333332,20.837500000000002,326.4583333333333,0.0,26.2625,80.54166666666667,3.216666666666667,191.54166666666666,0.0,988.125,24
2024-10-25,14.4125,20.758333333333333,412.1666666666667,0.0,26.925,77.08333333333333,3.341666666666667,211.625,0.0,986.2125,24
2024-10-26,13.970833333333333,20.275000000000002,394.0833333333333,0.0,27.579166666666666,79.20833333333333,3.4458333333333333,257.375,0.0,983.9291666666667,24
2024-10-27,9.725,14.016666666666666,255.16666666666666,0.0,27.454166666666666,73.29166666666667,5.433333333333334,159.41666666666666,0.0,982.6541666666667,24
2024-10-28,7.195833333333333,10.4875,239.75,0.0,25.5625,71.875,6.8125,141.16666666666666,0.0,983.6333333333333,24
2024-10-29,6.829166666666667,9.929166666666667,301.3333333333333,0.0,25.708333333333332,71.58333333333333,4.183333333333334,82.79166666666667,0.0,985.2458333333334,24
2024-10-30,6.341666666666666,9.070833333333333,346.25,0.0,25.704166666666666,77.33333333333333,2.0416666666666665,171.04166666666666,0.0,987.0541666666667,24
2024-10-31,10.766666666666666,15.512500000000001,345.0833333333333,0.125,26.254166666666666,77.5,2.2624999999999997,185.58333333333334,0.0,986.7958333333332,24
2024-11-01,12.066666666666668,17.4375,397.375,0.25,27.041666666666668,74.125,3.275,156.58333333333334,0.0,987.4208333333332,24
2024-11-02,10.516666666666667,15.195833333333333,379.4166666666667,0.0,26.054166666666664,75.70833333333333,4.375,132.83333333333334,0.2,989.4499999999999,24
2024-11-03,10.254166666666666,14.766666666666666,354.5,0.0,24.6125,66.45833333333333,3.591666666666667,124.08333333333333,0.0,990.35,24
2024-11-04,9.154166666666667,13.262500000000001,276.1666666666667,0.0,23.854166666666668,75.29166666666667,4.7875,102.5,0.0,990.4541666666668,24
2024-11-05,13.725,19.95,290.2083333333333,0.0,23.27916666666667,88.29166666666667,4.075,121.83333333333333,5.8,991.5291666666667,24
2024-11-06,10.216666666666667,14.754166666666668,328.5416666666667,0.0,22.579166666666666,90.45833333333333,5.804166666666667,124.58333333333333,8.3,992.1791666666667,24
2024-11-07,13.333333333333334,19.583333333333332,356.5416666666667,0.0,23.895833333333332,81.45833333333333,4.916666666666667,245.58333333333334,0.30000000000000004,991.7708333333334,24
2024-11-08,14.112499999999999,20.925,371.625,0.0,24.087500000000002,77.95833333333333,5.3500000000000005,203.16666666666666,0.0,991.5458333333332,24
2024-11-09,21.46666666666667,31.65416666666667,404.3333333333333,0.0,24.150000000000002,77.20833333333333,5.491666666666667,263.7916666666667,0.0,990.3833333333333,24
2024-11-10,15.291666666666666,22.770833333333332,413.5833333333333,0.0,25.366666666666664,74.5,3.1625,174.75,0.0,990.0333333333333,24
2024-11-11,11.733333333333334,16.929166666666667,409.2916666666667,0.0,24.525000000000002,76.45833333333333,2.8208333333333333,118.45833333333333,0.0,989.375,24
2024-11-12,13.237499999999999,17.629166666666666,429.5833333333333,0.0,24.804166666666664,78.875,3.029166666666667,175.58333333333334,0.0,988.1666666666666,24
2024-11-13,9.9125,9.979166666666666,389.6666666666667,0.0,25.620833333333334,78.45833333333333,2.1458333333333335,129.45833333333334,0.0,987.1916666666666,24
2024-11-14,11.258333333333333,11.3125,317.9583333333333,0.0,26.02916666666667,80.58333333333333,1.7166666666666668,186.08333333333334,0.0,987.2875,24
2024-11-15,7.395833333333333,7.4375,350.125,0.0,26.09166666666667,79.58333333333333,2.8958333333333335,231.58333333333334,0.0,986.7291666666666,24
2024-11-16,7.55,7.595833333333334,250.625,0.0,25.0125,72.45833333333333,4.45,259.4583333333333,0.0,986.8416666666667,24
2024-11-17,9.933333333333334,10.029166666666667,363.0416666666667,0.0,24.704166666666666,80.08333333333333,4.0125,149.875,1.0,987.9958333333334,24
2024-11-18,9.625,9.775,396.625,0.0,24.849999999999998,82.91666666666667,3.3833333333333333,154.875,5.699999999999999,989.9125,24
2024-11-19,12.766666666666666,12.954166666666666,329.2083333333333,0.0,24.258333333333336,80.58333333333333,2.5166666666666666,148.83333333333334,0.5,990.8666666666667,24
2024-11-20,13.345833333333333,13.504166666666668,348.4166666666667,0.0,23.383333333333336,85.70833333333333,3.295833333333333,119.29166666666667,1.0,990.475,24
2024-11-21,12.079166666666666,12.137500000000001,375.9166666666667,0.0,23.616666666666664,81.0,2.3375,129.0,0.0,990.1625,24
2024-11-22,13.904166666666667,13.945833333333333,393.5833333333333,0.0,22.95,82.5,2.4208333333333334,160.0,0.1,990.3249999999999,24
2024-11-23,9.779166666666667,9.862499999999999,380.5416666666667,0.0,23.583333333333332,82.58333333333333,2.3249999999999997,114.33333333333333,0.0,990.85,24
2024-11-24,9.799999999999999,9.875,390.0,0.0,23.770833333333332,82.66666666666667,2.2125,106.41666666666667,0.0,990.5458333333332,24
2024-11-25,12.491666666666667,12.666666666666666,420.7916666666667,0.0,24.083333333333332,82.625,2.158333333333333,142.625,0.0,990.0375,24
2024-11-26,13.566666666666668,13.904166666666667,328.5416666666667,0.0,24.27916666666667,83.83333333333333,2.7875,149.58333333333334,0.2,989.9833333333332,24
2024-11-27,8.6625,8.833333333333334,375.0,0.0,24.65833333333333,77.16666666666667,4.683333333333334,113.875,0.2,990.5375,24
2024-11-28,11.9625,12.045833333333334,417.9583333333333,0.0,23.895833333333332,71.83333333333333,4.441666666666666,157.20833333333334,0.1,992.4375,24
2024-11-29,18.8875,19.008333333333333,379.0833333333333,0.0,22.929166666666664,67.375,4.629166666666666,119.70833333333333,0.0,992.9,24
2024-11-30,13.9625,14.0625,439.2916666666667,0.0,22.504166666666666,75.08333333333333,1.9541666666666666,182.41666666666666,0.0,990.2291666666666,24
2024-12-01,10.108333333333333,10.304166666666667,432.125,0.375,22.7,76.04166666666667,1.7541666666666667,140.16666666666666,0.0,987.8458333333333,24
2024-12-02,11.970833333333333,12.270833333333334,385.125,0.4166666666666667,23.579166666666666,77.16666666666667,2.1083333333333334,171.79166666666666,0.0,987.5166666666668,24
2024-12-03,13.4625,13.716666666666667,462.0,0.0,24.633333333333336,78.91666666666667,1.375,188.79166666666666,0.0,987.9208333333332,24
2024-12-04,9.9,10.016666666666667,411.4583333333333,0.0,24.858333333333334,78.91666666666667,2.0416666666666665,133.33333333333334,0.0,987.775,24
2024-12-05,9.612499999999999,9.762500000000001,392.5416666666667,0.0,24.945833333333336,78.91666666666667,3.85,161.16666666666666,0.0,987.7041666666668,24
2024-12-06,9.191666666666666,9.325000000000001,371.9166666666667,0.0,24.945833333333336,76.54166666666667,5.054166666666666,151.875,0.2,987.4375,24
2024-12-07,8.983333333333333,9.1625,342.2083333333333,0.0,24.15416666666667,77.375,3.5083333333333333,143.91666666666666,0.1,988.8708333333334,24
2024-12-08,7.7124999999999995,7.8,397.1666666666667,0.0,23.920833333333334,77.29166666666667,4.1000000000000005,155.75,0.0,990.0958333333333,24
2024-12-09,11.283333333333333,11.325000000000001,601.5,0.0,23.416666666666668,76.625,2.25,159.125,0.0,989.6750000000001,24
2024-12-10,7.283333333333334,7.3125,527.5416666666666,0.0,23.583333333333332,78.25,1.9000000000000001,159.41666666666666,0.0,988.1583333333333,24
2024-12-11,9.833333333333334,9.9625,390.25,0.0,23.958333333333332,75.91666666666667,3.1166666666666667,164.33333333333334,0.0,987.7958333333332,24
2024-12-12,7.45,7.6125,466.9583333333333,0.0,23.645833333333332,79.70833333333333,2.095833333333333,165.41666666666666,0.0,988.1625,24
2024-12-13,9.0375,9.075000000000001,416.125,0.0,24.45,78.95833333333333,3.2708333333333335,130.75,0.4,989.2458333333334,24
2024-12-14,16.5,16.508333333333333,545.875,0.0,23.329166666666666,80.58333333333333,4.266666666666667,198.20833333333334,3.1999999999999997,991.8833333333333,24
2024-12-15,15.583333333333334,15.625,423.2916666666667,0.0,20.5625,83.125,6.504166666666666,204.91666666666666,1.5999999999999999,994.5041666666666,24
2024-12-16,13.091666666666667,13.129166666666668,399.1666666666667,0.0,20.75,75.58333333333333,5.7625,79.20833333333333,0.0,994.3291666666668,24
2024-12-17,12.741666666666667,12.783333333333333,378.0833333333333,0.0,21.158333333333335,79.29166666666667,3.6374999999999997,179.79166666666666,0.0,992.1458333333334,24
2024-12-18,10.683333333333332,10.729166666666666,391.0833333333333,0.0,21.0625,78.79166666666667,3.1333333333333333,118.16666666666667,0.0,991.6999999999999,24
2024-12-19,18.204166666666666,18.25,514.375,0.0,21.029166666666665,74.20833333333333,2.129166666666667,176.79166666666666,0.0,992.4166666666666,24
2024-12-20,14.008333333333333,14.0875,449.2083333333333,0.0,20.3875,73.33333333333333,2.779166666666667,147.08333333333334,0.0,991.1833333333334,24
2024-12-21,13.354166666666666,13.475,436.5833333333333,0.0,19.666666666666668,76.58333333333333,2.966666666666667,125.79166666666667,0.0,991.2624999999999,24
2024-12-22,19.566666666666666,19.733333333333334,487.75,0.0,20.075,74.875,3.6291666666666664,169.20833333333334,0.0,991.6833333333334,24
2024-12-23,19.04583333333333,19.120833333333334,503.875,0.0,20.041666666666668,75.875,2.8375,187.83333333333334,0.0,991.1666666666666,24
2024-12-24,17.991666666666667,18.108333333333334,476.4166666666667,0.0,20.095833333333335,77.29166666666667,2.4,179.45833333333334,0.0,991.8708333333334,24
2024-12-25,18.979166666666668,19.083333333333332,445.25,0.0,19.904166666666665,77.66666666666667,2.8166666666666664,149.29166666666666,0.0,992.8249999999999,24
2024-12-26,20.858333333333334,21.037499999999998,422.75,0.0,20.354166666666668,76.33333333333333,3.5208333333333335,163.83333333333334,0.0,993.5708333333333,24
2024-12-27,10.9125,10.979166666666666,343.0416666666667,0.0,21.433333333333334,77.08333333333333,2.7416666666666667,138.79166666666666,0.0,993.6999999999999,24
2024-12-28,8.691666666666666,8.733333333333333,314.9166666666667,0.0,21.916666666666668,80.04166666666667,3.6333333333333333,163.33333333333334,0.0,994.2875,24
2024-12-29,13.120833333333332,13.158333333333333,502.6666666666667,0.0,21.279166666666665,78.79166666666667,1.6125,130.83333333333334,0.0,993.225,24
2024-12-30,11.433333333333332,11.4375,512.625,0.0,20.595833333333335,79.08333333333333,2.2375000000000003,133.29166666666666,0.0,992.1875,24
2024-12-31,14.116666666666667,14.216666666666667,488.5,0.0,20.720833333333335,77.33333333333333,3.1458333333333335,156.33333333333334,0.0,991.975,24
2025-01-01,12.591666666666667,13.058333333333332,528.8333333333334,0.8333333333333334,20.495833333333334,77.375,2.0166666666666666,158.0,0.0,990.4833333333332,24
2025-01-02,12.816666666666668,14.200000000000001,490.6666666666667,2.5416666666666665,20.970833333333335,77.29166666666667,1.4708333333333332,119.08333333333333,0.0,990.2666666666668,24
2025-01-03,12.183333333333332,12.975,433.75,1.4166666666666667,20.804166666666667,78.5,2.3958333333333335,93.0,0.0,991.8166666666666,24
2025-01-04,16.8625,17.224999999999998,510.3333333333333,0.625,19.483333333333334,72.70833333333333,2.370833333333333,124.45833333333333,0.0,991.1833333333334,24
2025-01-05,23.895833333333332,24.383333333333336,551.3333333333334,0.7916666666666666,19.429166666666667,74.95833333333333,2.0833333333333335,152.33333333333334,0.0,992.9916666666667,24
2025-01-06,20.229166666666668,20.533333333333335,512.0833333333334,0.625,19.0,73.41666666666667,2.4166666666666665,139.25,0.0,991.2916666666666,24
2025-01-07,22.420833333333334,22.704166666666666,483.0833333333333,0.5,18.533333333333335,75.16666666666667,2.0875,115.5,0.0,990.4,24
2025-01-08,23.258333333333336,23.5,490.3333333333333,0.0,19.570833333333333,75.5,2.4375,91.41666666666667,0.0,990.2833333333333,24
2025-01-09,17.962500000000002,18.2375,491.7916666666667,0.20833333333333334,21.05,73.08333333333333,2.4833333333333334,135.25,0.0,992.0166666666668,24
2025-01-10,18.441666666666666,18.849999999999998,435.2916666666667,0.5,21.291666666666668,71.54166666666667,4.329166666666667,158.625,0.0,994.8458333333333,24
2025-01-11,19.787499999999998,20.1125,529.9583333333334,0.4166666666666667,19.833333333333332,67.20833333333333,4.8500000000000005,163.20833333333334,0.0,997.1666666666666,24
2025-01-12,14.391666666666666,14.525,510.5833333333333,0.0,17.4875,65.375,3.091666666666667,94.625,0.0,997.2291666666666,24
2025-01-13,13.733333333333334,13.854166666666666,478.3333333333333,0.0,16.404166666666665,73.125,2.795833333333333,115.58333333333333,0.0,993.7041666666668,24
2025-01-14,12.0375,12.0875,509.3333333333333,0.0,16.970833333333335,73.41666666666667,1.9875,148.125,0.0,993.5458333333332,24
2025-01-15,17.2375,17.287499999999998,343.875,0.0,18.354166666666668,72.79166666666667,3.404166666666667,101.0,0.0,994.2375000000001,24
2025-01-16,12.720833333333333,12.7875,326.0416666666667,0.0,19.133333333333333,72.45833333333333,3.3874999999999997,125.91666666666667,0.0,994.6416666666668,24
2025-01-17,21.75,21.791666666666668,496.875,0.0,19.366666666666667,72.95833333333333,3.0083333333333333,137.25,0.0,992.8791666666666,24
2025-01-18,17.958333333333332,17.9875,552.7083333333334,0.0,19.6125,73.95833333333333,2.0625,164.04166666666666,0.0,990.7166666666667,24
2025-01-19,14.875,14.9625,510.4166666666667,0.0,19.741666666666667,72.45833333333333,2.5,142.5,0.0,989.5,24
2025-01-20,19.170833333333334,19.304166666666667,527.2083333333334,0.0,20.016666666666666,73.25,2.216666666666667,135.04166666666666,0.0,988.0708333333333,24
2025-01-21,18.775000000000002,18.908333333333335,487.0,0.0,20.383333333333333,75.04166666666667,2.9875000000000003,139.41666666666666,0.0,988.0083333333333,24
2025-01-22,24.504166666666666,24.620833333333334,481.7083333333333,0.0,20.9875,72.625,2.0875,166.25,0.0,988.2833333333333,24
2025-01-23,23.3625,23.4375,457.2916666666667,0.0,21.183333333333334,70.25,1.3,131.83333333333334,0.0,988.4666666666667,24
2025-01-24,25.025000000000002,25.070833333333336,472.7083333333333,0.0,21.40833333333333,69.5,1.7541666666666667,136.375,0.0,986.8458333333333,24
2025-01-25,26.275000000000002,26.316666666666666,466.5416666666667,0.0,22.179166666666664,68.16666666666667,1.6541666666666666,212.625,0.0,986.5749999999999,24
2025-01-26,23.270833333333332,23.333333333333332,401.2083333333333,0.0,22.333333333333332,66.0,4.791666666666667,145.29166666666666,0.0,987.9250000000001,24
2025-01-27,30.820833333333336,31.070833333333336,507.9583333333333,0.041666666666666664,19.608333333333334,59.583333333333336,6.170833333333333,156.58333333333334,0.0,991.3249999999999,24
2025-01-28,24.745833333333334,25.3,472.2083333333333,0.9166666666666666,18.570833333333333,68.20833333333333,4.3999999999999995,187.625,0.0,993.0625,24
2025-01-29,22.258333333333336,22.90833333333333,530.9583333333334,0.875,20.029166666666665,63.458333333333336,3.658333333333333,181.33333333333334,0.0,993.5916666666667,24
2025-01-30,23.645833333333332,24.0125,506.625,0.16666666666666666,20.308333333333334,68.375,3.216666666666667,170.45833333333334,0.0,989.7624999999999,24
2025-01-31,25.625,26.087500000000002,534.5,0.6666666666666666,21.825,68.625,2.6791666666666667,146.33333333333334,0.0,987.8333333333334,24
2025-02-01,21.670833333333334,22.145833333333332,561.7916666666666,0.7916666666666666,22.729166666666668,68.75,1.4541666666666666,209.16666666666666,0.0,986.5833333333334,24
2025-02-02,18.625,18.845833333333335,449.25,0.0,22.420833333333334,69.20833333333333,1.7958333333333334,195.75,0.0,986.1791666666667,24
2025-02-03,17.504166666666666,17.6875,441.4583333333333,0.0,23.004166666666666,65.70833333333333,3.029166666666667,180.33333333333334,0.0,987.2333333333332,24
2025-02-04,14.741666666666667,14.816666666666668,508.1666666666667,0.0,22.599999999999998,62.708333333333336,5.8,169.125,0.0,989.7208333333333,24
2025-02-05,20.26666666666667,20.404166666666665,561.3333333333334,0.0,22.59166666666667,65.33333333333333,4.125,183.91666666666666,0.0,988.0916666666667,24
2025-02-06,23.52916666666667,23.695833333333336,540.875,0.0,23.604166666666668,67.45833333333333,2.2083333333333335,164.83333333333334,0.0,987.2166666666667,24
2025-02-07,30.925,31.175,491.875,0.0,24.395833333333332,65.16666666666667,3.5666666666666664,167.45833333333334,0.0,988.4541666666668,24
2025-02-08,17.733333333333334,17.854166666666668,520.75,0.0,23.912499999999998,62.0,5.966666666666666,187.91666666666666,0.0,990.2666666666668,24
2025-02-09,15.5625,15.616666666666667,527.8333333333334,0.0,21.945833333333336,59.166666666666664,6.216666666666666,195.75,0.0,991.3083333333334,24
2025-02-10,14.083333333333334,14.141666666666666,559.3333333333334,0.0,22.02916666666667,62.125,2.9875000000000003,164.20833333333334,0.0,990.7708333333334,24
2025-02-11,16.891666666666666,17.016666666666666,557.3333333333334,0.0,22.391666666666666,65.875,2.6416666666666666,151.29166666666666,0.0,989.6583333333333,24
2025-02-12,18.941666666666666,19.079166666666666,457.3333333333333,0.0,23.304166666666664,61.958333333333336,3.3041666666666667,173.875,0.0,988.8916666666668,24
2025-02-13,18.504166666666666,18.650000000000002,436.3333333333333,0.0,23.941666666666666,59.666666666666664,3.275,135.79166666666666,0.0,988.3625000000001,24
2025-02-14,21.666666666666668,21.804166666666664,429.4166666666667,0.041666666666666664,24.483333333333334,55.666666666666664,4.2,185.20833333333334,0.0,987.5458333333332,24
2025-02-15,25.929166666666664,26.90833333333333,461.7083333333333,1.7916666666666667,24.4875,49.666666666666664,3.454166666666667,194.0,0.0,986.5,24
2025-02-16,24.75,26.650000000000002,432.5833333333333,3.4583333333333335,23.766666666666666,53.041666666666664,2.9125,178.91666666666666,0.0,987.0124999999999,24
2025-02-17,29.3125,30.183333333333334,493.2083333333333,1.125,24.916666666666668,58.25,2.7708333333333335,249.625,0.0,988.9625,24
2025-02-18,28.370833333333334,29.0125,458.6666666666667,0.8333333333333334,24.241666666666664,69.95833333333333,5.083333333333333,145.33333333333334,1.3,989.9833333333332,24
2025-02-19,34.166666666666664,35.15833333333333,501.25,1.2083333333333333,23.729166666666668,77.5,3.7375000000000003,207.54166666666666,10.9,990.225,24
2025-02-20,35.65416666666667,37.170833333333334,535.375,2.1666666666666665,24.349999999999998,74.08333333333333,2.9375,165.29166666666666,0.1,990.4208333333332,24
2025-02-21,28.03333333333333,29.433333333333334,491.75,1.9583333333333333,23.787499999999998,79.58333333333333,4.145833333333333,175.95833333333334,0.6,990.8583333333332,24
2025-02-22,21.933333333333334,23.108333333333334,430.5416666666667,1.7916666666666667,24.320833333333336,75.20833333333333,2.475,138.75,0.0,991.2083333333334,24
2025-02-23,17.245833333333334,18.120833333333334,366.625,1.0416666666666667,25.429166666666664,68.20833333333333,4.325,108.41666666666667,0.4,992.4041666666667,24
2025-02-24,10.825000000000001,11.012500000000001,383.9583333333333,0.125,24.916666666666668,60.166666666666664,7.875,151.33333333333334,0.0,994.4291666666667,24
2025-02-25,12.858333333333334,12.920833333333334,361.875,0.0,21.90833333333333,74.0,5.583333333333333,189.20833333333334,2.1,995.9166666666666,24
2025-02-26,14.229166666666666,14.366666666666667,435.25,0.0,22.879166666666666,75.95833333333333,2.1625,149.625,0.0,994.1166666666667,24
2025-02-27,8.283333333333333,8.704166666666667,484.4583333333333,0.8333333333333334,24.620833333333334,69.0,2.254166666666667,130.08333333333334,0.0,990.725,24
2025-02-28,15.6875,16.845833333333335,403.2083333333333,1.8333333333333333,26.712500000000002,58.875,2.875,145.33333333333334,0.3,988.5166666666668,24
2025-03-01,18.779166666666665,19.458333333333332,396.625,1.1666666666666667,27.474999999999998,56.166666666666664,3.1125000000000003,211.91666666666666,0.0,986.5,24
2025-03-02,20.125,21.004166666666666,438.2916666666667,1.625,27.175,58.208333333333336,2.375,195.95833333333334,0.0,984.8291666666668,24
2025-03-03,23.941666666666666,25.525000000000002,409.2916666666667,3.1666666666666665,26.65416666666667,53.583333333333336,2.4250000000000003,225.29166666666666,0.0,984.3541666666666,24
2025-03-04,32.125,35.050000000000004,412.4166666666667,5.625,25.958333333333332,57.833333333333336,2.5083333333333333,220.91666666666666,0.0,983.8666666666667,24
2025-03-05,32.425000000000004,35.454166666666666,448.4166666666667,5.791666666666667,25.900000000000002,50.875,4.266666666666667,234.66666666666666,0.0,983.725,24
2025-03-06,25.483333333333334,27.8875,437.5416666666667,4.541666666666667,25.641666666666666,55.208333333333336,3.7083333333333335,171.16666666666666,0.0,985.3708333333334,24
2025-03-07,38.32083333333333,39.15416666666667,512.75,1.1666666666666667,25.175,62.625,8.016666666666667,161.375,0.1,987.8666666666667,24
2025-03-08,34.204166666666666,35.112500000000004,508.125,1.7916666666666667,23.875,67.75,7.2875000000000005,178.625,0.0,989.5708333333333,24
2025-03-09,26.170833333333334,26.895833333333332,571.4166666666666,1.2916666666666667,24.245833333333334,71.58333333333333,2.8166666666666664,165.66666666666666,0.0,990.75,24
2025-03-10,18.208333333333332,18.833333333333332,546.1666666666666,1.0416666666666667,25.733333333333334,69.79166666666667,2.5875,149.58333333333334,0.0,990.5124999999999,24
2025-03-11,21.0125,22.212500000000002,530.7083333333334,2.1666666666666665,26.979166666666668,66.83333333333333,2.983333333333333,124.45833333333333,0.0,987.9916666666667,24
2025-03-12,28.129166666666666,30.474999999999998,410.625,4.458333333333333,27.583333333333332,61.75,4.391666666666667,209.95833333333334,0.0,985.4416666666666,24
2025-03-13,24.45,25.90416666666667,408.4166666666667,2.625,27.704166666666666,61.333333333333336,6.4375,173.91666666666666,0.0,985.4708333333333,24
2025-03-14,23.495833333333334,25.90833333333333,349.4583333333333,4.583333333333333,28.633333333333336,55.625,6.616666666666667,174.04166666666666,0.0,986.7166666666667,24
2025-03-15,27.825,31.09583333333333,473.25,6.166666666666667,28.108333333333334,53.583333333333336,3.220833333333333,195.95833333333334,0.0,987.0166666666668,24
2025-03-16,34.233333333333334,37.93333333333333,427.0416666666667,7.375,28.175,55.0,4.279166666666667,178.08333333333334,0.0,986.2624999999999,24
2025-03-17,41.012499999999996,42.1875,495.8333333333333,2.0416666666666665,27.0625,63.125,8.045833333333333,173.75,0.0,987.625,24
2025-03-18,37.57083333333333,38.608333333333334,468.25,1.6666666666666667,26.004166666666666,62.25,7.716666666666666,161.33333333333334,0.0,989.7958333333332,24
2025-03-19,79.7375,84.075,504.2083333333333,7.875,22.545833333333334,65.29166666666667,6.358333333333333,147.375,9.9,994.6750000000001,24
2025-03-20,80.75416666666666,84.06666666666666,550.375,6.333333333333333,22.804166666666664,61.291666666666664,6.0375000000000005,90.25,0.0,995.0333333333333,24
2025-03-21,60.65416666666667,65.70416666666667,566.7083333333334,9.666666666666666,23.6375,66.54166666666667,3.4583333333333335,183.41666666666666,0.0,993.8666666666667,24
2025-03-22,66.49583333333334,71.30416666666666,651.1666666666666,9.208333333333334,24.55,63.916666666666664,3.4291666666666667,148.0,0.0,991.7166666666667,24
2025-03-23,66.16666666666667,69.66666666666667,687.0416666666666,6.583333333333333,25.416666666666668,62.75,3.3208333333333333,140.125,0.0,989.9416666666666,24
2025-03-24,80.75416666666666,84.05416666666666,612.5833333333334,6.291666666666667,26.099999999999998,61.166666666666664,2.9333333333333336,172.625,0.0,987.0791666666668,24
2025-03-25,59.324999999999996,61.237500000000004,619.4166666666666,3.625,26.84166666666667,56.25,5.179166666666666,150.70833333333334,0.0,983.3166666666666,24
2025-03-26,38.44166666666667,40.02916666666667,620.4583333333334,2.6666666666666665,27.545833333333334,51.958333333333336,5.433333333333334,182.375,0.0,981.6374999999999,24
2025-03-27,33.920833333333334,36.15833333333333,506.0,4.166666666666667,27.46666666666667,47.833333333333336,6.4750000000000005,210.58333333333334,0.0,980.7375000000001,24
2025-03-28,33.94166666666667,37.75833333333333,539.5416666666666,7.333333333333333,27.34583333333333,50.541666666666664,3.908333333333333,211.0,0.0,982.0958333333333,24
2025-03-29,46.15833333333333,49.979166666666664,560.1666666666666,6.958333333333333,27.733333333333334,52.583333333333336,3.0666666666666664,222.375,0.0,984.025,24
2025-03-30,41.666666666666664,42.045833333333334,545.4583333333334,0.375,28.129166666666666,57.666666666666664,7.916666666666667,181.33333333333334,0.0,987.2791666666667,24
2025-03-31,42.84166666666667,43.25416666666666,511.0833333333333,0.4583333333333333,27.516666666666666,64.0,9.0875,193.54166666666666,0.0,987.8083333333334,24
2025-04-01,46.6625,46.99166666666667,479.2083333333333,0.20833333333333334,27.425,64.5,8.095833333333333,164.83333333333334,0.0,987.5416666666666,24
2025-04-02,50.05416666666667,50.40833333333333,504.625,0.625,27.5625,59.375,5.166666666666667,185.25,0.0,988.4083333333333,24
2025-04-03,56.725,58.199999999999996,531.6666666666666,2.7083333333333335,28.1375,57.833333333333336,4.454166666666667,181.16666666666666,0.0,988.8000000000001,24
2025-04-04,51.57083333333333,52.53333333333333,562.4583333333334,1.5,28.900000000000002,58.875,4.2875,189.54166666666666,0.0,986.9125,24
2025-04-05,42.416666666666664,42.854166666666664,568.1666666666666,0.625,28.191666666666666,67.08333333333333,5.908333333333334,164.0,1.6,986.2291666666666,24
2025-04-06,30.52916666666667,30.620833333333334,582.375,0.0,25.974999999999998,82.33333333333333,5.4375,150.79166666666666,15.0,987.2041666666668,24
2025-04-07,20.670833333333334,20.858333333333334,566.0,0.0,25.179166666666664,83.25,4.554166666666666,199.91666666666666,3.5,989.4666666666667,24
2025-04-08,19.520833333333332,19.695833333333333,484.625,0.0,27.0125,73.33333333333333,2.795833333333333,201.45833333333334,0.0,989.5333333333333,24
2025-04-09,24.908333333333335,25.304166666666664,459.9583333333333,0.20833333333333334,28.045833333333334,66.125,2.3583333333333334,192.95833333333334,0.1,986.5833333333334,24
2025-04-10,42.725,43.4375,441.2916666666667,0.375,28.229166666666668,62.875,6.179166666666667,197.91666666666666,0.1,984.5875,24
2025-04-11,35.24583333333333,35.733333333333334,462.3333333333333,0.08333333333333333,27.78333333333333,70.0,5.633333333333333,211.45833333333334,0.0,983.1916666666666,24
2025-04-12,17.099999999999998,17.400000000000002,335.0416666666667,0.0,27.787499999999998,72.33333333333333,7.383333333333333,163.66666666666666,2.4,985.0333333333333,24
2025-04-13,21.77916666666667,24.47083333333333,331.5,5.208333333333333,25.333333333333332,86.91666666666667,4.391666666666667,170.5,7.1000000000000005,987.625,24
2025-04-14,56.42083333333333,62.11666666666667,437.25,10.958333333333334,24.695833333333336,83.875,3.033333333333333,186.83333333333334,1.3,988.9833333333332,24
2025-04-15,32.395833333333336,35.12083333333333,515.5833333333334,5.333333333333333,26.833333333333332,76.375,3.1916666666666664,209.79166666666666,0.4,987.8000000000001,24
2025-04-16,13.704166666666666,13.820833333333333,510.3333333333333,0.0,27.712500000000002,73.125,4.433333333333334,181.29166666666666,2.0,985.9041666666667,24
2025-04-17,10.845833333333333,10.9,378.875,0.0,27.7,75.125,3.533333333333333,183.0,3.0,984.8458333333333,24
2025-04-18,12.1625,12.208333333333334,347.5,0.0,26.2375,82.29166666666667,5.3374999999999995,219.58333333333334,10.0,984.6374999999999,24
2025-04-19,19.408333333333335,19.891666666666666,312.4583333333333,0.5,27.3875,76.33333333333333,5.283333333333333,211.5,1.9,984.4041666666667,24
2025-04-20,14.670833333333334,15.145833333333334,357.875,0.5416666666666666,26.183333333333334,82.58333333333333,4.6625000000000005,203.125,6.8999999999999995,985.5166666666668,24
2025-04-21,16.504166666666666,17.008333333333333,342.6666666666667,0.8333333333333334,27.9875,77.70833333333333,3.7416666666666667,232.45833333333334,1.6,986.3791666666666,24
2025-04-22,12.945833333333333,14.225,300.0,2.375,29.400000000000002,68.75,6.658333333333334,195.25,0.8,985.6916666666666,24
2025-04-23,18.8,22.02916666666667,323.9166666666667,5.875,28.791666666666668,69.70833333333333,4.175,184.66666666666666,4.3999999999999995,984.5208333333334,24
2025-04-24,18.458333333333332,20.716666666666665,284.7083333333333,4.0,30.59583333333333,56.0,6.316666666666666,181.79166666666666,0.0,983.475,24
2025-04-25,30.78333333333333,37.7125,357.75,13.208333333333334,30.391666666666666,58.5,4.479166666666667,144.95833333333334,0.0,983.9916666666667,24
2025-04-26,26.825,28.625,402.3333333333333,2.7916666666666665,29.366666666666664,65.625,4.454166666666667,203.66666666666666,0.0,985.1999999999999,24
2025-04-27,20.283333333333335,21.458333333333332,341.1666666666667,1.75,28.7,67.875,5.6499999999999995,189.91666666666666,2.6,986.4791666666666,24
2025-04-28,15.208333333333334,15.695833333333333,349.3333333333333,0.7916666666666666,27.758333333333336,72.66666666666667,5.683333333333334,195.58333333333334,0.4,986.275,24
2025-04-29,14.450000000000001,14.733333333333334,425.875,0.5,25.837500000000002,82.08333333333333,3.4125,201.95833333333334,5.3,987.6625,24
2025-04-30,22.304166666666664,22.59166666666667,482.5416666666667,0.375,26.712500000000002,79.54166666666667,3.775,224.33333333333334,1.5,987.1708333333332,24
2025-05-01,21.8125,21.983333333333334,416.75,0.0,26.1125,77.16666666666667,6.1625000000000005,213.41666666666666,0.6000000000000001,988.4375,24
2025-05-02,14.5375,14.65,367.7916666666667,0.0,27.008333333333336,77.29166666666667,4.304166666666666,227.25,1.3,986.6999999999999,24
2025-05-03,16.958333333333332,17.0625,364.5833333333333,0.0,27.175,78.58333333333333,3.345833333333333,212.66666666666666,1.1,985.2875,24
2025-05-04,18.6,19.087500000000002,332.625,0.5,27.354166666666668,78.54166666666667,4.445833333333334,183.625,2.4,984.2666666666668,24
2025-05-05,16.04583333333333,17.037499999999998,277.7916666666667,1.2916666666666667,28.90416666666667,69.83333333333333,3.625,220.08333333333334,0.1,983.4041666666667,24
2025-05-06,13.520833333333334,15.083333333333334,272.1666666666667,2.7083333333333335,29.541666666666668,68.79166666666667,3.7375000000000003,186.54166666666666,0.2,983.1625,24
2025-05-07,15.604166666666666,16.183333333333334,279.2916666666667,0.7083333333333334,28.833333333333332,74.91666666666667,6.166666666666667,182.66666666666666,7.3,982.725,24
2025-05-08,15.216666666666667,15.558333333333332,471.2916666666667,0.4166666666666667,27.825,79.83333333333333,3.7583333333333333,249.95833333333334,1.9,983.225,24
2025-05-09,13.825000000000001,14.475,658.5,1.0416666666666667,28.429166666666664,75.0,5.004166666666666,210.04166666666666,0.1,983.3958333333334,24
2025-05-10,23.366666666666664,24.650000000000002,321.1666666666667,2.2083333333333335,29.25,68.33333333333333,6.079166666666667,187.625,0.0,983.5916666666667,24
2025-05-11,16.479166666666668,17.966666666666665,335.5,2.8333333333333335,26.6875,82.54166666666667,4.395833333333333,186.375,5.0,984.0291666666667,24
2025-05-12,20.787499999999998,21.4375,378.375,1.375,26.558333333333334,78.45833333333333,2.8958333333333335,127.25,1.1,984.5708333333333,24
2025-05-13,28.733333333333334,29.570833333333336,405.375,1.5,26.90416666666667,78.875,4.470833333333333,178.08333333333334,1.5,985.0041666666666,24
2025-05-14,15.1625,15.4375,385.5416666666667,0.4166666666666667,26.462500000000002,85.95833333333333,3.4625,186.83333333333334,18.1,986.3458333333333,24
2025-05-15,8.983333333333333,9.0375,301.2916666666667,0.0,26.27916666666667,85.875,3.591666666666667,204.25,4.5,986.9291666666667,24
2025-05-16,15.708333333333334,15.929166666666667,343.9583333333333,0.0,25.55,90.25,2.733333333333333,249.95833333333334,3.4,986.9166666666666,24
2025-05-17,11.7125,11.891666666666666,395.4583333333333,0.0,26.608333333333334,86.66666666666667,2.858333333333333,193.875,7.7,986.3874999999999,24
2025-05-18,8.733333333333333,8.8125,361.5,0.0,26.875,82.16666666666667,2.5500000000000003,173.0,8.4,986.0875,24
2025-05-19,12.429166666666667,12.4625,316.0416666666667,0.0,27.575,81.66666666666667,3.6833333333333336,185.25,5.3,984.6833333333334,24
2025-05-20,12.987499999999999,13.158333333333333,256.625,0.25,27.808333333333334,81.375,5.020833333333333,177.875,3.3,984.0166666666668,24
2025-05-21,11.262500000000001,11.341666666666667,261.9166666666667,0.0,27.233333333333334,82.58333333333333,5.0125,177.08333333333334,24.7,984.6625,24
2025-05-22,16.870833333333334,17.041666666666668,236.29166666666666,0.25,27.287499999999998,83.875,4.783333333333333,163.375,4.4,982.9625,24
2025-05-23,14.783333333333333,14.983333333333334,243.91666666666666,0.0,28.254166666666666,78.375,5.954166666666667,214.33333333333334,10.700000000000001,981.3666666666667,24
2025-05-24,7.2375,7.2625,264.4583333333333,0.0,26.6125,87.41666666666667,2.725,206.70833333333334,12.7,983.4291666666667,24
2025-05-25,8.054166666666667,8.1,268.2916666666667,0.0,26.816666666666666,84.29166666666667,5.1499999999999995,123.08333333333333,6.3999999999999995,985.4125,24
2025-05-26,8.045833333333333,8.0875,286.0,0.0,26.879166666666666,75.75,9.012500000000001,148.54166666666666,9.7,985.8249999999999,24
2025-05-27,9.441666666666666,9.508333333333333,229.91666666666666,0.0,26.179166666666664,83.5,7.183333333333334,187.70833333333334,11.2,984.625,24
2025-05-28,10.583333333333334,11.191666666666668,211.66666666666666,0.625,26.65416666666667,82.875,6.3374999999999995,163.875,10.5,983.5791666666668,24
2025-05-29,14.008333333333333,15.870833333333332,270.5833333333333,2.4583333333333335,27.308333333333334,80.875,7.158333333333334,184.83333333333334,5.7,983.7708333333334,24
2025-05-30,10.604166666666666,12.891666666666666,242.33333333333334,3.0833333333333335,26.72083333333333,85.58333333333333,6.5125,168.625,5.9,984.7125,24
2025-05-31,8.304166666666667,9.545833333333333,205.5,1.7916666666666667,25.95,90.54166666666667,7.762499999999999,171.75,15.299999999999999,985.2541666666666,24
2025-06-01,8.395833333333334,9.575000000000001,182.08333333333334,1.7083333333333333,26.829166666666666,84.79166666666667,10.116666666666667,182.875,2.6,984.0625,24
2025-06-02,9.620833333333334,10.529166666666667,178.04166666666666,1.4583333333333333,27.745833333333334,78.54166666666667,9.895833333333334,186.875,1.1,982.9875000000001,24
2025-06-03,12.291666666666666,16.708333333333332,210.75,7.916666666666667,26.770833333333332,82.41666666666667,7.716666666666666,168.29166666666666,9.4,982.9541666666668,24
2025-06-04,24.837500000000002,38.270833333333336,268.8333333333333,25.583333333333332,27.40416666666667,81.66666666666667,4.845833333333333,175.875,1.9,983.5958333333333,24
2025-06-05,20.041666666666668,26.495833333333334,281.2916666666667,12.416666666666666,27.579166666666666,83.5,4.029166666666667,187.83333333333334,1.1,984.0749999999999,24
2025-06-06,19.879166666666666,23.204166666666666,298.0,6.125,28.349999999999998,81.91666666666667,3.35,190.375,0.7000000000000001,983.6416666666668,24
2025-06-07,16.854166666666668,18.608333333333334,254.20833333333334,3.2083333333333335,28.895833333333332,77.66666666666667,3.4250000000000003,173.04166666666666,5.0,982.7791666666667,24
2025-06-08,9.975,10.933333333333332,247.375,1.7083333333333333,28.40833333333333,80.25,3.8874999999999997,180.125,8.2,982.0791666666668,24
2025-06-09,9.0875,9.708333333333334,264.6666666666667,1.1666666666666667,28.1125,80.0,5.058333333333334,169.33333333333334,2.4,981.5583333333334,24
2025-06-10,9.004166666666666,9.479166666666666,197.16666666666666,0.75,27.141666666666666,84.83333333333333,3.3041666666666667,228.54166666666666,11.4,981.7083333333334,24
2025-06-11,5.979166666666667,6.066666666666666,210.08333333333334,0.0,25.712500000000002,90.33333333333333,4.1375,200.20833333333334,19.1,982.1416666666668,24
2025-06-12,8.841666666666667,8.950000000000001,238.875,0.0,26.97083333333333,86.20833333333333,2.75,206.54166666666666,2.5,981.3666666666667,24
2025-06-13,14.404166666666667,14.7125,241.08333333333334,0.3333333333333333,27.254166666666666,85.45833333333333,5.3500000000000005,201.91666666666666,9.0,981.6791666666667,24
2025-06-14,6.554166666666667,6.758333333333333,181.5,0.25,26.337500000000002,87.875,8.2125,166.125,13.1,982.6,24
2025-06-15,7.133333333333333,7.516666666666667,179.91666666666666,0.5833333333333334,26.745833333333334,84.33333333333333,8.304166666666667,166.95833333333334,12.6,982.8791666666666,24
2025-06-16,6.683333333333334,6.908333333333334,179.45833333333334,0.0,26.583333333333332,87.375,6.141666666666667,144.54166666666666,13.700000000000001,983.9291666666667,24
2025-06-17,7.808333333333334,8.095833333333333,211.70833333333334,0.0,27.008333333333336,85.20833333333333,5.608333333333333,151.95833333333334,9.1,984.7166666666667,24
2025-06-18,7.154166666666666,7.554166666666667,197.41666666666666,0.4166666666666667,27.583333333333332,81.5,5.55,166.20833333333334,1.4,984.1083333333332,24
2025-06-19,8.883333333333333,12.129166666666668,212.45833333333334,6.0,27.099999999999998,83.08333333333333,5.8374999999999995,175.83333333333334,4.9,984.0083333333333,24
2025-06-20,10.9,13.875,206.70833333333334,5.583333333333333,26.97083333333333,85.0,6.120833333333334,170.16666666666666,0.5,983.225,24
2025-06-21,11.9125,15.4375,202.125,6.875,26.941666666666666,87.95833333333333,3.7624999999999997,109.5,8.0,982.4125,24
2025-06-22,8.570833333333333,10.104166666666666,216.66666666666666,2.7916666666666665,26.02916666666667,89.58333333333333,4.904166666666667,127.91666666666667,30.1,983.1708333333332,24
2025-06-23,8.887500000000001,9.8,203.25,1.7916666666666667,26.037499999999998,87.33333333333333,5.054166666666666,170.45833333333334,8.200000000000001,982.7541666666666,24
2025-06-24,12.145833333333334,13.137500000000001,214.83333333333334,1.3333333333333333,27.15833333333333,81.41666666666667,4.929166666666666,197.70833333333334,0.8,982.7041666666668,24
2025-06-25,12.700000000000001,15.354166666666666,190.16666666666666,4.708333333333333,27.504166666666666,81.25,3.845833333333333,174.25,1.4,983.7416666666667,24
2025-06-26,14.65,17.1125,202.58333333333334,4.375,26.866666666666664,84.83333333333333,4.270833333333333,176.41666666666666,20.900000000000002,983.5749999999999,24
2025-06-27,9.299999999999999,10.170833333333333,195.54166666666666,1.625,24.883333333333336,94.79166666666667,6.445833333333333,155.58333333333334,19.8,982.7916666666666,24
2025-06-28,6.745833333333334,7.529166666666666,191.375,1.5,24.9875,91.0,7.154166666666666,156.5,20.4,981.9833333333332,24
2025-06-29,9.533333333333333,11.004166666666668,206.70833333333334,2.875,25.891666666666666,85.91666666666667,9.533333333333333,182.16666666666666,1.6,981.0124999999999,24
2025-06-30,7.358333333333333,8.35,198.54166666666666,1.8333333333333333,26.087500000000002,86.875,7.2875000000000005,173.375,5.0,981.1958333333333,24
2025-07-01,11.125,15.570833333333333,210.04166666666666,8.125,25.633333333333336,89.70833333333333,6.2875000000000005,155.04166666666666,7.5,982.2416666666667,24
2025-07-02,9.0625,11.004166666666668,221.79166666666666,3.5833333333333335,24.84583333333333,93.45833333333333,4.175,154.875,24.9,983.4625,24
2025-07-03,10.204166666666667,12.700000000000001,229.875,4.5,25.537499999999998,88.375,5.0125,151.41666666666666,16.3,984.2791666666667,24
2025-07-04,14.795833333333334,18.841666666666665,253.29166666666666,7.458333333333333,25.825,89.625,2.8874999999999997,195.29166666666666,13.899999999999999,983.8541666666666,24
2025-07-05,17.275000000000002,21.2625,228.04166666666666,7.291666666666667,26.145833333333332,89.41666666666667,3.0875,186.875,14.1,982.3791666666666,24
2025-07-06,11.845833333333333,14.2125,210.79166666666666,4.25,25.787499999999998,88.0,5.666666666666667,171.58333333333334,9.2,982.2833333333333,24
2025-07-07,10.799999999999999,12.354166666666666,202.41666666666666,2.625,26.416666666666668,85.125,5.883333333333333,181.75,7.6000000000000005,982.6708333333332,24
2025-07-08,9.516666666666667,12.620833333333332,197.875,5.583333333333333,26.7,86.08333333333333,6.6125,176.79166666666666,9.6,982.8625000000001,24
2025-07-09,10.475,14.708333333333334,209.08333333333334,7.666666666666667,26.204166666666666,89.45833333333333,4.541666666666667,150.625,12.0,982.9833333333332,24
2025-07-10,11.545833333333334,19.958333333333332,209.79166666666666,15.75,26.662499999999998,86.125,5.933333333333334,184.08333333333334,14.4,980.4625,24
2025-07-11,8.533333333333333,12.404166666666667,210.08333333333334,7.5,24.854166666666668,96.25,3.8208333333333333,130.20833333333334,44.3,978.6333333333333,24
2025-07-12,7.016666666666667,8.108333333333333,252.75,2.0416666666666665,25.337500000000002,91.95833333333333,3.3833333333333333,173.33333333333334,17.8,980.9416666666666,24
2025-07-13,10.454166666666667,12.591666666666667,332.7083333333333,3.9583333333333335,26.295833333333334,89.91666666666667,3.316666666666667,200.41666666666666,10.1,982.8916666666668,24
2025-07-14,13.920833333333334,17.412499999999998,258.1666666666667,6.333333333333333,27.020833333333332,86.79166666666667,4.241666666666666,207.125,9.9,982.8041666666667,24
2025-07-15,10.870833333333332,12.416666666666666,253.16666666666666,2.8333333333333335,25.84583333333333,92.70833333333333,2.908333333333333,156.16666666666666,29.599999999999998,981.7875,24
2025-07-16,9.420833333333333,10.475,241.91666666666666,1.7916666666666667,24.96666666666667,95.16666666666667,5.845833333333334,158.875,24.400000000000002,982.2541666666666,24
2025-07-17,8.345833333333333,8.995833333333334,237.66666666666666,1.125,24.583333333333332,96.33333333333333,4.345833333333333,135.41666666666666,27.8,983.1791666666667,24
2025-07-18,9.304166666666667,9.658333333333333,203.95833333333334,0.4583333333333333,26.204166666666666,85.625,6.5249999999999995,174.20833333333334,5.8,982.0958333333333,24
2025-07-19,14.804166666666667,15.916666666666666,200.0,1.6666666666666667,27.125,82.875,6.129166666666666,190.75,0.9,979.2125,24
2025-07-20,9.85,10.308333333333334,199.95833333333334,0.4583333333333333,26.254166666666666,88.375,5.325,181.41666666666666,3.9,978.9708333333333,24
2025-07-21,11.745833333333332,12.183333333333332,206.75,0.7083333333333334,26.016666666666666,88.79166666666667,6.4375,171.66666666666666,10.2,978.9416666666666,24
2025-07-22,4.829166666666667,4.966666666666667,207.79166666666666,0.0,24.604166666666668,94.70833333333333,9.820833333333333,182.83333333333334,27.3,976.6458333333334,24
2025-07-23,2.55,2.595833333333333,178.54166666666666,0.0,24.1375,94.25,14.850000000000001,175.66666666666666,81.9,975.1333333333333,24
2025-07-24,3.108333333333333,3.4958333333333336,172.45833333333334,0.20833333333333334,25.041666666666668,91.08333333333333,11.120833333333332,173.375,29.4,979.6,24
2025-07-25,5.991666666666667,7.283333333333334,200.45833333333334,1.5,25.395833333333332,91.25,5.0874999999999995,161.5,7.5,981.7166666666667,24
2025-07-26,7.441666666666666,8.416666666666666,222.04166666666666,1.3333333333333333,25.325,93.625,5.979166666666667,180.875,28.700000000000003,981.7791666666667,24
2025-07-27,6.1375,6.391666666666667,200.45833333333334,0.3333333333333333,24.837500000000002,95.75,6.504166666666666,169.75,35.1,980.4791666666666,24
2025-07-28,5.9125000000000005,6.0625,190.375,0.20833333333333334,25.245833333333334,92.54166666666667,8.233333333333333,171.70833333333334,39.6,979.5625,24
2025-07-29,9.079166666666667,9.916666666666666,198.5,1.6666666666666667,26.004166666666666,91.0,7.320833333333333,162.625,45.4,979.7583333333333,24
2025-07-30,9.804166666666667,14.362499999999999,196.79166666666666,9.0,26.379166666666666,89.79166666666667,6.808333333333334,172.54166666666666,16.9,980.7666666666668,24
2025-07-31,13.1875,21.6375,188.5,15.666666666666666,27.03333333333333,86.08333333333333,7.6000000000000005,183.33333333333334,10.0,980.7624999999999,24
2025-08-01,11.358333333333334,18.675,194.875,14.041666666666666,26.46666666666667,88.125,7.283333333333334,156.16666666666666,8.6,980.6291666666666,24
2025-08-02,11.116666666666667,17.5625,214.91666666666666,11.916666666666666,26.6125,89.83333333333333,4.825,152.41666666666666,7.1,982.1875,24
2025-08-03,14.737499999999999,26.066666666666666,248.375,20.5,27.291666666666668,84.875,6.545833333333333,178.45833333333334,1.8,983.7166666666667,24
2025-08-04,8.408333333333333,9.799999999999999,194.79166666666666,1.875,27.745833333333334,80.5,6.366666666666667,183.54166666666666,1.0,983.2958333333332,24
2025-08-05,9.758333333333333,10.8375,214.41666666666666,1.7916666666666667,27.462500000000002,85.125,6.6499999999999995,175.95833333333334,13.0,982.8416666666667,24
2025-08-06,9.25,10.1875,215.20833333333334,1.2916666666666667,25.679166666666664,90.41666666666667,6.566666666666666,168.29166666666666,11.3,982.9708333333333,24
2025-08-07,10.016666666666667,11.125,227.16666666666666,1.2916666666666667,26.53333333333333,83.375,6.866666666666667,182.875,8.2,984.625,24
2025-08-08,8.608333333333333,9.424999999999999,218.25,1.0833333333333333,26.941666666666666,83.08333333333333,4.620833333333334,199.58333333333334,0.1,986.4541666666668,24
2025-08-09,12.804166666666667,14.504166666666668,269.9166666666667,2.4583333333333335,26.625,87.375,4.320833333333334,179.875,4.0,985.6875,24
2025-08-10,8.233333333333333,8.608333333333333,229.29166666666666,0.4583333333333333,26.516666666666666,87.83333333333333,4.045833333333333,167.70833333333334,14.6,983.8458333333333,24
2025-08-11,9.6,9.866666666666667,193.16666666666666,0.25,26.6875,87.16666666666667,3.891666666666667,177.45833333333334,7.6,982.5666666666666,24
2025-08-12,5.358333333333333,5.591666666666666,198.54166666666666,0.08333333333333333,26.666666666666668,86.5,5.075,182.45833333333334,4.6,983.0791666666668,24
2025-08-13,7.675,8.125,246.29166666666666,0.20833333333333334,26.625,87.29166666666667,2.5,183.625,7.5,984.7624999999999,24
2025-08-14,9.354166666666666,9.725,288.0833333333333,0.2916666666666667,26.620833333333334,89.25,2.704166666666667,207.66666666666666,7.300000000000001,983.4958333333334,24
2025-08-15,6.179166666666667,6.1875,210.45833333333334,0.0,25.791666666666668,91.04166666666667,3.1833333333333336,152.625,24.8,981.2958333333332,24
2025-08-16,6.141666666666667,6.191666666666666,205.54166666666666,0.0,26.483333333333334,83.33333333333333,5.820833333333333,156.70833333333334,5.5,981.7958333333332,24
2025-08-17,10.083333333333334,10.254166666666666,235.625,0.0,25.433333333333334,89.70833333333333,2.620833333333333,159.0,29.0,984.7958333333332,24
2025-08-18,5.266666666666667,5.341666666666666,226.375,0.0,25.754166666666666,88.625,3.9125,201.04166666666666,4.1000000000000005,985.3375,24
2025-08-19,9.891666666666667,10.237499999999999,209.29166666666666,0.5,26.34583333333333,86.16666666666667,5.458333333333333,174.70833333333334,11.4,984.8958333333334,24
2025-08-20,10.275,11.283333333333333,224.83333333333334,1.375,27.183333333333334,82.83333333333333,3.9166666666666665,163.54166666666666,0.5,984.9916666666667,24
2025-08-21,8.058333333333334,9.366666666666667,219.54166666666666,2.0416666666666665,27.333333333333332,83.45833333333333,3.983333333333333,182.54166666666666,1.3,985.35,24
2025-08-22,7.654166666666666,8.512500000000001,193.95833333333334,1.3333333333333333,25.991666666666664,88.08333333333333,4.4624999999999995,165.0,23.5,985.0208333333334,24
2025-08-23,9.708333333333334,10.145833333333334,264.8333333333333,0.5833333333333334,25.370833333333334,90.58333333333333,3.595833333333333,166.125,12.9,984.9833333333332,24
2025-08-24,9.604166666666666,9.866666666666667,300.7083333333333,0.25,25.96666666666667,88.0,2.9000000000000004,179.375,16.0,983.9166666666666,24
2025-08-25,10.129166666666666,10.229166666666666,286.8333333333333,0.0,26.641666666666666,87.125,4.0,149.0,9.3,981.6041666666666,24
2025-08-26,7.095833333333334,7.154166666666666,246.79166666666666,0.0,24.21666666666667,96.70833333333333,7.2250000000000005,172.125,36.1,980.8874999999999,24
2025-08-27,4.458333333333333,4.55,205.16666666666666,0.0,23.829166666666666,95.375,8.570833333333333,166.04166666666666,50.300000000000004,983.3333333333334,24
2025-08-28,6.95,7.095833333333334,256.0,0.0,24.662499999999998,89.95833333333333,4.983333333333333,155.16666666666666,8.3,984.6541666666667,24
2025-08-29,9.033333333333333,9.041666666666666,327.3333333333333,0.0,25.791666666666668,87.5,3.0583333333333336,145.33333333333334,3.5999999999999996,985.0375,24
2025-08-30,10.65,10.725,321.125,0.0,26.004166666666666,89.45833333333333,3.420833333333333,155.5,16.8,983.5083333333333,24
2025-08-31,7.058333333333334,7.129166666666666,268.875,0.0,25.900000000000002,87.625,6.5625,151.83333333333334,14.4,981.4458333333333,24
2025-09-01,13.833333333333334,13.954166666666666,280.75,0.0,25.5625,89.33333333333333,2.725,162.875,8.1,983.1083333333332,24
2025-09-02,6.8500000000000005,6.9624999999999995,305.0,0.0,25.204166666666666,92.04166666666667,2.904166666666667,165.91666666666666,12.9,984.0124999999999,24
2025-09-03,7.508333333333333,7.654166666666666,297.6666666666667,0.0,26.645833333333332,85.91666666666667,2.9,175.16666666666666,0.8,984.3833333333333,24
2025-09-04,5.941666666666666,6.0375000000000005,340.5416666666667,0.041666666666666664,27.275000000000002,85.58333333333333,2.4916666666666667,189.25,0.2,983.9916666666667,24
2025-09-05,7.766666666666667,7.7749999999999995,308.2916666666667,0.0,27.0625,87.83333333333333,3.0708333333333333,143.70833333333334,2.4,984.2791666666667,24
2025-09-06,9.583333333333334,9.616666666666667,338.0416666666667,0.0,26.891666666666666,87.79166666666667,2.3291666666666666,126.25,9.5,984.85,24
2025-09-07,6.654166666666666,6.691666666666666,279.2916666666667,0.0,26.241666666666664,87.70833333333333,3.454166666666667,173.375,17.099999999999998,984.1541666666667,24
2025-09-08,5.3875,5.429166666666667,236.04166666666666,0.0,26.558333333333334,86.33333333333333,4.158333333333333,158.04166666666666,1.6,983.9083333333333,24
2025-09-09,4.841666666666667,4.954166666666667,217.79166666666666,0.08333333333333333,25.866666666666664,87.95833333333333,6.079166666666667,165.79166666666666,9.0,985.1208333333334,24
2025-09-10,6.2625,6.558333333333334,219.95833333333334,0.3333333333333333,25.045833333333334,90.5,5.604166666666667,153.95833333333334,9.1,985.8291666666668,24
2025-09-11,7.508333333333333,8.033333333333333,273.0,1.0,25.691666666666666,88.79166666666667,3.7875,167.91666666666666,14.7,986.225,24
2025-09-12,11.4125,12.345833333333333,311.5,1.375,26.75,86.08333333333333,2.1583333333333337,146.375,0.9,986.4250000000001,24
2025-09-13,9.491666666666665,10.008333333333333,344.5833333333333,1.0,26.229166666666668,89.54166666666667,2.5749999999999997,203.79166666666666,1.4,986.8291666666668,24
2025-09-14,11.862499999999999,12.237499999999999,340.5833333333333,0.625,26.491666666666664,86.33333333333333,2.35,150.25,1.2000000000000002,987.0375,24
2025-09-15,7.233333333333333,7.291666666666667,283.75,0.0,26.474999999999998,86.54166666666667,3.3125,178.41666666666666,13.6,986.9666666666667,24
2025-09-16,7.2875000000000005,7.316666666666666,212.875,0.0,25.954166666666666,88.41666666666667,2.8333333333333335,113.29166666666667,1.3,987.0333333333333,24
2025-09-17,7.870833333333334,7.9125000000000005,294.0,0.0,26.21666666666667,87.33333333333333,2.5791666666666666,165.91666666666666,3.0,985.3291666666668,24
2025-09-18,7.833333333333333,7.854166666666667,278.0833333333333,0.0,26.3125,87.79166666666667,3.8208333333333333,223.16666666666666,24.8,984.775,24
2025-09-19,5.954166666666667,6.045833333333333,214.29166666666666,0.0,25.816666666666666,91.75,2.7624999999999997,200.125,16.2,985.0041666666666,24
2025-09-20,7.029166666666666,7.1000000000000005,230.95833333333334,0.0,25.833333333333332,91.16666666666667,4.004166666666666,157.83333333333334,12.7,984.3166666666666,24
2025-09-21,7.166666666666667,7.204166666666667,236.5,0.0,25.866666666666664,91.45833333333333,3.1625,169.75,7.0,984.0541666666667,24
2025-09-22,8.3375,8.5,208.16666666666666,0.0,25.40416666666667,91.95833333333333,3.608333333333333,165.375,14.3,984.5291666666667,24
2025-09-23,7.220833333333334,7.570833333333333,199.625,0.0,25.458333333333332,89.70833333333333,4.545833333333333,168.04166666666666,5.4,983.3166666666666,24
2025-09-24,5.566666666666666,5.641666666666667,222.16666666666666,0.0,25.633333333333336,90.29166666666667,2.891666666666667,177.45833333333334,25.7,981.5833333333334,24
2025-09-25,5.129166666666666,5.1499999999999995,235.66666666666666,0.0,25.8875,89.41666666666667,4.804166666666666,217.20833333333334,8.9,981.6,24
2025-09-26,8.133333333333333,8.170833333333333,276.8333333333333,0.0,25.541666666666668,90.75,3.1833333333333336,231.66666666666666,14.700000000000001,984.8041666666667,24
2025-09-27,6.2124999999999995,6.25,256.25,0.0,25.545833333333334,91.16666666666667,3.0041666666666664,202.16666666666666,14.200000000000001,987.0583333333334,24
2025-09-28,11.816666666666668,11.975,311.0416666666667,0.0,27.054166666666664,83.625,5.8374999999999995,153.08333333333334,0.7,983.6625,24
2025-09-29,7.4750000000000005,7.595833333333334,208.75,0.0,26.304166666666664,79.04166666666667,8.895833333333334,181.625,14.0,979.5791666666668,24
2025-09-30,5.520833333333333,5.679166666666667,210.875,0.0,23.96666666666667,95.08333333333333,7.0375000000000005,187.91666666666666,45.7,984.0458333333332,24
2025-10-01,5.041666666666667,5.120833333333334,185.41666666666666,0.0,24.708333333333332,92.70833333333333,3.391666666666667,159.0,10.7,987.6291666666666,24
2025-10-02,9.4375,9.745833333333334,285.6666666666667,0.2916666666666667,26.495833333333334,85.58333333333333,2.4250000000000003,199.91666666666666,0.4,988.5166666666665,24
2025-10-03,7.575,7.7625,330.3333333333333,0.0,27.037499999999998,86.08333333333333,3.1125000000000003,182.625,0.2,987.75,24
2025-10-04,5.129166666666667,5.204166666666667,278.5,0.0,26.474999999999998,86.29166666666667,4.0625,199.33333333333334,5.3,987.9250000000001,24
2025-10-05,8.379166666666666,8.512500000000001,221.16666666666666,0.0,26.462500000000002,82.95833333333333,5.1375,222.20833333333334,4.5,986.9916666666667,24
2025-10-06,9.516666666666667,9.545833333333333,259.1666666666667,0.0,26.462500000000002,87.16666666666667,5.391666666666667,179.91666666666666,2.1,985.2916666666666,24
2025-10-07,8.2375,8.583333333333334,200.04166666666666,0.4166666666666667,26.575,84.125,4.666666666666667,162.58333333333334,1.9,986.7708333333334,24
2025-10-08,6.529166666666666,6.666666666666667,295.7083333333333,0.0,25.825,89.125,3.1041666666666665,170.58333333333334,3.8000000000000003,988.3791666666666,24
2025-10-09,7.370833333333334,7.675,317.2083333333333,0.0,26.004166666666666,88.0,2.6333333333333333,171.125,4.2,988.025,24
2025-10-10,4.8125,4.8875,325.0833333333333,0.0,26.40416666666667,84.125,3.3708333333333336,147.0,0.1,987.3666666666667,24
2025-10-11,9.9,9.9375,290.625,0.0,26.766666666666666,83.0,3.8833333333333333,110.70833333333333,3.0,986.6,24
2025-10-12,9.424999999999999,9.5375,315.4583333333333,0.0,26.666666666666668,85.70833333333333,3.3208333333333333,158.41666666666666,0.6000000000000001,986.4166666666666,24
2025-10-13,6.583333333333333,6.679166666666667,352.0,0.0,26.429166666666664,87.29166666666667,3.4166666666666665,231.5,2.9,986.7416666666667,24
2025-10-14,6.1499999999999995,6.241666666666667,304.0416666666667,0.0,25.47083333333333,88.83333333333333,3.3874999999999997,139.41666666666666,5.9,986.7624999999999,24
2025-10-15,7.408333333333334,7.4750000000000005,294.0,0.0,24.7375,91.625,3.0208333333333335,164.70833333333334,6.7,986.9291666666667,24
2025-10-16,6.254166666666666,6.358333333333333,207.20833333333334,0.0,25.741666666666664,88.54166666666667,3.375,147.58333333333334,3.8,988.1374999999999,24
2025-10-17,6.3875,6.6499999999999995,224.0,0.0,25.991666666666664,87.54166666666667,2.891666666666667,123.58333333333333,0.6000000000000001,988.7875,24
2025-10-18,9.508333333333333,9.716666666666667,241.20833333333334,0.0,26.27916666666667,85.08333333333333,3.391666666666667,157.75,0.1,988.0458333333332,24
2025-10-19,6.2375,6.3374999999999995,233.58333333333334,0.0,25.6125,88.125,3.295833333333333,150.33333333333334,3.3000000000000003,987.4333333333334,24
2025-10-20,6.504166666666666,6.545833333333333,364.375,0.0,26.104166666666668,83.20833333333333,2.6083333333333334,205.91666666666666,0.4,987.5124999999999,24
2025-10-21,14.754166666666668,14.795833333333334,310.375,0.0,25.650000000000002,80.20833333333333,4.633333333333334,172.25,0.2,987.9833333333332,24
2025-10-22,11.674999999999999,11.6875,257.75,0.0,24.041666666666668,76.83333333333333,7.404166666666666,127.0,0.0,989.1541666666667,24
2025-10-23,9.279166666666667,9.304166666666667,309.625,0.0,24.379166666666666,76.0,5.808333333333334,128.625,0.0,989.6541666666667,24
2025-10-24,9.612499999999999,9.666666666666666,289.6666666666667,0.0,24.445833333333336,86.75,2.8666666666666667,181.91666666666666,3.3000000000000003,990.0083333333333,24
2025-10-25,8.091666666666667,8.141666666666667,331.2083333333333,0.0,24.71666666666667,83.375,2.7708333333333335,121.29166666666667,0.2,989.4875000000001,24
2025-10-26,8.725,8.754166666666666,297.4583333333333,0.0,25.058333333333334,83.5,3.9958333333333336,92.79166666666667,0.0,989.5375,24
2025-10-27,13.408333333333333,13.4375,314.9166666666667,0.0,24.775000000000002,80.54166666666667,4.9125000000000005,113.75,0.0,989.9791666666666,24
2025-10-28,13.375,13.420833333333334,324.9166666666667,0.0,25.03333333333333,78.875,5.204166666666667,112.5,0.0,989.5625,24
2025-10-29,8.733333333333333,8.762500000000001,295.0416666666667,0.0,24.920833333333334,79.91666666666667,5.1125,105.95833333333333,0.0,988.775,24
2025-10-30,7.679166666666667,7.7124999999999995,353.7083333333333,0.0,25.629166666666666,80.83333333333333,4.991666666666666,142.66666666666666,0.8,988.4041666666667,24
2025-10-31,5.129166666666666,5.183333333333334,324.7916666666667,0.0,25.95,87.29166666666667,2.1875,140.79166666666666,0.8,988.7875,24
2025-11-01,9.954166666666667,10.041666666666666,263.125,0.0,25.804166666666664,85.70833333333333,4.7375,177.33333333333334,8.9,988.9458333333333,24
2025-11-02,8.645833333333334,8.758333333333333,367.8333333333333,0.0,25.870833333333334,81.54166666666667,5.570833333333333,146.45833333333334,0.30000000000000004,988.4499999999999,24
2025-11-03,11.674999999999999,11.770833333333334,437.3333333333333,0.0,25.870833333333334,78.54166666666667,4.6875,134.04166666666666,0.0,987.8000000000001,24
2025-11-04,12.6,12.641666666666666,326.6666666666667,0.0,24.545833333333334,88.95833333333333,3.7083333333333335,127.125,9.700000000000001,988.2833333333333,24
2025-11-05,15.475,15.5,322.2083333333333,0.0,25.004166666666666,82.70833333333333,3.4583333333333335,146.04166666666666,0.7000000000000001,987.2416666666667,24
2025-11-06,18.066666666666666,18.1375,356.5833333333333,0.0,25.825,82.04166666666667,2.3291666666666666,145.29166666666666,0.1,986.4958333333334,24
2025-11-07,17.054166666666667,17.120833333333334,284.7083333333333,0.0,26.016666666666666,82.29166666666667,6.195833333333333,153.20833333333334,13.799999999999999,984.9708333333333,24
2025-11-08,9.979166666666666,10.033333333333333,249.625,0.0,24.745833333333334,93.625,2.9791666666666665,136.54166666666666,19.4,986.4333333333334,24
2025-11-09,7.729166666666667,7.745833333333334,286.7083333333333,0.0,24.758333333333336,91.54166666666667,3.5749999999999997,198.75,47.5,987.1083333333332,24
2025-11-10,13.025,13.079166666666666,299.5,0.0,24.929166666666664,90.41666666666667,2.7624999999999997,180.5,12.6,986.7833333333333,24
2025-11-11,9.954166666666667,9.987499999999999,361.4166666666667,0.0,25.40833333333333,87.29166666666667,2.9375,137.54166666666666,0.5,986.4333333333334,24
2025-11-12,9.15,9.158333333333333,351.8333333333333,0.0,25.766666666666666,84.5,2.2416666666666667,163.20833333333334,0.2,987.7875,24
2025-11-13,10.604166666666666,10.608333333333333,451.5416666666667,0.0,25.287499999999998,85.75,3.4291666666666667,163.125,1.0,990.275,24
2025-11-14,10.329166666666667,10.345833333333333,467.25,0.0,25.09583333333333,80.83333333333333,2.558333333333333,140.875,0.0,990.5666666666666,24
2025-11-15,12.608333333333334,12.625,409.9166666666667,0.0,23.9875,81.20833333333333,3.2458333333333336,160.0,0.0,991.8125,24
2025-11-16,7.066666666666666,7.129166666666666,251.66666666666666,0.0,23.566666666666666,76.0,5.6875,64.83333333333333,0.0,992.7666666666668,24
2025-11-17,9.354166666666666,9.475,281.8333333333333,0.0,23.333333333333332,85.25,5.583333333333333,192.79166666666666,8.7,992.5541666666667,24
2025-11-18,12.479166666666666,12.570833333333333,238.79166666666666,0.0,22.425,92.625,5.504166666666666,141.04166666666666,13.3,992.7875,24
2025-11-19,7.220833333333334,7.266666666666667,314.25,0.0,19.691666666666666,90.625,9.9125,79.20833333333333,2.4,994.6041666666666,24
2025-11-20,8.041666666666666,8.091666666666667,301.75,0.0,20.191666666666666,78.75,8.845833333333333,76.16666666666667,0.0,994.8249999999999,24
2025-11-21,9.112499999999999,9.229166666666666,264.6666666666667,0.0,21.158333333333335,69.625,8.195833333333333,115.5,0.0,994.875,24
2025-11-22,5.229166666666667,5.341666666666666,343.375,0.0,20.804166666666667,75.16666666666667,5.208333333333333,130.41666666666666,0.0,993.3041666666667,24
2025-11-23,6.816666666666666,6.904166666666666,318.9166666666667,0.0,21.3,78.54166666666667,3.6125000000000003,155.5,0.0,992.6083333333332,24
2025-11-24,5.341666666666666,5.391666666666667,235.33333333333334,0.0,21.420833333333334,76.875,5.829166666666667,104.125,0.0,992.0916666666667,24
2025-11-25,7.8999999999999995,7.954166666666667,270.4166666666667,0.0,20.016666666666666,75.45833333333333,6.7625,131.875,0.0,992.6291666666666,24
2025-11-26,13.104166666666666,13.358333333333334,276.5416666666667,0.5,18.912499999999998,74.79166666666667,5.570833333333333,117.91666666666667,0.0,992.5291666666667,24
2025-11-27,11.516666666666666,11.9375,249.75,0.875,18.229166666666668,69.29166666666667,8.483333333333333,107.70833333333333,0.0,994.1583333333333,24
2025-11-28,6.095833333333334,6.1875,261.5833333333333,0.0,16.420833333333334,68.125,5.304166666666666,130.95833333333334,0.0,992.7166666666667,24
2025-11-29,4.904166666666667,4.995833333333334,315.8333333333333,0.0,16.125,73.29166666666667,2.5208333333333335,155.54166666666666,0.0,990.5333333333333,24
2025-11-30,7.183333333333334,7.345833333333334,304.1666666666667,0.0,17.0,73.45833333333333,2.3000000000000003,162.33333333333334,0.0,989.7791666666667,24
2025-12-01,8.320833333333333,8.483333333333333,311.625,0.0,17.704166666666666,76.625,2.316666666666667,159.70833333333334,0.0,989.5833333333334,24
2025-12-02,9.554166666666667,9.637500000000001,337.8333333333333,0.0,18.974999999999998,79.41666666666667,2.0083333333333333,79.70833333333333,0.0,989.1958333333333,24
2025-12-03,8.2125,8.366666666666667,295.1666666666667,0.0,20.220833333333335,78.08333333333333,2.908333333333333,172.125,0.0,990.9416666666666,24
2025-12-04,6.2375,6.308333333333334,415.2916666666667,0.0,21.337500000000002,80.375,2.316666666666667,173.66666666666666,0.0,992.0458333333332,24
2025-12-05,10.470833333333333,10.491666666666667,465.8333333333333,0.0,22.804166666666664,80.58333333333333,1.9708333333333332,118.75,0.0,992.5500000000001,24
2025-12-06,13.383333333333333,13.424999999999999,466.75,0.0,22.866666666666664,82.25,1.625,150.625,0.0,991.8416666666667,24
2025-12-07,11.775,11.795833333333334,455.125,0.0,22.8,81.5,2.1541666666666663,138.70833333333334,0.0,991.375,24
2025-12-08,14.608333333333334,14.8375,379.75,0.375,22.866666666666664,78.54166666666667,3.4333333333333336,127.29166666666667,1.5,992.5958333333333,24
2025-12-09,17.645833333333332,18.150000000000002,383.8333333333333,1.0416666666666667,21.34166666666667,77.125,3.6208333333333336,91.25,0.0,992.4291666666667,24
2025-12-10,12.904166666666667,13.104166666666666,370.625,0.125,19.975,75.08333333333333,3.6875,83.29166666666667,0.0,992.2875,24
2025-12-11,11.108333333333334,11.295833333333334,336.0833333333333,0.0,19.4375,82.70833333333333,2.475,126.91666666666667,20.1,991.9375,24
2025-12-12,13.966666666666667,14.225,339.5833333333333,0.0,20.283333333333335,90.5,4.058333333333334,210.5,6.7,991.3166666666666,24
2025-12-13,7.5249999999999995,7.625,358.9166666666667,0.0,21.6375,87.29166666666667,3.704166666666667,166.0,0.2,991.4875000000001,24
2025-12-14,6.5375000000000005,6.620833333333334,457.4583333333333,0.0,21.650000000000002,89.75,3.904166666666667,222.45833333333334,20.6,992.4541666666668,24
2025-12-15,7.116666666666667,7.158333333333334,449.375,0.0,21.84166666666667,86.625,1.9916666666666665,99.95833333333333,1.3,992.0375,24
2025-12-16,9.295833333333333,9.325000000000001,424.6666666666667,0.0,21.6375,83.375,1.9458333333333335,114.20833333333333,0.0,991.0,24
2025-12-17,9.970833333333333,10.045833333333333,422.0416666666667,0.0,21.616666666666664,82.125,2.2833333333333337,121.0,0.0,991.8125,24
2025-12-18,8.791666666666666,9.108333333333333,322.9583333333333,0.375,21.34583333333333,82.29166666666667,3.4625,137.70833333333334,0.0,992.0458333333332,24
2025-12-19,8.762500000000001,9.208333333333334,305.7916666666667,0.5,21.029166666666665,81.91666666666667,3.5416666666666665,198.91666666666666,0.0,990.0791666666668,24
2025-12-20,11.625,12.25,327.5,1.0416666666666667,20.654166666666665,79.5,2.529166666666667,162.04166666666666,0.0,989.3583333333332,24
2025-12-21,7.208333333333333,7.608333333333333,277.75,0.7083333333333334,20.745833333333334,78.125,2.4833333333333334,148.33333333333334,0.0,991.2125,24
2025-12-22,9.012500000000001,9.375,316.7083333333333,0.7083333333333334,21.1125,78.20833333333333,2.658333333333333,145.70833333333334,0.0,990.1875,24
2025-12-23,9.545833333333333,9.908333333333333,285.0416666666667,0.3333333333333333,21.808333333333334,78.70833333333333,2.891666666666667,147.79166666666666,0.0,988.8208333333333,24
2025-12-24,8.416666666666666,8.816666666666666,296.5416666666667,0.7083333333333334,21.995833333333334,78.20833333333333,2.6375,127.33333333333333,0.0,988.3583333333332,24
2025-12-25,11.166666666666666,11.983333333333334,277.75,1.25,21.7625,77.70833333333333,3.0500000000000003,132.08333333333334,0.0,989.6208333333334,24
2025-12-26,7.3999999999999995,7.708333333333333,428.25,0.375,21.033333333333335,78.375,3.841666666666667,173.16666666666666,0.0,990.5791666666668,24
2025-12-27,6.8625,6.970833333333334,492.7916666666667,0.0,19.925,78.91666666666667,1.5291666666666668,135.25,0.0,991.0833333333334,24
2025-12-28,12.7125,12.775,421.1666666666667,0.0,19.779166666666665,79.20833333333333,2.2666666666666666,141.83333333333334,0.0,991.4791666666666,24
2025-12-29,8.854166666666666,8.920833333333333,370.5416666666667,0.0,19.8875,80.125,2.625,118.20833333333333,0.0,989.9833333333332,24
2025-12-30,10.479166666666666,10.549999999999999,351.7916666666667,0.0,20.025000000000002,78.79166666666667,2.0625,115.45833333333333,0.0,988.7833333333333,24
2025-12-31,14.045833333333334,14.166666666666666,354.25,0.0,20.224999999999998,81.125,2.475,122.58333333333333,0.0,987.1791666666667,24
2026-01-01,12.129166666666668,12.1625,342.875,0.0,20.258333333333333,79.625,1.8958333333333333,142.875,0.0,988.6583333333333,24
2026-01-02,16.008333333333333,16.204166666666666,344.9583333333333,0.0,20.054166666666667,78.58333333333333,3.525,120.625,0.0,991.6750000000001,24
2026-01-03,6.708333333333333,6.804166666666667,502.75,0.0,19.995833333333334,75.375,4.4624999999999995,151.91666666666666,0.0,993.0916666666667,24
2026-01-04,7.954166666666667,8.025,507.75,0.0,19.883333333333333,75.45833333333333,2.8874999999999997,141.75,0.0,992.6999999999999,24
2026-01-05,11.233333333333334,11.35,502.625,0.0,19.55,75.75,2.1875,138.04166666666666,0.0,992.8458333333333,24
2026-01-06,9.104166666666666,9.295833333333333,416.0,0.0,19.45,77.04166666666667,2.6750000000000003,153.16666666666666,0.0,993.725,24
2026-01-07,12.387500000000001,12.483333333333334,518.375,0.0,18.55,76.20833333333333,3.9166666666666665,165.41666666666666,0.0,995.3249999999999,24
2026-01-08,9.079166666666667,9.1125,457.125,0.0,17.779166666666665,76.33333333333333,3.845833333333333,143.91666666666666,0.0,996.2624999999999,24
2026-01-09,12.8125,12.85,470.2083333333333,0.0,17.479166666666668,74.08333333333333,1.8458333333333332,105.875,0.0,995.15,24
2026-01-10,7.433333333333334,7.495833333333334,460.9583333333333,0.0,17.75,75.04166666666667,2.0749999999999997,158.25,0.0,993.4125,24
2026-01-11,14.391666666666667,14.579166666666666,411.8333333333333,0.0,17.479166666666668,74.08333333333333,4.125,159.20833333333334,0.0,995.4916666666667,24
2026-01-12,10.283333333333333,10.3625,418.875,0.0,17.458333333333332,74.16666666666667,1.9541666666666666,156.29166666666666,0.0,994.4291666666667,24
2026-01-13,13.191666666666668,13.237499999999999,415.6666666666667,0.0,19.241666666666667,77.0,2.3625000000000003,135.5,0.0,992.6708333333332,24
2026-01-14,14.754166666666668,14.799999999999999,460.25,0.0,20.020833333333332,76.29166666666667,1.6958333333333335,147.58333333333334,0.0,990.4291666666667,24
2026-01-15,20.620833333333334,20.720833333333335,373.5,0.0,20.745833333333334,75.04166666666667,2.029166666666667,103.125,0.0,989.7125,24
2026-01-16,27.045833333333334,27.212500000000002,417.3333333333333,0.0,20.837500000000002,79.83333333333333,2.3874999999999997,127.58333333333333,0.0,988.2916666666666,24
2026-01-17,28.604166666666668,28.895833333333332,460.625,0.2916666666666667,21.095833333333335,79.0,3.1875,120.125,0.0,986.9541666666668,24
2026-01-18,18.308333333333334,18.866666666666667,372.8333333333333,0.9166666666666666,20.974999999999998,73.75,2.5208333333333335,119.625,0.0,986.8583333333332,24
2026-01-19,12.095833333333333,12.4375,317.125,0.625,20.158333333333335,71.0,2.475,126.29166666666667,0.0,987.4916666666667,24
2026-01-20,7.854166666666667,7.983333333333333,343.8333333333333,0.0,20.1875,70.0,2.158333333333333,139.41666666666666,0.0,988.5166666666668,24
2026-01-21,14.316666666666668,14.433333333333332,351.3333333333333,0.0,20.516666666666666,73.08333333333333,2.504166666666667,144.16666666666666,0.0,990.3291666666668,24
2026-01-22,16.433333333333334,16.841666666666665,342.7083333333333,0.0,21.070833333333333,74.58333333333333,3.6666666666666665,147.66666666666666,0.1,992.35,24
2026-01-23,12.366666666666667,12.595833333333333,449.3333333333333,0.0,20.879166666666666,73.70833333333333,3.0416666666666665,130.125,0.0,994.1791666666667,24
2026-01-24,15.320833333333333,15.495833333333332,440.125,0.0,20.212500000000002,73.875,3.1208333333333336,126.16666666666667,0.0,993.5749999999999,24
2026-01-25,15.316666666666668,15.475,418.4166666666667,0.0,19.945833333333333,75.16666666666667,2.5708333333333333,133.29166666666666,0.0,991.8416666666667,24
2026-01-26,19.908333333333335,20.145833333333332,400.75,0.0,20.1125,70.75,2.766666666666667,113.70833333333333,0.0,992.2791666666667,24
2026-01-27,16.462500000000002,16.770833333333332,418.3333333333333,0.375,20.491666666666667,72.125,2.7583333333333333,123.83333333333333,0.0,992.9,24
2026-01-28,17.341666666666665,18.245833333333334,406.375,1.625,21.145833333333332,71.875,2.4,141.66666666666666,0.0,992.5875,24
2026-01-29,20.95,22.7,389.2083333333333,3.3333333333333335,21.033333333333335,74.20833333333333,2.433333333333333,103.41666666666667,0.0,991.4708333333333,24
2026-01-30,23.78333333333333,26.84166666666667,436.4583333333333,5.625,21.34583333333333,73.08333333333333,1.8416666666666668,158.375,0.0,991.875,24
2026-01-31,21.900000000000002,24.683333333333334,476.2916666666667,5.166666666666667,21.954166666666666,71.20833333333333,2.5541666666666667,158.54166666666666,0.0,992.3166666666666,24
2026-02-01,16.891666666666666,18.204166666666666,428.125,2.25,21.941666666666666,72.58333333333333,3.2083333333333335,157.79166666666666,0.0,993.0500000000001,24
2026-02-02,16.441666666666666,17.166666666666668,455.5833333333333,1.125,21.545833333333334,72.91666666666667,4.5249999999999995,131.91666666666666,0.0,993.8958333333334,24
2026-02-03,15.033333333333333,15.424999999999999,549.875,0.6666666666666666,20.866666666666667,73.08333333333333,3.266666666666667,157.91666666666666,0.0,994.5583333333334,24
2026-02-04,10.895833333333334,11.0875,489.4166666666667,0.2916666666666667,21.329166666666666,71.54166666666667,2.191666666666667,164.95833333333334,0.0,992.3958333333334,24
2026-02-05,13.170833333333334,13.4375,403.375,0.16666666666666666,21.795833333333334,72.20833333333333,2.3916666666666666,149.41666666666666,0.0,990.375,24
2026-02-06,15.7875,16.083333333333332,408.9166666666667,0.16666666666666666,22.59583333333333,72.66666666666667,2.0791666666666666,173.70833333333334,0.0,988.9166666666666,24
2026-02-07,16.291666666666668,16.5625,407.6666666666667,0.08333333333333333,22.958333333333332,71.29166666666667,2.725,184.33333333333334,0.0,988.2333333333332,24
2026-02-08,19.895833333333332,20.166666666666668,375.4583333333333,0.0,23.525000000000002,71.95833333333333,6.229166666666667,137.83333333333334,0.0,989.5416666666666,24
2026-02-09,11.141666666666666,11.4375,506.5,0.0,24.15416666666667,63.833333333333336,5.616666666666667,175.08333333333334,0.0,990.7541666666666,24
2026-02-10,13.329166666666666,13.512500000000001,503.375,0.0,23.34583333333333,70.79166666666667,2.220833333333333,169.0,0.0,990.8333333333334,24
2026-02-11,21.77916666666667,22.058333333333334,471.125,0.375,23.825,71.70833333333333,2.6750000000000003,205.125,0.0,991.5500000000001,24
2026-02-12,13.125,13.383333333333333,445.9583333333333,0.20833333333333334,23.866666666666664,73.20833333333333,3.6458333333333335,140.125,0.4,990.1,24
2026-02-13,17.51666666666667,17.791666666666668,399.5416666666667,0.0,24.416666666666668,68.875,2.5625,131.0,0.0,988.5375,24
2026-02-14,21.316666666666666,21.645833333333332,380.9583333333333,0.2916666666666667,24.474999999999998,64.625,3.125,178.33333333333334,0.0,988.0708333333333,24
2026-02-15,19.791666666666668,19.983333333333334,375.2916666666667,0.0,24.333333333333332,67.58333333333333,2.795833333333333,125.83333333333333,0.0,987.7666666666668,24
2026-02-16,19.962500000000002,20.308333333333334,394.0833333333333,0.375,24.370833333333334,65.95833333333333,2.9333333333333336,154.79166666666666,0.0,987.2958333333332,24
2026-02-17,22.15416666666667,22.599999999999998,400.9583333333333,0.4583333333333333,24.900000000000002,65.58333333333333,3.233333333333333,149.0,0.0,987.9875000000001,24
2026-02-18,18.979166666666668,19.6875,293.375,0.0,24.974999999999998,70.54166666666667,3.029166666666667,138.04166666666666,0.0,990.2791666666667,24
2026-02-19,14.975,15.258333333333333,406.5416666666667,0.0,24.84583333333333,73.25,3.9499999999999997,110.58333333333333,0.1,991.8958333333334,24
2026-02-20,11.483333333333334,11.666666666666666,423.9166666666667,0.0,24.604166666666668,72.79166666666667,2.5166666666666666,133.66666666666666,0.0,991.6958333333333,24
2026-02-21,20.333333333333332,20.779166666666665,396.5,0.375,25.5625,69.16666666666667,2.75,217.91666666666666,0.0,986.6916666666666,24
2026-02-22,31.325,31.900000000000002,471.1666666666667,0.4583333333333333,24.5125,76.0,2.25,166.875,0.0,984.9499999999999,24
2026-02-23,25.804166666666664,26.28333333333333,487.875,0.125,24.416666666666668,78.5,4.154166666666667,205.83333333333334,1.0,985.0625,24
2026-02-24,31.875,32.92916666666667,549.375,0.7916666666666666,25.90416666666667,75.0,2.4,182.45833333333334,0.5,986.4541666666668,24
2026-02-25,33.07083333333333,33.737500000000004,506.0416666666667,0.0,24.087500000000002,71.875,6.8999999999999995,156.41666666666666,1.0,987.9958333333334,24
2026-02-26,24.666666666666668,24.962500000000002,364.625,0.0,23.96666666666667,73.16666666666667,4.279166666666667,232.75,0.7000000000000001,985.8708333333334,24
2026-02-27,17.833333333333332,18.2375,390.75,0.25,25.291666666666668,71.83333333333333,3.0500000000000003,184.95833333333334,0.0,983.3375,24
2026-02-28,17.154166666666665,17.520833333333332,309.125,0.0,26.2625,64.41666666666667,6.7749999999999995,178.66666666666666,0.0,982.6999999999999,24
2026-03-01,16.3875,16.8875,379.4166666666667,0.7083333333333334,26.4375,58.083333333333336,4.6875,199.70833333333334,0.0,983.525,24
2026-03-02,23.520833333333332,23.866666666666664,365.3333333333333,0.5,25.099999999999998,59.791666666666664,2.8333333333333335,240.45833333333334,0.0,985.1750000000001,24
2026-03-03,41.895833333333336,44.199999999999996,572.7916666666666,4.125,24.179166666666664,59.75,3.3625000000000003,183.45833333333334,0.0,985.9916666666667,24
2026-03-04,47.99166666666667,52.770833333333336,597.4583333333334,9.291666666666666,23.495833333333334,65.75,4.116666666666666,112.91666666666667,0.0,986.1541666666667,24
2026-03-05,23.287499999999998,23.825,502.75,0.6666666666666666,25.170833333333334,67.0,5.5249999999999995,160.70833333333334,0.0,986.4875000000001,24
2026-03-06,24.941666666666666,25.808333333333334,406.25,1.1666666666666667,25.125,68.33333333333333,5.729166666666667,123.66666666666667,0.0,988.8708333333334,24
2026-03-07,18.054166666666667,18.908333333333335,427.5833333333333,1.6666666666666667,25.5125,69.16666666666667,3.6166666666666667,154.66666666666666,0.0,989.2041666666668,24
2026-03-08,19.666666666666668,20.8125,432.25,1.9166666666666667,25.920833333333334,67.45833333333333,2.0375,149.54166666666666,0.0,988.9083333333333,24
2026-03-09,23.133333333333336,24.59583333333333,391.7083333333333,2.5416666666666665,26.766666666666666,62.875,3.9958333333333336,103.625,0.0,990.2624999999999,24
2026-03-10,26.916666666666668,28.4875,365.0416666666667,2.625,25.491666666666664,66.54166666666667,5.366666666666667,104.83333333333333,0.1,992.25,24
2026-03-11,34.37916666666667,36.050000000000004,487.75,3.0,24.054166666666664,72.29166666666667,6.204166666666667,153.54166666666666,4.5,990.9,24
2026-03-12,35.125,37.07083333333333,528.9166666666666,3.6666666666666665,23.483333333333334,74.54166666666667,4.479166666666667,166.29166666666666,0.7,989.6875,24
2026-03-13,36.975,37.987500000000004,556.4583333333334,2.0416666666666665,22.15833333333333,80.58333333333333,4.666666666666667,120.04166666666667,0.0,991.4583333333334,24
2026-03-14,24.045833333333334,24.454166666666666,567.625,0.625,23.241666666666664,75.54166666666667,4.0125,109.625,0.2,992.0833333333334,24
2026-03-15,29.425,30.8875,594.625,2.2916666666666665,23.474999999999998,74.45833333333333,4.791666666666667,141.25,2.5,991.8416666666667,24
2026-03-16,25.650000000000002,27.72083333333333,434.9583333333333,3.25,24.2,72.16666666666667,3.1666666666666665,121.66666666666667,0.0,989.4166666666666,24
2026-03-17,34.07083333333333,37.074999999999996,439.5416666666667,4.958333333333333,24.3,71.75,3.5583333333333336,153.58333333333334,2.8,988.2041666666668,24
2026-03-18,29.037499999999998,31.083333333333332,488.625,3.5833333333333335,24.90416666666667,70.91666666666667,3.1750000000000003,182.91666666666666,0.0,988.2833333333333,24
2026-03-19,21.083333333333332,22.087500000000002,542.0,2.0,25.537499999999998,67.25,3.091666666666667,160.0,0.0,987.4791666666666,24
2026-03-20,23.429166666666664,25.087500000000002,453.7916666666667,2.9166666666666665,25.787499999999998,65.25,3.1,158.83333333333334,0.0,986.8541666666666,24
2026-03-21,27.900000000000002,29.15833333333333,399.75,1.9166666666666667,25.425,71.08333333333333,4.079166666666667,172.0,0.0,987.625,24
2026-03-22,26.5,29.758333333333336,361.6666666666667,5.833333333333333,26.941666666666666,65.66666666666667,7.0874999999999995,179.125,2.4,986.9166666666666,24
2026-03-23,22.229166666666668,26.625,337.3333333333333,8.166666666666666,28.120833333333334,52.5,5.375,202.95833333333334,0.0,986.2416666666667,24
2026-03-24,16.695833333333333,21.508333333333336,374.125,9.541666666666666,27.316666666666666,51.291666666666664,4.333333333333333,236.5,0.0,985.0833333333334,24
2026-03-25,23.837500000000002,27.583333333333332,376.2916666666667,7.125,27.916666666666668,53.333333333333336,4.745833333333334,193.29166666666666,0.0,985.3541666666666,24
2026-03-26,40.15833333333333,43.69583333333333,428.7083333333333,6.708333333333333,28.391666666666666,52.791666666666664,2.85,211.75,0.0,985.4416666666666,24
2026-03-27,38.02916666666667,41.1,434.7916666666667,5.25,27.875,52.25,4.954166666666667,213.45833333333334,0.0,984.4,24
2026-03-28,35.62916666666667,37.17916666666667,475.2083333333333,2.625,27.941666666666666,52.541666666666664,5.770833333333333,227.41666666666666,0.0,983.9625,24
2026-03-29,34.1625,35.708333333333336,409.25,2.2083333333333335,28.099999999999998,57.25,7.004166666666666,212.16666666666666,0.0,984.7833333333333,24
2026-03-30,35.5375,39.1625,398.0416666666667,6.708333333333333,28.333333333333332,53.291666666666664,6.833333333333333,198.41666666666666,0.0,984.6208333333334,24
2026-03-31,46.65,56.112500000000004,446.875,18.5,28.5625,53.333333333333336,5.583333333333333,195.95833333333334,0.0,985.0666666666666,24
2026-04-01,59.69166666666666,76.94166666666666,552.7083333333334,34.375,28.59166666666667,51.5,3.9250000000000003,189.33333333333334,0.0,985.1791666666667,24
2026-04-02,55.75833333333333,69.72500000000001,452.3333333333333,27.833333333333332,28.754166666666666,51.875,5.358333333333333,198.375,0.0,985.2083333333334,24
2026-04-03,58.74583333333333,70.4875,466.875,22.833333333333332,28.916666666666668,54.25,3.9625,200.29166666666666,0.0,984.0833333333334,24
2026-04-04,57.23333333333333,69.09583333333333,461.875,23.333333333333332,28.808333333333334,56.541666666666664,4.4624999999999995,206.45833333333334,0.0,982.775,24
2026-04-05,65.02916666666667,78.19583333333334,484.1666666666667,26.125,29.395833333333332,59.5,5.8999999999999995,174.08333333333334,0.0,982.025,24
2026-04-06,51.70416666666667,63.8125,444.8333333333333,23.375,29.570833333333336,55.375,5.416666666666667,179.375,0.0,983.3625000000001,24
2026-04-07,53.14166666666667,62.237500000000004,445.875,17.541666666666668,29.108333333333334,60.041666666666664,3.7125,204.58333333333334,0.0,984.1999999999999,24
2026-04-08,42.28333333333333,47.5625,412.0,10.25,28.95,57.583333333333336,5.783333333333334,192.5,0.0,984.3916666666668,24
2026-04-09,23.441666666666666,24.72083333333333,350.4583333333333,2.25,28.724999999999998,49.5,5.4750000000000005,202.41666666666666,0.0,985.2624999999999,24
2026-04-10,17.825,20.4625,339.9583333333333,4.958333333333333,28.708333333333332,49.333333333333336,6.445833333333333,198.625,0.0,984.9875000000001,24
2026-04-11,27.0,31.53333333333333,371.125,8.375,28.829166666666666,51.666666666666664,6.0375000000000005,191.83333333333334,0.0,983.8041666666667,24
2026-04-12,45.604166666666664,56.87083333333334,552.5,22.083333333333332,28.412499999999998,55.25,4.916666666666667,188.91666666666666,0.0,982.9791666666666,24
2026-04-13,61.00416666666666,75.63333333333334,596.0416666666666,29.125,28.666666666666668,54.625,4.933333333333334,233.58333333333334,0.0,984.2833333333333,24
2026-04-14,49.17083333333333,61.416666666666664,434.5416666666667,24.0,29.46666666666667,51.583333333333336,4.841666666666667,212.75,0.0,984.3708333333334,24
2026-04-15,39.59166666666666,47.89166666666667,408.875,16.375,29.2625,46.875,5.679166666666667,206.79166666666666,0.0,983.1666666666666,24
2026-04-16,36.00833333333333,42.762499999999996,457.5416666666667,12.75,28.662499999999998,44.708333333333336,4.904166666666667,223.125,0.0,983.6041666666666,24
2026-04-17,72.20833333333333,92.49166666666667,540.6666666666666,39.125,28.295833333333334,49.833333333333336,2.6666666666666665,198.5,0.0,984.3083333333334,24
2026-04-18,95.89999999999999,118.55,637.7916666666666,43.083333333333336,28.25,59.083333333333336,4.2250000000000005,182.20833333333334,0.0,984.1291666666666,24
2026-04-19,75.86666666666666,83.14583333333333,554.5,13.166666666666666,28.854166666666668,60.791666666666664,6.1125,182.91666666666666,0.0,983.7958333333332,24
2026-04-20,55.949999999999996,59.76666666666667,471.8333333333333,7.208333333333333,28.958333333333332,60.625,4.470833333333333,200.66666666666666,0.0,984.0041666666666,24
2026-04-21,43.45416666666667,48.00416666666666,412.0833333333333,8.125,29.291666666666668,59.458333333333336,7.279166666666666,173.83333333333334,0.0,983.2416666666667,24
2026-04-22,50.625,58.675000000000004,399.125,14.875,30.058333333333334,58.458333333333336,7.058333333333334,175.125,0.0,982.6791666666667,24
2026-04-23,51.699999999999996,62.25416666666666,480.9166666666667,20.0,29.016666666666666,66.29166666666667,5.8374999999999995,199.16666666666666,0.1,982.9,24
2026-04-24,49.699999999999996,61.03333333333333,456.875,21.75,28.016666666666666,72.54166666666667,4.55,222.83333333333334,1.2,984.7333333333332,24
2026-04-25,38.71666666666667,42.78333333333333,550.75,7.666666666666667,27.5,76.08333333333333,4.916666666666667,191.08333333333334,0.4,987.6708333333332,24
2026-04-26,30.90416666666667,33.77916666666667,438.875,5.333333333333333,26.004166666666666,82.5,5.520833333333333,189.20833333333334,8.700000000000001,987.1083333333332,24
2026-04-27,37.90833333333333,41.59166666666666,367.4166666666667,6.375,26.28333333333333,80.33333333333333,3.5416666666666665,236.45833333333334,1.0,985.1333333333333,24
2026-04-28,34.84583333333333,41.083333333333336,306.1666666666667,11.625,27.266666666666666,72.75,5.533333333333334,178.625,0.0,984.6833333333334,24
2026-04-29,28.183333333333334,39.7875,359.7916666666667,22.25,25.837500000000002,74.54166666666667,4.508333333333334,186.91666666666666,0.3,986.1750000000001,24
2026-04-30,28.599999999999998,36.295833333333334,424.3333333333333,14.333333333333334,26.879166666666666,77.58333333333333,6.195833333333333,164.16666666666666,10.2,987.5333333333333,24
2026-05-01,18.395833333333332,19.595833333333335,404.4166666666667,2.125,26.641666666666666,75.66666666666667,7.254166666666666,179.54166666666666,5.0,986.7666666666668,24
2026-05-02,16.783333333333335,17.429166666666667,337.625,0.7916666666666666,28.983333333333334,58.25,8.883333333333333,190.79166666666666,0.0,984.9,24
2026-05-03,19.3125,22.25,283.1666666666667,5.166666666666667,29.383333333333336,57.375,6.758333333333333,189.91666666666666,0.0,984.9791666666666,24
2026-05-04,29.854166666666668,34.637499999999996,286.6666666666667,8.333333333333334,27.675,71.625,4.6125,145.25,2.8,987.1708333333332,24
2026-05-05,24.09166666666667,25.13333333333333,336.0416666666667,1.7083333333333333,26.337500000000002,79.70833333333333,3.783333333333333,135.95833333333334,27.2,987.9875000000001,24
2026-05-06,23.2,24.8125,484.5416666666667,2.9166666666666665,27.266666666666666,79.04166666666667,3.641666666666666,195.75,12.600000000000001,985.7791666666667,24
2026-05-07,22.370833333333334,23.583333333333332,442.1666666666667,1.9166666666666667,28.075,78.95833333333333,2.8708333333333336,148.70833333333334,0.1,985.2833333333333,24
2026-05-08,16.912499999999998,17.316666666666666,330.6666666666667,0.75,27.491666666666664,76.83333333333333,6.5625,246.16666666666666,4.8,986.9208333333332,24
2026-05-09,13.387500000000001,13.674999999999999,324.2083333333333,0.4166666666666667,27.3625,77.79166666666667,4.545833333333333,160.54166666666666,3.8,987.6333333333333,24
2026-05-10,14.170833333333334,14.404166666666667,298.3333333333333,0.0,26.129166666666666,86.16666666666667,5.2,163.70833333333334,15.200000000000001,987.8708333333334,24
2026-05-11,23.516666666666666,23.78333333333333,361.5833333333333,0.0,26.929166666666664,83.54166666666667,4.566666666666666,194.04166666666666,1.8,987.0583333333334,24
2026-05-12,17.0125,17.212500000000002,372.4166666666667,0.0,26.066666666666666,87.16666666666667,3.654166666666667,192.125,16.9,986.0208333333334,24
2026-05-13,17.212500000000002,17.370833333333334,293.4166666666667,0.0,25.491666666666664,91.45833333333333,3.3041666666666667,193.95833333333334,7.9,984.2416666666667,24
2026-05-14,16.670833333333334,17.037499999999998,278.125,0.0,26.34583333333333,89.04166666666667,5.016666666666667,170.04166666666666,6.7,983.125,24
2026-05-15,16.724999999999998,17.029166666666665,237.91666666666666,0.0,26.6125,85.5,5.583333333333333,136.5,15.9,983.3791666666666,24
2026-05-16,8.304166666666667,8.700000000000001,206.16666666666666,0.0,27.84583333333333,82.66666666666667,4.608333333333333,179.5,9.2,982.5333333333333,24
2026-05-17,6.25,6.558333333333334,212.125,0.16666666666666666,28.6375,75.375,5.866666666666667,187.45833333333334,5.0,981.5583333333334,24
2026-05-18,12.875,13.4375,236.91666666666666,0.4583333333333333,27.958333333333332,80.54166666666667,5.616666666666667,163.0,4.5,981.7291666666666,24
2026-05-19,13.112499999999999,14.216666666666667,239.04166666666666,1.9166666666666667,27.95,81.08333333333333,4.7625,166.16666666666666,2.9,981.2916666666666,24
2026-05-20,13.808333333333335,14.174999999999999,260.625,0.625,26.90833333333333,85.5,5.575,158.04166666666666,1.1,980.8416666666667,24
2026-05-21,13.950000000000001,15.083333333333334,248.5,2.2083333333333335,26.925,86.66666666666667,6.5874999999999995,164.16666666666666,11.5,983.1374999999999,24
2026-05-22,15.799999999999999,22.866666666666664,257.25,13.375,26.47083333333333,89.08333333333333,5.3999999999999995,165.95833333333334,11.3,985.6666666666666,24
2026-05-23,9.508333333333333,11.533333333333333,220.16666666666666,3.3333333333333335,26.90416666666667,87.125,4.691666666666666,155.70833333333334,11.200000000000001,986.25,24
2026-05-24,9.954166666666667,11.15,200.95833333333334,0.5,28.21666666666667,80.75,6.6499999999999995,197.83333333333334,9.3,986.1708333333332,24
2026-05-25,7.508333333333333,8.716666666666667,200.25,1.375,28.108333333333334,78.29166666666667,7.783333333333334,184.54166666666666,2.7,985.375,24
2026-05-26,8.770833333333334,10.391666666666667,232.625,2.0833333333333335,28.049999999999997,77.0,6.058333333333334,185.70833333333334,5.1,984.7541666666666,24
2026-05-27,11.262500000000001,14.254166666666668,238.125,5.25,28.09166666666667,80.29166666666667,4.283333333333333,187.83333333333334,1.1,984.7833333333333,24
2026-05-28,11.533333333333333,13.549999999999999,269.7916666666667,3.25,28.633333333333336,80.08333333333333,3.275,196.0,5.2,985.3541666666666,24
2026-05-29,8.620833333333334,9.070833333333333,252.95833333333334,0.625,28.21666666666667,81.33333333333333,3.6666666666666665,183.0,6.1000000000000005,985.9041666666667,24
2026-05-30,10.558333333333334,11.054166666666667,289.7083333333333,0.5416666666666666,27.016666666666666,84.20833333333333,3.875,231.0,2.3,986.3458333333333,24
2026-05-31,8.275,8.625,276.75,0.375,28.15833333333333,79.41666666666667,3.0208333333333335,184.5,3.4,986.0708333333333,24
2026-06-01,13.1875,14.291666666666666,288.625,2.2916666666666665,28.9375,76.41666666666667,2.620833333333333,147.75,2.5,985.5749999999999,24
2026-06-02,14.620833333333332,15.333333333333334,239.45833333333334,1.125,29.758333333333336,73.54166666666667,2.8000000000000003,206.04166666666666,0.4,983.3874999999999,24
2026-06-03,13.529166666666667,14.195833333333333,264.4583333333333,0.875,29.7375,71.75,4.895833333333333,170.08333333333334,0.1,981.4541666666668,24
2026-06-04,12.191666666666668,12.758333333333333,242.08333333333334,0.625,28.129166666666666,82.41666666666667,3.8041666666666667,183.66666666666666,14.0,981.3874999999999,24
2026-06-05,8.591666666666667,8.700000000000001,246.83333333333334,0.0,27.224999999999998,85.45833333333333,5.104166666666667,153.91666666666666,12.1,982.0,24
2026-06-06,7.445833333333333,7.733333333333333,223.95833333333334,0.25,27.108333333333334,83.79166666666667,8.416666666666666,176.75,6.2,983.0833333333334,24
2026-06-07,6.033333333333334,6.408333333333332,179.5,0.2916666666666667,27.141666666666666,83.79166666666667,8.779166666666667,182.20833333333334,7.5,983.4791666666666,24
2026-06-08,6.191666666666666,6.55,172.20833333333334,0.5833333333333334,27.366666666666664,82.75,8.829166666666667,186.45833333333334,1.5,982.9083333333333,24
2026-06-09,12.108333333333334,14.362499999999999,171.375,2.7916666666666665,28.0125,79.58333333333333,9.320833333333333,171.45833333333334,2.2,982.5625,24
2026-06-10,8.041666666666666,9.495833333333334,191.41666666666666,1.25,27.71666666666667,81.16666666666667,8.512500000000001,167.0,14.8,984.2291666666666,24
2026-06-11,6.233333333333333,6.641666666666667,196.125,0.0,26.829166666666666,83.875,7.808333333333334,177.66666666666666,17.7,987.0458333333332,24
2026-06-12,5.258333333333334,5.6375,207.20833333333334,0.16666666666666666,26.84166666666667,82.5,8.025,184.25,15.0,988.5916666666667,24
2026-06-13,6.754166666666666,7.604166666666667,189.54166666666666,0.3333333333333333,27.05,84.25,6.145833333333333,191.125,4.9,986.9333333333334,24
2026-06-14,6.166666666666667,7.033333333333334,150.29166666666666,0.7083333333333334,27.825,77.79166666666667,9.258333333333333,187.125,1.7,984.6125000000001,24
2026-06-15,5.120833333333334,5.541666666666667,178.20833333333334,0.25,27.474999999999998,78.70833333333333,9.291666666666666,181.70833333333334,0.9,984.9083333333333,24
2026-06-16,6.966666666666666,8.683333333333334,181.41666666666666,1.7083333333333333,27.625,80.04166666666667,6.958333333333333,181.16666666666666,3.9,985.5458333333332,24
2026-06-17,6.066666666666666,7.425,202.91666666666666,1.5416666666666667,27.09166666666667,83.58333333333333,7.929166666666667,179.29166666666666,3.1,986.0666666666666,24
2026-06-18,8.1,10.004166666666666,168.875,1.9583333333333333,26.920833333333334,82.70833333333333,6.870833333333334,190.08333333333334,3.9,985.8166666666666,24
2026-06-19,10.979166666666666,17.041666666666668,181.79166666666666,8.541666666666666,27.983333333333334,78.16666666666667,6.395833333333333,188.125,2.1,985.2583333333333,24
2026-06-20,6.7625,9.433333333333334,188.5,3.3333333333333335,27.650000000000002,82.20833333333333,5.945833333333333,162.20833333333334,10.200000000000001,985.525,24
2026-06-21,9.520833333333334,13.858333333333334,159.625,4.958333333333333,27.441666666666666,81.70833333333333,5.120833333333334,168.875,3.1,986.2791666666667,24
2026-06-22,7.833333333333333,10.858333333333334,181.83333333333334,3.2916666666666665,27.09583333333333,81.25,4.358333333333333,201.95833333333334,1.3,985.5541666666667,24
2026-06-23,7.341666666666666,10.291666666666666,185.875,3.875,27.72083333333333,76.54166666666667,8.379166666666666,189.66666666666666,1.6,983.6708333333332,24
2026-06-24,5.395833333333333,6.241666666666667,177.16666666666666,0.5,28.837500000000002,72.41666666666667,7.3625,194.70833333333334,1.0,982.9375,24
2026-06-25,6.5625,7.220833333333334,169.79166666666666,0.25,28.96666666666667,74.91666666666667,7.308333333333334,202.83333333333334,0.8,983.1875,24
2026-06-26,4.679166666666666,5.2749999999999995,217.45833333333334,0.0,28.479166666666668,69.20833333333333,8.9,183.45833333333334,0.0,983.6333333333333,24
2026-06-27,5.433333333333334,5.7625,173.75,0.3333333333333333,28.8125,72.58333333333333,6.620833333333334,176.08333333333334,0.5,982.9250000000001,24
2026-06-28,6.845833333333334,7.616666666666667,189.16666666666666,0.25,27.15833333333333,86.70833333333333,3.9583333333333335,197.125,10.1,982.4583333333334,24
2026-06-29,7.141666666666667,7.691666666666666,205.0,0.4166666666666667,27.02916666666667,89.66666666666667,4.7375,163.125,24.3,981.9416666666666,24
2026-06-30,6.233333333333333,6.625,192.875,0.375,26.416666666666668,87.5,6.270833333333333,166.25,12.0,982.525,24
2026-07-01,7.516666666666667,8.2875,180.29166666666666,0.875,25.900000000000002,91.66666666666667,5.179166666666666,186.04166666666666,34.6,982.4041666666667,24
2026-07-02,6.183333333333334,6.558333333333334,180.70833333333334,0.3333333333333333,26.474999999999998,90.125,3.141666666666667,188.375,27.0,982.7583333333333,24
2026-07-03,5.920833333333333,6.2749999999999995,179.875,0.0,27.400000000000002,84.54166666666667,4.904166666666667,204.16666666666666,10.1,982.6875,24
2026-07-04,7.645833333333333,8.6625,180.95833333333334,0.7083333333333334,27.175,85.0,5.841666666666666,198.0,20.1,982.3041666666667,24
2026-07-05,5.9875,7.158333333333334,149.79166666666666,1.2916666666666667,26.84166666666667,84.875,7.958333333333333,161.29166666666666,17.6,983.9416666666666,24
2026-07-06,7.2,9.541666666666666,155.0,3.1666666666666665,26.587500000000002,87.20833333333333,7.929166666666667,178.58333333333334,7.5,984.0041666666666,24
2026-07-07,10.083333333333334,14.604166666666666,170.33333333333334,6.416666666666667,27.46666666666667,79.375,7.208333333333333,177.70833333333334,6.6,983.5625,24
2026-07-08,9.133333333333333,13.508333333333333,193.66666666666666,6.083333333333333,26.333333333333332,82.83333333333333,7.45,197.375,13.2,983.7458333333334,24
2026-07-09,6.641666666666667,9.674999999999999,196.75,4.291666666666667,24.541666666666668,96.58333333333333,6.741666666666667,154.58333333333334,15.8,983.5041666666666,24
2026-07-10,6.370833333333334,10.270833333333334,176.91666666666666,6.458333333333333,24.633333333333336,92.54166666666667,10.079166666666667,185.95833333333334,9.4,983.0833333333334,24
2026-07-11,6.5375000000000005,10.299999999999999,185.79166666666666,6.333333333333333,26.03333333333333,88.16666666666667,8.058333333333334,188.91666666666666,5.9,980.65,24
2026-07-12,7.8875,8.879166666666666,162.75,1.125,26.708333333333332,87.45833333333333,5.858333333333333,171.75,8.9,978.9583333333334,24
2026-07-13,7.429166666666667,10.333333333333334,173.54166666666666,5.166666666666667,26.554166666666664,86.04166666666667,4.995833333333334,168.75,2.7,980.4791666666666,24
2026-07-14,9.375,15.370833333333332,188.91666666666666,10.708333333333334,26.45,84.29166666666667,7.566666666666666,173.83333333333334,2.0,982.2583333333333,24
2026-07-15,8.770833333333334,14.383333333333333,181.75,9.041666666666666,27.170833333333334,79.20833333333333,8.020833333333334,188.66666666666666,0.5,984.3291666666668,24
2026-07-16,10.170833333333333,17.4375,175.75,11.916666666666666,26.070833333333336,86.95833333333333,7.816666666666666,180.70833333333334,8.4,985.0208333333334,24
2026-07-17,9.270833333333334,13.666666666666666,217.625,7.25,25.745833333333334,88.91666666666667,6.904166666666666,177.66666666666666,4.3,984.8375,24
2026-07-18,14.816666666666668,23.733333333333334,226.20833333333334,15.583333333333334,25.34166666666667,89.08333333333333,3.891666666666667,203.91666666666666,3.3000000000000003,984.6791666666667,24
2026-07-19,22.287499999999998,41.99583333333333,223.91666666666666,33.125,25.558333333333334,88.5,3.7708333333333335,172.16666666666666,1.3,984.8583333333332,24
2026-07-20,13.841666666666667,23.666666666666668,224.125,16.291666666666668,24.666666666666668,94.25,1.8291666666666666,172.41666666666666,13.4,985.5291666666667,24
2026-07-21,9.174999999999999,14.025,243.91666666666666,7.25,24.820833333333336,92.16666666666667,5.6000000000000005,190.04166666666666,7.6,985.7583333333333,24
2026-07-22,5.720833333333334,6.529166666666666,192.625,1.125,25.670833333333334,90.79166666666667,5.791666666666667,173.45833333333334,21.7,985.3416666666667,24
2026-07-23,10.483333333333333,11.804166666666667,266.8333333333333,2.125,25.77916666666667,92.0,3.9458333333333333,161.08333333333334,13.7,983.2125,24
2026-07-24,14.333333333333334,17.837500000000002,198.95833333333334,6.541666666666667,26.116666666666664,89.375,3.5083333333333333,182.75,14.600000000000001,981.6999999999999,24
2026-07-25,5.5625,6.5125,179.66666666666666,1.875,25.77916666666667,91.08333333333333,3.4333333333333336,189.625,23.6,981.9666666666667,24
2026-07-26,6.283333333333334,7.633333333333334,155.5,2.3333333333333335,26.650000000000002,88.95833333333333,5.691666666666666,183.95833333333334,19.4,982.0541666666667,24
2026-07-27,6.366666666666667,7.675,162.29166666666666,2.0416666666666665,25.650000000000002,93.29166666666667,5.675,185.45833333333334,19.7,981.9708333333333,24
2026-07-28,7.966666666666666,9.799999999999999,210.29166666666666,3.0,26.191666666666666,91.0,4.129166666666666,185.04166666666666,21.4,982.5041666666666,24
2026-07-29,12.220833333333333,16.408333333333335,254.58333333333334,6.875,25.829166666666666,90.91666666666667,3.1125000000000003,243.5,33.4,982.8708333333334,24
2026-07-30,5.125,5.8999999999999995,184.75,1.4583333333333333,25.683333333333334,92.66666666666667,3.8666666666666667,163.04166666666666,24.2,982.9125,24
2026-07-31,6.041666666666667,6.45,200.45833333333334,0.875,25.59583333333333,91.91666666666667,3.525,160.29166666666666,27.6,983.15,24
2026-08-01,6.379166666666666,6.904166666666666,174.125,0.7916666666666666,25.40833333333333,94.45833333333333,3.9625,185.875,21.2,982.775,24
2026-08-02,6.095833333333334,6.916666666666667,156.83333333333334,1.5,25.84166666666667,90.54166666666667,6.870833333333334,156.875,21.0,983.0791666666668,24
2026-08-03,11.908333333333333,15.345833333333333,167.5,5.166666666666667,26.866666666666664,87.08333333333333,5.7250000000000005,170.58333333333334,8.1,983.525,24
2026-08-04,8.950000000000001,10.9,178.125,2.875,25.770833333333332,93.08333333333333,4.266666666666667,148.20833333333334,30.8,984.1416666666668,24
2026-08-05,4.454166666666667,4.916666666666667,203.625,0.7083333333333334,25.104166666666668,97.33333333333333,4.1000000000000005,189.41666666666666,29.7,982.7666666666668,24
2026-08-06,5.6000000000000005,6.604166666666667,180.625,1.2916666666666667,25.729166666666668,93.25,5.016666666666667,171.95833333333334,33.0,981.8249999999999,24
2026-08-07,6.6625000000000005,7.783333333333334,188.29166666666666,1.625,25.170833333333334,95.375,4.0875,165.41666666666666,70.1,981.9125,24
2026-08-08,8.049999999999999,9.329166666666667,173.95833333333334,0.75,25.379166666666666,93.45833333333333,3.6166666666666667,176.16666666666666,19.6,983.8541666666666,24
2026-08-09,8.762500000000001,10.216666666666667,155.08333333333334,1.375,25.754166666666666,93.66666666666667,4.045833333333333,164.95833333333334,15.6,983.2833333333333,24
2026-08-10,6.545833333333333,7.554166666666666,154.33333333333334,1.5416666666666667,26.537499999999998,88.70833333333333,5.870833333333334,160.25,10.7,981.5041666666666,24
2026-08-11,6.366666666666667,6.8875,184.5,0.8333333333333334,25.349999999999998,93.5,5.7625,143.29166666666666,19.1,981.8583333333332,24
2026-08-12,7.604166666666667,8.3125,171.20833333333334,1.25,26.804166666666664,84.625,5.7749999999999995,198.70833333333334,8.7,983.5041666666666,24
2026-08-13,10.0,11.495833333333332,185.25,2.25,27.2625,85.66666666666667,5.395833333333333,206.79166666666666,3.7,982.4916666666667,24
2026-08-14,7.616666666666667,8.395833333333334,199.16666666666666,1.3333333333333333,26.037499999999998,92.375,4.158333333333333,155.41666666666666,29.4,982.3708333333334,24
2026-08-15,9.429166666666667,11.979166666666666,165.20833333333334,4.25,26.854166666666668,85.70833333333333,5.483333333333333,185.70833333333334,4.5,982.8833333333333,24
2026-08-16,6.729166666666667,7.5,156.79166666666666,1.5,26.325,87.41666666666667,6.204166666666667,196.33333333333334,13.5,984.2125,24
2026-08-17,9.620833333333334,11.2875,171.04166666666666,2.75,26.891666666666666,87.70833333333333,3.725,173.41666666666666,7.7,985.1625,24
2026-08-18,12.566666666666668,16.266666666666666,206.54166666666666,6.208333333333333,26.587500000000002,92.45833333333333,4.2375,177.91666666666666,17.400000000000002,983.625,24
2026-08-19,6.45,7.791666666666667,226.54166666666666,2.2083333333333335,24.954166666666666,97.33333333333333,3.329166666666667,146.91666666666666,44.9,981.8666666666667,24
2026-08-20,6.379166666666666,7.125,203.875,1.25,25.541666666666668,92.25,5.75,198.04166666666666,20.1,981.5458333333332,24
2026-08-21,6.283333333333334,6.6375,179.08333333333334,0.5833333333333334,26.087500000000002,87.95833333333333,7.995833333333334,176.875,4.1,982.8166666666666,24
2026-08-22,6.620833333333334,8.275,170.625,2.5833333333333335,26.583333333333332,88.29166666666667,6.3625,178.5,5.4,983.8625000000001,24
2026-08-23,7.5249999999999995,9.129166666666666,156.875,2.1666666666666665,26.4875,88.125,6.379166666666666,185.33333333333334,3.6,983.9166666666666,24
2026-08-24,6.866666666666667,8.5375,201.125,2.875,26.816666666666666,89.08333333333333,4.741666666666666,187.875,3.9,982.8916666666668,24
2026-08-25,8.566666666666666,12.016666666666666,192.375,5.583333333333333,27.083333333333332,88.95833333333333,5.916666666666667,179.0,5.2,982.4458333333333,24
2026-08-26,7.754166666666666,9.262500000000001,173.95833333333334,1.8333333333333333,27.125,86.16666666666667,6.325,182.0,2.0,982.0,24
2026-08-27,4.6499999999999995,5.120833333333334,181.91666666666666,0.4583333333333333,27.020833333333332,84.66666666666667,8.441666666666666,176.08333333333334,3.8,982.1458333333334,24
2026-08-28,5.354166666666667,6.7749999999999995,177.70833333333334,2.1666666666666665,26.8125,82.45833333333333,8.450000000000001,182.45833333333334,1.2,982.7541666666666,24
2026-08-29,5.516666666666667,6.945833333333333,173.79166666666666,2.125,26.412499999999998,89.66666666666667,6.2749999999999995,170.5,9.3,983.0916666666667,24
2026-08-30,6.741666666666667,9.770833333333334,171.5,4.625,24.8875,96.16666666666667,3.158333333333333,151.95833333333334,24.6,984.0791666666668,24
2026-08-31,4.2,4.995833333333334,156.54166666666666,1.375,25.195833333333336,93.375,4.4750000000000005,126.16666666666667,20.6,984.1416666666668,24
2026-09-01,7.7749999999999995,8.558333333333334,225.91666666666666,1.5,26.320833333333336,89.95833333333333,3.641666666666667,163.79166666666666,8.8,985.4833333333332,24
2026-09-02,13.5625,15.825000000000001,198.16666666666666,3.9166666666666665,26.704166666666666,86.54166666666667,4.166666666666667,181.04166666666666,4.7,985.6125000000001,24
